# CentOS 7.9.2009 final package versions in vault.centos.org/7.9.2009/{os,updates}/x86_64/Packages/
# name<TAB>version-release (no epoch: vault file names carry none). Generated 2026-10-08; CentOS 7 is frozen.
389-ds-base	1.3.11.1-5.el7_9
389-ds-base-devel	1.3.11.1-5.el7_9
389-ds-base-libs	1.3.11.1-5.el7_9
389-ds-base-snmp	1.3.11.1-5.el7_9
Cython	0.19-5.el7
ElectricFence	2.2.2-39.el7
GConf2	3.2.6-8.el7
GConf2-devel	3.2.6-8.el7
GeoIP	1.5.0-14.el7
GeoIP-data	1.5.0-14.el7
GeoIP-devel	1.5.0-14.el7
ImageMagick	6.9.10.68-7.el7_9
ImageMagick-c++	6.9.10.68-7.el7_9
ImageMagick-c++-devel	6.9.10.68-7.el7_9
ImageMagick-devel	6.9.10.68-7.el7_9
ImageMagick-doc	6.9.10.68-7.el7_9
ImageMagick-perl	6.9.10.68-7.el7_9
LibRaw	0.19.4-2.el7_9
LibRaw-devel	0.19.4-2.el7_9
LibRaw-static	0.19.4-2.el7_9
ModemManager	1.6.10-4.el7
ModemManager-devel	1.6.10-4.el7
ModemManager-glib	1.6.10-4.el7
ModemManager-glib-devel	1.6.10-4.el7
ModemManager-vala	1.6.10-4.el7
MySQL-python	1.2.5-1.el7
NetworkManager	1.18.8-2.el7_9
NetworkManager-adsl	1.18.8-2.el7_9
NetworkManager-bluetooth	1.18.8-2.el7_9
NetworkManager-config-server	1.18.8-2.el7_9
NetworkManager-dispatcher-routing-rules	1.18.8-2.el7_9
NetworkManager-glib	1.18.8-2.el7_9
NetworkManager-glib-devel	1.18.8-2.el7_9
NetworkManager-libnm	1.18.8-2.el7_9
NetworkManager-libnm-devel	1.18.8-2.el7_9
NetworkManager-libreswan	1.2.4-2.el7
NetworkManager-libreswan-gnome	1.2.4-2.el7
NetworkManager-ovs	1.18.8-2.el7_9
NetworkManager-ppp	1.18.8-2.el7_9
NetworkManager-team	1.18.8-2.el7_9
NetworkManager-tui	1.18.8-2.el7_9
NetworkManager-wifi	1.18.8-2.el7_9
NetworkManager-wwan	1.18.8-2.el7_9
ORBit2	2.14.19-13.el7
ORBit2-devel	2.14.19-13.el7
OVMF	20180508-6.gitee3198e672e2.el7
OpenEXR	1.7.1-8.el7
OpenEXR-devel	1.7.1-8.el7
OpenEXR-libs	1.7.1-8.el7
OpenIPMI	2.0.27-1.el7
OpenIPMI-devel	2.0.27-1.el7
OpenIPMI-libs	2.0.27-1.el7
OpenIPMI-modalias	2.0.27-1.el7
OpenIPMI-perl	2.0.27-1.el7
OpenIPMI-python	2.0.27-1.el7
PackageKit	1.1.10-2.el7.centos
PackageKit-command-not-found	1.1.10-2.el7.centos
PackageKit-cron	1.1.10-2.el7.centos
PackageKit-glib	1.1.10-2.el7.centos
PackageKit-glib-devel	1.1.10-2.el7.centos
PackageKit-gstreamer-plugin	1.1.10-2.el7.centos
PackageKit-gtk3-module	1.1.10-2.el7.centos
PackageKit-yum	1.1.10-2.el7.centos
PackageKit-yum-plugin	1.1.10-2.el7.centos
PyGreSQL	4.0-9.el7
PyOpenGL	3.0.1-6.el7
PyOpenGL-Tk	3.0.1-6.el7
PyPAM	0.5.0-19.el7
PyQt4	4.10.1-13.el7
PyQt4-devel	4.10.1-13.el7
PyYAML	3.10-11.el7
SDL	1.2.15-17.el7
SDL-devel	1.2.15-17.el7
SDL-static	1.2.15-17.el7
SOAPpy	0.11.6-17.el7
a2ps	4.14-23.el7
abattis-cantarell-fonts	0.0.25-1.el7
abrt	2.1.11-60.el7.centos
abrt-addon-ccpp	2.1.11-60.el7.centos
abrt-addon-kerneloops	2.1.11-60.el7.centos
abrt-addon-pstoreoops	2.1.11-60.el7.centos
abrt-addon-python	2.1.11-60.el7.centos
abrt-addon-upload-watch	2.1.11-60.el7.centos
abrt-addon-vmcore	2.1.11-60.el7.centos
abrt-addon-xorg	2.1.11-60.el7.centos
abrt-cli	2.1.11-60.el7.centos
abrt-console-notification	2.1.11-60.el7.centos
abrt-dbus	2.1.11-60.el7.centos
abrt-desktop	2.1.11-60.el7.centos
abrt-devel	2.1.11-60.el7.centos
abrt-gui	2.1.11-60.el7.centos
abrt-gui-devel	2.1.11-60.el7.centos
abrt-gui-libs	2.1.11-60.el7.centos
abrt-java-connector	1.0.6-12.el7
abrt-libs	2.1.11-60.el7.centos
abrt-python	2.1.11-60.el7.centos
abrt-python-doc	2.1.11-60.el7.centos
abrt-retrace-client	2.1.11-60.el7.centos
abrt-tui	2.1.11-60.el7.centos
accountsservice	0.6.50-7.el7
accountsservice-devel	0.6.50-7.el7
accountsservice-libs	0.6.50-7.el7
acl	2.2.51-15.el7
acpica-tools	20160527-3.el7
acpid	2.0.19-9.el7
acpid-sysvinit	2.0.19-9.el7
adcli	0.8.1-16.el7_9.1
adobe-mappings-cmap	20171205-3.el7
adobe-mappings-cmap-deprecated	20171205-3.el7
adobe-mappings-cmap-devel	20171205-3.el7
adobe-mappings-pdf	20180407-1.el7
adobe-mappings-pdf-devel	20180407-1.el7
advancecomp	1.15-22.el7
adwaita-cursor-theme	3.28.0-1.el7
adwaita-gtk2-theme	3.28-2.el7
adwaita-icon-theme	3.28.0-1.el7
adwaita-icon-theme-devel	3.28.0-1.el7
adwaita-qt	1.0-1.el7
adwaita-qt-common	1.0-1.el7
adwaita-qt4	1.0-1.el7
adwaita-qt5	1.0-1.el7
aether	1.13.1-13.el7
aether-api	1.13.1-13.el7
aether-connector-file	1.13.1-13.el7
aether-connector-wagon	1.13.1-13.el7
aether-impl	1.13.1-13.el7
aether-javadoc	1.13.1-13.el7
aether-spi	1.13.1-13.el7
aether-test-util	1.13.1-13.el7
aether-util	1.13.1-13.el7
agg	2.5-18.el7
agg-devel	2.5-18.el7
aic94xx-firmware	30-6.el7
aide	0.15.1-13.el7_9.1
akonadi	1.9.2-4.el7
akonadi-devel	1.9.2-4.el7
akonadi-mysql	1.9.2-4.el7
alacarte	3.11.91-1.el7
alsa-firmware	1.0.28-2.el7
alsa-lib	1.1.8-1.el7
alsa-lib-devel	1.1.8-1.el7
alsa-plugins-arcamav	1.1.6-1.el7
alsa-plugins-maemo	1.1.6-1.el7
alsa-plugins-oss	1.1.6-1.el7
alsa-plugins-pulseaudio	1.1.6-1.el7
alsa-plugins-samplerate	1.1.6-1.el7
alsa-plugins-speex	1.1.6-1.el7
alsa-plugins-upmix	1.1.6-1.el7
alsa-plugins-usbstream	1.1.6-1.el7
alsa-plugins-vdownmix	1.1.6-1.el7
alsa-tools	1.1.0-1.el7
alsa-tools-firmware	1.1.0-1.el7
alsa-utils	1.1.8-2.el7
amanda	3.3.3-22.el7
amanda-client	3.3.3-22.el7
amanda-libs	3.3.3-22.el7
amanda-server	3.3.3-22.el7
anaconda	21.48.22.159-1.el7.centos
anaconda-core	21.48.22.159-1.el7.centos
anaconda-dracut	21.48.22.159-1.el7.centos
anaconda-gui	21.48.22.159-1.el7.centos
anaconda-tui	21.48.22.159-1.el7.centos
anaconda-user-help	7.5.3-1.el7
anaconda-widgets	21.48.22.159-1.el7.centos
anaconda-widgets-devel	21.48.22.159-1.el7.centos
ant	1.9.4-2.el7
ant-antlr	1.9.4-2.el7
ant-antunit	1.2-10.el7
ant-antunit-javadoc	1.2-10.el7
ant-apache-bcel	1.9.4-2.el7
ant-apache-bsf	1.9.4-2.el7
ant-apache-log4j	1.9.4-2.el7
ant-apache-oro	1.9.4-2.el7
ant-apache-regexp	1.9.4-2.el7
ant-apache-resolver	1.9.4-2.el7
ant-apache-xalan2	1.9.4-2.el7
ant-commons-logging	1.9.4-2.el7
ant-commons-net	1.9.4-2.el7
ant-contrib	1.0-0.23.b3.el7
ant-contrib-javadoc	1.0-0.23.b3.el7
ant-javadoc	1.9.4-2.el7
ant-javamail	1.9.4-2.el7
ant-jdepend	1.9.4-2.el7
ant-jmf	1.9.4-2.el7
ant-jsch	1.9.4-2.el7
ant-junit	1.9.4-2.el7
ant-manual	1.9.4-2.el7
ant-swing	1.9.4-2.el7
ant-testutil	1.9.4-2.el7
antlr-C++	2.7.7-30.el7
antlr-C++-doc	2.7.7-30.el7
antlr-javadoc	2.7.7-30.el7
antlr-manual	2.7.7-30.el7
antlr-python	2.7.7-30.el7
antlr-tool	2.7.7-30.el7
aopalliance	1.0-8.el7
aopalliance-javadoc	1.0-8.el7
apache-commons-beanutils	1.8.3-15.el7_7
apache-commons-beanutils-javadoc	1.8.3-15.el7_7
apache-commons-cli	1.2-13.el7
apache-commons-cli-javadoc	1.2-13.el7
apache-commons-codec	1.8-7.el7
apache-commons-codec-javadoc	1.8-7.el7
apache-commons-collections	3.2.1-22.el7_2
apache-commons-collections-javadoc	3.2.1-22.el7_2
apache-commons-collections-testframework	3.2.1-22.el7_2
apache-commons-collections-testframework-javadoc	3.2.1-22.el7_2
apache-commons-compress	1.5-4.el7
apache-commons-compress-javadoc	1.5-4.el7
apache-commons-configuration	1.9-8.el7
apache-commons-configuration-javadoc	1.9-8.el7
apache-commons-daemon	1.0.13-7.el7
apache-commons-daemon-javadoc	1.0.13-7.el7
apache-commons-daemon-jsvc	1.0.13-7.el7
apache-commons-dbcp	1.4-17.el7
apache-commons-dbcp-javadoc	1.4-17.el7
apache-commons-digester	1.8.1-19.el7
apache-commons-digester-javadoc	1.8.1-19.el7
apache-commons-exec	1.1-11.el7
apache-commons-exec-javadoc	1.1-11.el7
apache-commons-io	2.4-12.el7
apache-commons-io-javadoc	2.4-12.el7
apache-commons-jexl	2.1.1-9.el7
apache-commons-jexl-javadoc	2.1.1-9.el7
apache-commons-jxpath	1.3-20.el7
apache-commons-jxpath-javadoc	1.3-20.el7
apache-commons-lang	2.6-15.el7
apache-commons-lang-javadoc	2.6-15.el7
apache-commons-lang3	3.1-9.el7
apache-commons-lang3-javadoc	3.1-9.el7
apache-commons-logging	1.1.2-7.el7
apache-commons-logging-javadoc	1.1.2-7.el7
apache-commons-net	3.2-8.el7.centos
apache-commons-net-javadoc	3.2-8.el7.centos
apache-commons-parent	26-8.el7
apache-commons-pool	1.6-9.el7
apache-commons-pool-javadoc	1.6-9.el7
apache-commons-validator	1.4.0-8.el7
apache-commons-validator-javadoc	1.4.0-8.el7
apache-commons-vfs	2.0-11.el7
apache-commons-vfs-ant	2.0-11.el7
apache-commons-vfs-examples	2.0-11.el7
apache-commons-vfs-javadoc	2.0-11.el7
apache-ivy	2.3.0-4.el7
apache-ivy-javadoc	2.3.0-4.el7
apache-parent	10-14.el7
apache-rat	0.8-13.el7
apache-rat-core	0.8-13.el7
apache-rat-javadoc	0.8-13.el7
apache-rat-plugin	0.8-13.el7
apache-rat-tasks	0.8-13.el7
apache-resource-bundles	2-11.el7
appstream-data	7-20180614.el7
apr	1.4.8-7.el7
apr-devel	1.4.8-7.el7
apr-util	1.5.2-6.el7_9.1
apr-util-devel	1.5.2-6.el7_9.1
apr-util-ldap	1.5.2-6.el7_9.1
apr-util-mysql	1.5.2-6.el7_9.1
apr-util-nss	1.5.2-6.el7_9.1
apr-util-odbc	1.5.2-6.el7_9.1
apr-util-openssl	1.5.2-6.el7_9.1
apr-util-pgsql	1.5.2-6.el7_9.1
apr-util-sqlite	1.5.2-6.el7_9.1
aqute-bnd	0.0.363-11.el7
aqute-bnd-javadoc	0.0.363-11.el7
aqute-bndlib	1.50.0-8.el7
aqute-bndlib-javadoc	1.50.0-8.el7
args4j	2.0.16-13.el7
args4j-javadoc	2.0.16-13.el7
ark	4.10.5-4.el7
ark-libs	4.10.5-4.el7
arptables	0.0.4-8.el7
arpwatch	2.1a15-36.el7
asciidoc	8.6.8-5.el7
asciidoc-doc	8.6.8-5.el7
asciidoc-latex	8.6.8-5.el7
aspell	0.60.6.1-9.el7
aspell-devel	0.60.6.1-9.el7
at	3.1.13-25.el7_9
at-spi	1.32.0-12.el7
at-spi-devel	1.32.0-12.el7
at-spi-python	1.32.0-12.el7
at-spi2-atk	2.26.2-1.el7
at-spi2-atk-devel	2.26.2-1.el7
at-spi2-core	2.28.0-1.el7
at-spi2-core-devel	2.28.0-1.el7
at-sysvinit	3.1.13-25.el7_9
atinject	1-13.20100611svn86.el7
atinject-javadoc	1-13.20100611svn86.el7
atinject-tck	1-13.20100611svn86.el7
atk	2.28.1-2.el7
atk-devel	2.28.1-2.el7
atkmm	2.24.2-1.el7
atkmm-devel	2.24.2-1.el7
atkmm-doc	2.24.2-1.el7
atlas	3.10.1-12.el7
atlas-devel	3.10.1-12.el7
atlas-sse2	3.10.1-12.el7
atlas-sse3	3.10.1-12.el7
atlas-static	3.10.1-12.el7
attica	0.4.2-1.el7
attica-devel	0.4.2-1.el7
attr	2.4.46-13.el7
audiocd-kio	4.10.5-3.el7
audiocd-kio-devel	4.10.5-3.el7
audiocd-kio-libs	4.10.5-3.el7
audiofile	0.3.6-9.el7
audiofile-devel	0.3.6-9.el7
audispd-plugins	2.8.5-4.el7
audit	2.8.5-4.el7
audit-libs	2.8.5-4.el7
audit-libs-devel	2.8.5-4.el7
audit-libs-python	2.8.5-4.el7
audit-libs-static	2.8.5-4.el7
augeas	1.4.0-10.el7
augeas-devel	1.4.0-10.el7
augeas-libs	1.4.0-10.el7
authconfig	6.2.8-30.el7
authconfig-gtk	6.2.8-30.el7
authd	1.4.3-42.el7
autoconf	2.69-11.el7
autoconf-archive	2017.03.21-1.el7
autoconf213	2.13-31.el7
autocorr-af	5.3.6.1-26.el7_9
autocorr-bg	5.3.6.1-26.el7_9
autocorr-ca	5.3.6.1-26.el7_9
autocorr-cs	5.3.6.1-26.el7_9
autocorr-da	5.3.6.1-26.el7_9
autocorr-de	5.3.6.1-26.el7_9
autocorr-en	5.3.6.1-26.el7_9
autocorr-es	5.3.6.1-26.el7_9
autocorr-fa	5.3.6.1-26.el7_9
autocorr-fi	5.3.6.1-26.el7_9
autocorr-fr	5.3.6.1-26.el7_9
autocorr-ga	5.3.6.1-26.el7_9
autocorr-hr	5.3.6.1-26.el7_9
autocorr-hu	5.3.6.1-26.el7_9
autocorr-is	5.3.6.1-26.el7_9
autocorr-it	5.3.6.1-26.el7_9
autocorr-ja	5.3.6.1-26.el7_9
autocorr-ko	5.3.6.1-26.el7_9
autocorr-lb	5.3.6.1-26.el7_9
autocorr-lt	5.3.6.1-26.el7_9
autocorr-mn	5.3.6.1-26.el7_9
autocorr-nl	5.3.6.1-26.el7_9
autocorr-pl	5.3.6.1-26.el7_9
autocorr-pt	5.3.6.1-26.el7_9
autocorr-ro	5.3.6.1-26.el7_9
autocorr-ru	5.3.6.1-26.el7_9
autocorr-sk	5.3.6.1-26.el7_9
autocorr-sl	5.3.6.1-26.el7_9
autocorr-sr	5.3.6.1-26.el7_9
autocorr-sv	5.3.6.1-26.el7_9
autocorr-tr	5.3.6.1-26.el7_9
autocorr-vi	5.3.6.1-26.el7_9
autocorr-zh	5.3.6.1-26.el7_9
autofs	5.0.7-116.el7_9.1
autogen	5.18-5.el7
autogen-libopts	5.18-5.el7
autogen-libopts-devel	5.18-5.el7
automake	1.13.4-3.el7
automoc	1.0-0.20.rc3.el7
autotrace	0.31.1-38.el7
autotrace-devel	0.31.1-38.el7
avahi	0.6.31-20.el7
avahi-autoipd	0.6.31-20.el7
avahi-compat-howl	0.6.31-20.el7
avahi-compat-howl-devel	0.6.31-20.el7
avahi-compat-libdns_sd	0.6.31-20.el7
avahi-compat-libdns_sd-devel	0.6.31-20.el7
avahi-devel	0.6.31-20.el7
avahi-dnsconfd	0.6.31-20.el7
avahi-glib	0.6.31-20.el7
avahi-glib-devel	0.6.31-20.el7
avahi-gobject	0.6.31-20.el7
avahi-gobject-devel	0.6.31-20.el7
avahi-libs	0.6.31-20.el7
avahi-qt3	0.6.31-20.el7
avahi-qt3-devel	0.6.31-20.el7
avahi-qt4	0.6.31-20.el7
avahi-qt4-devel	0.6.31-20.el7
avahi-tools	0.6.31-20.el7
avahi-ui	0.6.31-20.el7
avahi-ui-devel	0.6.31-20.el7
avahi-ui-gtk3	0.6.31-20.el7
avahi-ui-tools	0.6.31-20.el7
avalon-framework	4.3-10.el7
avalon-framework-javadoc	4.3-10.el7
avalon-logkit	2.1-14.el7
avalon-logkit-javadoc	2.1-14.el7
awscli	1.23.2-1.el7_9.1
babel	0.9.6-8.el7
babl	0.1.10-10.el7
babl-devel	0.1.10-10.el7
babl-devel-docs	0.1.10-10.el7
bacula-client	5.2.13-23.1.el7
bacula-common	5.2.13-23.1.el7
bacula-console	5.2.13-23.1.el7
bacula-console-bat	5.2.13-23.1.el7
bacula-devel	5.2.13-23.1.el7
bacula-director	5.2.13-23.1.el7
bacula-libs	5.2.13-23.1.el7
bacula-libs-sql	5.2.13-23.1.el7
bacula-storage	5.2.13-23.1.el7
bacula-traymonitor	5.2.13-23.1.el7
baekmuk-ttf-batang-fonts	2.2-36.el7
baekmuk-ttf-dotum-fonts	2.2-36.el7
baekmuk-ttf-fonts-common	2.2-36.el7
baekmuk-ttf-fonts-ghostscript	2.2-36.el7
baekmuk-ttf-gulim-fonts	2.2-36.el7
baekmuk-ttf-hline-fonts	2.2-36.el7
baobab	3.28.0-2.el7
base64coder	20101219-10.el7
base64coder-javadoc	20101219-10.el7
basesystem	10.0-7.el7.centos
bash	4.2.46-35.el7_9
bash-completion	2.1-8.el7
bash-doc	4.2.46-35.el7_9
batik	1.8-0.12.svn1230816.el7
batik-demo	1.8-0.12.svn1230816.el7
batik-javadoc	1.8-0.12.svn1230816.el7
batik-rasterizer	1.8-0.12.svn1230816.el7
batik-slideshow	1.8-0.12.svn1230816.el7
batik-squiggle	1.8-0.12.svn1230816.el7
batik-svgpp	1.8-0.12.svn1230816.el7
batik-ttf2svg	1.8-0.12.svn1230816.el7
bc	1.06.95-13.el7
bcc	0.10.0-1.el7
bcc-devel	0.10.0-1.el7
bcc-doc	0.10.0-1.el7
bcc-tools	0.10.0-1.el7
bcel	5.2-19.el7_9
bcel-javadoc	5.2-19.el7_9
bea-stax	1.2.0-9.el7
bea-stax-api	1.2.0-9.el7
bea-stax-javadoc	1.2.0-9.el7
beust-jcommander	1.30-5.el7
beust-jcommander-javadoc	1.30-5.el7
bind	9.11.4-26.P2.el7_9.16
bind-chroot	9.11.4-26.P2.el7_9.16
bind-devel	9.11.4-26.P2.el7_9.16
bind-dyndb-ldap	11.1-7.el7_9.1
bind-export-devel	9.11.4-26.P2.el7_9.16
bind-export-libs	9.11.4-26.P2.el7_9.16
bind-libs	9.11.4-26.P2.el7_9.16
bind-libs-lite	9.11.4-26.P2.el7_9.16
bind-license	9.11.4-26.P2.el7_9.16
bind-lite-devel	9.11.4-26.P2.el7_9.16
bind-pkcs11	9.11.4-26.P2.el7_9.16
bind-pkcs11-devel	9.11.4-26.P2.el7_9.16
bind-pkcs11-libs	9.11.4-26.P2.el7_9.16
bind-pkcs11-utils	9.11.4-26.P2.el7_9.16
bind-sdb	9.11.4-26.P2.el7_9.16
bind-sdb-chroot	9.11.4-26.P2.el7_9.16
bind-utils	9.11.4-26.P2.el7_9.16
binutils	2.27-44.base.el7_9.1
binutils-devel	2.27-44.base.el7_9.1
biosdevname	0.7.3-2.el7
bison	3.0.4-2.el7
bison-devel	3.0.4-2.el7
bison-runtime	3.0.4-2.el7
bitmap-console-fonts	0.3-21.el7
bitmap-fangsongti-fonts	0.3-21.el7
bitmap-fixed-fonts	0.3-21.el7
bitmap-fonts-compat	0.3-21.el7
bitmap-lucida-typewriter-fonts	0.3-21.el7
blas	3.4.2-8.el7
blas-devel	3.4.2-8.el7
blas-static	3.4.2-8.el7
blas64	3.4.2-8.el7
blas64-devel	3.4.2-8.el7
blas64-static	3.4.2-8.el7
blivet3-data	3.1.3-3.el7
blktrace	1.0.5-9.el7
bltk	1.1.0-10.el7
bluedevil	2.1-1.el7
bluedevil-autostart	2.1-1.el7
bluez	5.44-7.el7
bluez-cups	5.44-7.el7
bluez-hid2hci	5.44-7.el7
bluez-libs	5.44-7.el7
bluez-libs-devel	5.44-7.el7
bmc-snmp-proxy	1.8.18-11.el7_9
bogofilter	1.2.5-1.el7
bogofilter-bogoupgrade	1.2.5-1.el7
bolt	0.7-1.el7
boost	1.53.0-28.el7
boost-atomic	1.53.0-28.el7
boost-build	1.53.0-28.el7
boost-chrono	1.53.0-28.el7
boost-context	1.53.0-28.el7
boost-date-time	1.53.0-28.el7
boost-devel	1.53.0-28.el7
boost-doc	1.53.0-28.el7
boost-examples	1.53.0-28.el7
boost-filesystem	1.53.0-28.el7
boost-graph	1.53.0-28.el7
boost-graph-mpich	1.53.0-28.el7
boost-graph-openmpi	1.53.0-28.el7
boost-iostreams	1.53.0-28.el7
boost-jam	1.53.0-28.el7
boost-locale	1.53.0-28.el7
boost-math	1.53.0-28.el7
boost-mpich	1.53.0-28.el7
boost-mpich-devel	1.53.0-28.el7
boost-mpich-python	1.53.0-28.el7
boost-openmpi	1.53.0-28.el7
boost-openmpi-devel	1.53.0-28.el7
boost-openmpi-python	1.53.0-28.el7
boost-program-options	1.53.0-28.el7
boost-python	1.53.0-28.el7
boost-random	1.53.0-28.el7
boost-regex	1.53.0-28.el7
boost-serialization	1.53.0-28.el7
boost-signals	1.53.0-28.el7
boost-static	1.53.0-28.el7
boost-system	1.53.0-28.el7
boost-test	1.53.0-28.el7
boost-thread	1.53.0-28.el7
boost-timer	1.53.0-28.el7
boost-wave	1.53.0-28.el7
booth	1.0-8.ef769ef.git.el7
booth-arbitrator	1.0-8.ef769ef.git.el7
booth-core	1.0-8.ef769ef.git.el7
booth-site	1.0-8.ef769ef.git.el7
booth-test	1.0-8.ef769ef.git.el7
bpftool	3.10.0-1160.119.1.el7
bpg-algeti-fonts	2.005-3.el7
bpg-chveulebrivi-fonts	3.002-3.el7
bpg-classic-fonts	8.500-3.el7
bpg-courier-fonts	4.002-3.el7
bpg-courier-s-fonts	4.000-3.el7
bpg-dedaena-block-fonts	3.005-3.el7
bpg-dejavu-sans-fonts	2.28-3.el7
bpg-elite-fonts	3.000-3.el7
bpg-excelsior-caps-fonts	2.003-3.el7
bpg-excelsior-condenced-fonts	2.003-3.el7
bpg-excelsior-fonts	2.03-3.el7
bpg-fonts-common	20120413-3.el7
bpg-glaho-fonts	9.000-3.el7
bpg-gorda-fonts	2.003-3.el7
bpg-ingiri-fonts	4.000-3.el7
bpg-irubaqidze-fonts	1.000-3.el7
bpg-mikhail-stephan-fonts	2.500-3.el7
bpg-mrgvlovani-caps-fonts	1.002-3.el7
bpg-mrgvlovani-fonts	1.002-3.el7
bpg-nateli-caps-fonts	2.003-3.el7
bpg-nateli-condenced-fonts	2.003-3.el7
bpg-nateli-fonts	2.003-3.el7
bpg-nino-medium-cond-fonts	4.005-3.el7
bpg-nino-medium-fonts	4.005-3.el7
bpg-sans-fonts	1.005-3.el7
bpg-sans-medium-fonts	1.005-3.el7
bpg-sans-modern-fonts	2.025-3.el7
bpg-sans-regular-fonts	1.005-3.el7
bpg-serif-fonts	1.005-3.el7
bpg-serif-modern-fonts	2.028-3.el7
bpg-ucnobi-fonts	3.300-3.el7
brasero	3.12.2-5.el7_9.1
brasero-devel	3.12.2-5.el7_9.1
brasero-libs	3.12.2-5.el7_9.1
brasero-nautilus	3.12.2-5.el7_9.1
bridge-utils	1.5-9.el7
brlapi	0.6.0-16.el7
brlapi-devel	0.6.0-16.el7
brlapi-java	0.6.0-16.el7
brltty	4.5-16.el7
brltty-at-spi	4.5-16.el7
brltty-at-spi2	4.5-16.el7
brltty-docs	4.5-16.el7
brltty-xw	4.5-16.el7
bsdcpio	3.1.2-14.el7_7
bsdtar	3.1.2-14.el7_7
bsf	2.4.0-19.el7
bsf-javadoc	2.4.0-19.el7
bsh	1.3.0-29.el7
bsh-demo	1.3.0-29.el7
bsh-javadoc	1.3.0-29.el7
bsh-manual	1.3.0-29.el7
bsh-utils	1.3.0-29.el7
btrfs-progs	4.9.1-1.el7
btrfs-progs-devel	4.9.1-1.el7
buildnumber-maven-plugin	1.2-7.el7
buildnumber-maven-plugin-javadoc	1.2-7.el7
bwidget	1.9.0-6.el7
byacc	1.9.20130304-3.el7
byaccj	1.15-8.el7
byteman	2.1.4.1-3.el7
byteman-javadoc	2.1.4.1-3.el7
bzip2	1.0.6-13.el7
bzip2-devel	1.0.6-13.el7
bzip2-libs	1.0.6-13.el7
bzr	2.5.1-14.el7
bzr-doc	2.5.1-14.el7
c-ares	1.10.0-3.el7_9.1
c-ares-devel	1.10.0-3.el7_9.1
ca-certificates	2023.2.60_v7.0.306-72.el7_9
cachefilesd	0.10.9-1.el7
cairo	1.15.12-4.el7
cairo-devel	1.15.12-4.el7
cairo-gobject	1.15.12-4.el7
cairo-gobject-devel	1.15.12-4.el7
cairo-tools	1.15.12-4.el7
cairomm	1.12.0-1.el7
cairomm-devel	1.12.0-1.el7
cairomm-doc	1.12.0-1.el7
cal10n	0.7.7-4.el7
cal10n-javadoc	0.7.7-4.el7
caribou	0.4.21-1.el7
caribou-antler	0.4.21-1.el7
caribou-devel	0.4.21-1.el7
caribou-gtk2-module	0.4.21-1.el7
caribou-gtk3-module	0.4.21-1.el7
cdi-api	1.0-11.SP4.el7
cdi-api-javadoc	1.0-11.SP4.el7
cdparanoia	10.2-17.el7
cdparanoia-devel	10.2-17.el7
cdparanoia-libs	10.2-17.el7
cdparanoia-static	10.2-17.el7
cdrdao	1.2.3-20.el7
cdrskin	1.2.8-4.el7
celt051	0.5.1.3-8.el7
celt051-devel	0.5.1.3-8.el7
centos-bookmarks	7-1.el7
centos-indexhtml	7-9.el7.centos
centos-logos	70.0.6-3.el7.centos
centos-release	7-9.2009.2.el7.centos
ceph-common	10.2.5-4.el7
certmonger	0.78.4-17.el7_9
cgdcbxd	1.0.2-7.el7
cglib	2.2-18.el7
cglib-javadoc	2.2-18.el7
check	0.9.9-5.el7
check-devel	0.9.9-5.el7
check-static	0.9.9-5.el7
checkpolicy	2.5-8.el7
cheese	3.28.0-1.el7
cheese-libs	3.28.0-1.el7
cheese-libs-devel	3.28.0-1.el7
chkconfig	1.7.6-1.el7
chrome-gnome-shell	10.1-4.el7
chrony	3.4-1.el7
chrpath	0.16-0.el7
cifs-utils	6.2-10.el7
cifs-utils-devel	6.2-10.el7
cim-schema	2.33.0-6.el7
cim-schema-docs	2.33.0-6.el7
cjkuni-ukai-fonts	0.2.20080216.1-51.el7
cjkuni-uming-fonts	0.2.20080216.1-53.el7
clevis	7-8.el7
clevis-dracut	7-8.el7
clevis-luks	7-8.el7
clevis-systemd	7-8.el7
clevis-udisks2	7-8.el7
cloud-init	19.4-7.el7.centos.6
cloud-utils-growpart	0.29-5.el7
clucene-contribs-lib	2.3.3.4-11.el7
clucene-core	2.3.3.4-11.el7
clucene-core-devel	2.3.3.4-11.el7
clufter-bin	0.77.1-1.el7
clufter-cli	0.77.1-1.el7
clufter-common	0.77.1-1.el7
clufter-lib-ccs	0.77.1-1.el7
clufter-lib-general	0.77.1-1.el7
clufter-lib-pcs	0.77.1-1.el7
clutter	1.26.2-2.el7
clutter-devel	1.26.2-2.el7
clutter-doc	1.26.2-2.el7
clutter-gst2	2.0.18-1.el7
clutter-gst2-devel	2.0.18-1.el7
clutter-gst3	3.0.26-1.el7
clutter-gst3-devel	3.0.26-1.el7
clutter-gtk	1.8.4-1.el7
clutter-gtk-devel	1.8.4-1.el7
clutter-tests	1.26.2-2.el7
cmake	2.8.12.2-2.el7
cmake-gui	2.8.12.2-2.el7
cmirror	2.02.187-6.el7_9.5
cmpi-bindings-pywbem	0.9.5-6.el7
cobertura	1.9.4.1-9.el7
cobertura-javadoc	1.9.4.1-9.el7
cockpit	195.10-1.el7.centos
cockpit-bridge	195.10-1.el7.centos
cockpit-doc	195.10-1.el7.centos
cockpit-machines-ovirt	195.10-1.el7.centos
cockpit-system	195.10-1.el7.centos
cockpit-ws	195.10-1.el7.centos
codehaus-parent	4-5.el7
codemodel	2.6-9.el7
codemodel-javadoc	2.6-9.el7
cogl	1.22.2-2.el7
cogl-devel	1.22.2-2.el7
cogl-doc	1.22.2-2.el7
cogl-tests	1.22.2-2.el7
color-filesystem	1-13.el7
colord	1.3.4-2.el7
colord-devel	1.3.4-2.el7
colord-devel-docs	1.3.4-2.el7
colord-extra-profiles	1.3.4-2.el7
colord-gtk	0.1.25-4.el7
colord-gtk-devel	0.1.25-4.el7
colord-kde	0.3.0-3.el7
colord-libs	1.3.4-2.el7
compat-cheese314	3.14.2-1.el7
compat-dapl	1.2.19-4.el7
compat-dapl-devel	1.2.19-4.el7
compat-dapl-static	1.2.19-4.el7
compat-dapl-utils	1.2.19-4.el7
compat-db	4.7.25-28.el7
compat-db-headers	4.7.25-28.el7
compat-db47	4.7.25-28.el7
compat-exiv2-023	0.23-2.el7
compat-exiv2-026	0.26-2.el7
compat-gcc-44	4.4.7-8.el7
compat-gcc-44-c++	4.4.7-8.el7
compat-gcc-44-gfortran	4.4.7-8.el7
compat-glade315	3.15.0-1.el7
compat-glew	1.9.0-7.el7
compat-glibc	2.12-4.el7.centos
compat-glibc-headers	2.12-4.el7.centos
compat-gnome-desktop314	3.14.2-1.el7
compat-grilo02	0.2.12-1.el7
compat-libcap1	1.10-7.el7
compat-libcogl-pango12	1.14.0-3.el7
compat-libcogl12	1.14.0-3.el7
compat-libcolord1	1.0.4-1.el7
compat-libf2c-34	3.4.6-32.el7
compat-libgdata13	0.13.3-1.el7
compat-libgfortran-41	4.1.2-45.el7
compat-libgnome-bluetooth11	3.8.2.1-2.el7
compat-libgnome-desktop3-7	3.8.4-2.el7
compat-libgweather3	3.8.2-1.el7
compat-libical1	1.0.1-2.el7
compat-libmediaart0	0.7.0-1.el7
compat-libmpc	1.0.1-3.el7
compat-libpackagekit-glib2-16	0.8.9-1.el7
compat-libstdc++-33	3.2.3-72.el7
compat-libtiff3	3.9.4-12.el7
compat-libupower-glib1	0.9.20-1.el7
compat-libxcb	1.9-1.el7
compat-openldap	2.3.43-5.el7
compat-openmpi16	1.6.4-10.7.2.el7
compat-openmpi16-devel	1.6.4-10.7.2.el7
compat-opensm-libs	3.3.15-3.el7
compat-poppler022	0.22.5-4.el7
compat-poppler022-cpp	0.22.5-4.el7
compat-poppler022-glib	0.22.5-4.el7
compat-poppler022-qt	0.22.5-4.el7
comps-extras	7-2.el7
conman	0.2.8-1.el7
conntrack-tools	1.4.4-7.el7
console-setup	1.111-1.el7
control-center	3.28.1-8.el7_9.1
control-center-filesystem	3.28.1-8.el7_9.1
convmv	1.15-2.el7
coolkey	1.1.0-40.el7
coolkey-devel	1.1.0-40.el7
copy-jdk-configs	3.3-11.el7_9
coreutils	8.22-24.el7_9.2
corosync	2.4.5-7.el7_9.2
corosync-qdevice	2.4.5-7.el7_9.2
corosync-qnetd	2.4.5-7.el7_9.2
corosynclib	2.4.5-7.el7_9.2
corosynclib-devel	2.4.5-7.el7_9.2
cpio	2.11-28.el7
cpp	4.8.5-44.el7
cpptest	1.1.1-9.el7
cpptest-devel	1.1.1-9.el7
cppunit	1.12.1-11.el7
cppunit-devel	1.12.1-11.el7
cppunit-doc	1.12.1-11.el7
cpuid	20170122-6.el7
cracklib	2.9.0-11.el7
cracklib-devel	2.9.0-11.el7
cracklib-dicts	2.9.0-11.el7
cracklib-python	2.9.0-11.el7
crash	7.2.3-11.el7_9.1
crash-devel	7.2.3-11.el7_9.1
crash-gcore-command	1.3.1-0.el7
crash-ptdump-command	1.0.3-3.el7
crash-trace-command	2.0-14.el7
crda	3.18_2018.05.31-4.el7
crda-devel	3.18_2018.05.31-4.el7
createrepo	0.9.9-28.el7
crit	3.12-2.el7
criu	3.12-2.el7
cronie	1.4.11-25.el7_9
cronie-anacron	1.4.11-25.el7_9
cronie-noanacron	1.4.11-25.el7_9
crontabs	1.11-6.20121102git.el7
crypto-utils	2.4.1-42.el7
cryptsetup	2.0.3-6.el7
cryptsetup-devel	2.0.3-6.el7
cryptsetup-libs	2.0.3-6.el7
cryptsetup-python	2.0.3-6.el7
cryptsetup-reencrypt	2.0.3-6.el7
cscope	15.8-10.el7
ctags	5.8-13.el7
ctags-etags	5.8-13.el7
ctdb	4.10.16-25.el7_9
ctdb-tests	4.10.16-25.el7_9
culmus-aharoni-clm-fonts	0.130-3.el7
culmus-caladings-clm-fonts	0.130-3.el7
culmus-david-clm-fonts	0.130-3.el7
culmus-drugulin-clm-fonts	0.130-3.el7
culmus-ellinia-clm-fonts	0.130-3.el7
culmus-fonts-common	0.130-3.el7
culmus-frank-ruehl-clm-fonts	0.130-3.el7
culmus-hadasim-clm-fonts	0.130-3.el7
culmus-keteryg-fonts	0.130-3.el7
culmus-miriam-clm-fonts	0.130-3.el7
culmus-miriam-mono-clm-fonts	0.130-3.el7
culmus-nachlieli-clm-fonts	0.130-3.el7
culmus-shofar-fonts	0.130-3.el7
culmus-simple-clm-fonts	0.130-3.el7
culmus-stamashkenaz-clm-fonts	0.130-3.el7
culmus-stamsefarad-clm-fonts	0.130-3.el7
culmus-yehuda-clm-fonts	0.130-3.el7
cups	1.6.3-52.el7_9
cups-client	1.6.3-52.el7_9
cups-devel	1.6.3-52.el7_9
cups-filesystem	1.6.3-52.el7_9
cups-filters	1.0.35-29.el7_9
cups-filters-devel	1.0.35-29.el7_9
cups-filters-libs	1.0.35-29.el7_9
cups-ipptool	1.6.3-52.el7_9
cups-libs	1.6.3-52.el7_9
cups-lpd	1.6.3-52.el7_9
cups-pk-helper	0.2.6-2.el7
curl	7.29.0-59.el7_9.2
custodia	0.3.1-4.el7
cvs	1.11.23-35.el7
cvs-contrib	1.11.23-35.el7
cvs-doc	1.11.23-35.el7
cvs-inetd	1.11.23-35.el7
cvsps	2.2-0.14.b1.el7
cyrus-imapd	2.4.17-15.el7
cyrus-imapd-devel	2.4.17-15.el7
cyrus-imapd-utils	2.4.17-15.el7
cyrus-sasl	2.1.26-24.el7_9
cyrus-sasl-devel	2.1.26-24.el7_9
cyrus-sasl-gs2	2.1.26-24.el7_9
cyrus-sasl-gssapi	2.1.26-24.el7_9
cyrus-sasl-ldap	2.1.26-24.el7_9
cyrus-sasl-lib	2.1.26-24.el7_9
cyrus-sasl-md5	2.1.26-24.el7_9
cyrus-sasl-ntlm	2.1.26-24.el7_9
cyrus-sasl-plain	2.1.26-24.el7_9
cyrus-sasl-scram	2.1.26-24.el7_9
cyrus-sasl-sql	2.1.26-24.el7_9
dapl	2.1.5-3.el7
dapl-devel	2.1.5-3.el7
dapl-static	2.1.5-3.el7
dapl-utils	2.1.5-3.el7
daxctl	65-6.el7_9
daxctl-devel	65-6.el7_9
daxctl-libs	65-6.el7_9
daxio	1.5.1-2.1.el7
dblatex	0.3.4-11.el7
dbus	1.10.24-15.el7
dbus-devel	1.10.24-15.el7
dbus-doc	1.10.24-15.el7
dbus-glib	0.100-7.el7
dbus-glib-devel	0.100-7.el7
dbus-libs	1.10.24-15.el7
dbus-python	1.1.1-9.el7
dbus-python-devel	1.1.1-9.el7
dbus-tests	1.10.24-15.el7
dbus-x11	1.10.24-15.el7
dbusmenu-qt	0.9.2-7.el7
dbusmenu-qt-devel	0.9.2-7.el7
dbusmenu-qt-devel-docs	0.9.2-7.el7
dbxtool	7-1.el7
dconf	0.28.0-4.el7
dconf-devel	0.28.0-4.el7
dconf-editor	3.28.0-1.el7
dcraw	9.19-6.el7
debugmode	9.49.53-1.el7_9.1
dejagnu	1.5.1-3.el7
dejavu-fonts-common	2.33-6.el7
dejavu-lgc-sans-fonts	2.33-6.el7
dejavu-lgc-sans-mono-fonts	2.33-6.el7
dejavu-lgc-serif-fonts	2.33-6.el7
dejavu-sans-fonts	2.33-6.el7
dejavu-sans-mono-fonts	2.33-6.el7
dejavu-serif-fonts	2.33-6.el7
deltaiso	3.6-3.el7
deltarpm	3.6-3.el7
desktop-file-utils	0.23-2.el7
devhelp	3.28.1-1.el7
devhelp-devel	3.28.1-1.el7
devhelp-libs	3.28.1-1.el7
device-mapper	1.02.170-6.el7_9.5
device-mapper-devel	1.02.170-6.el7_9.5
device-mapper-event	1.02.170-6.el7_9.5
device-mapper-event-devel	1.02.170-6.el7_9.5
device-mapper-event-libs	1.02.170-6.el7_9.5
device-mapper-libs	1.02.170-6.el7_9.5
device-mapper-multipath	0.4.9-136.el7_9
device-mapper-multipath-devel	0.4.9-136.el7_9
device-mapper-multipath-libs	0.4.9-136.el7_9
device-mapper-multipath-sysvinit	0.4.9-136.el7_9
device-mapper-persistent-data	0.8.5-3.el7_9.2
dhclient	4.2.5-83.el7.centos.2
dhcp	4.2.5-83.el7.centos.2
dhcp-common	4.2.5-83.el7.centos.2
dhcp-devel	4.2.5-83.el7.centos.2
dhcp-libs	4.2.5-83.el7.centos.2
dialog	1.2-5.20130523.el7
dialog-devel	1.2-5.20130523.el7
diffstat	1.57-4.el7
diffutils	3.3-6.el7_9
dirsplit	1.1.11-25.el7
dleyna-connector-dbus	0.2.0-2.el7
dleyna-connector-dbus-devel	0.2.0-2.el7
dleyna-core	0.5.0-1.el7
dleyna-core-devel	0.5.0-1.el7
dleyna-server	0.5.0-3.el7
dlm	4.0.7-1.el7
dlm-devel	4.0.7-1.el7
dlm-lib	4.0.7-1.el7
dmidecode	3.2-5.el7_9.1
dmraid	1.0.0.rc16-28.el7
dmraid-devel	1.0.0.rc16-28.el7
dmraid-events	1.0.0.rc16-28.el7
dmraid-events-logwatch	1.0.0.rc16-28.el7
dnsmasq	2.76-17.el7_9.3
dnsmasq-utils	2.76-17.el7_9.3
dnssec-trigger	0.11-22.el7
docbook-dtds	1.0-60.el7
docbook-simple	1.1-12.el7
docbook-slides	3.4.0-13.el7
docbook-style-dsssl	1.79-18.el7
docbook-style-xsl	1.78.1-3.el7
docbook-utils	0.6.14-36.el7
docbook-utils-pdf	0.6.14-36.el7
docbook5-schemas	5.0-10.el7
docbook5-style-xsl	1.78.1-4.el7
docbook5-style-xsl-extensions	1.78.1-4.el7
dom4j	1.6.1-20.el7
dom4j-demo	1.6.1-20.el7
dom4j-javadoc	1.6.1-20.el7
dom4j-manual	1.6.1-20.el7
dos2unix	6.0.3-7.el7
dosfstools	3.0.20-10.el7
dotconf	1.3-8.el7
dotconf-devel	1.3-8.el7
dovecot	2.2.36-8.el7
dovecot-devel	2.2.36-8.el7
dovecot-mysql	2.2.36-8.el7
dovecot-pgsql	2.2.36-8.el7
dovecot-pigeonhole	2.2.36-8.el7
doxygen	1.8.5-4.el7
doxygen-doxywizard	1.8.5-4.el7
doxygen-latex	1.8.5-4.el7
dracut	033-572.el7
dracut-caps	033-572.el7
dracut-config-generic	033-572.el7
dracut-config-rescue	033-572.el7
dracut-fips	033-572.el7
dracut-fips-aesni	033-572.el7
dracut-network	033-572.el7
dracut-tools	033-572.el7
dragon	4.10.5-3.el7
drm-utils	2.4.97-2.el7
dropwatch	1.4-9.el7
drpmsync	3.6-3.el7
dstat	0.7.2-12.el7
dtdinst	20091111-14.el7
dump	0.4-0.23.b44.el7
dumpet	2.1-8.el7
dvd+rw-tools	7.1-15.el7
dvgrab	3.5-9.el7
dwz	0.11-3.el7
dyninst	9.3.1-3.el7
dyninst-devel	9.3.1-3.el7
dyninst-doc	9.3.1-3.el7
dyninst-static	9.3.1-3.el7
dyninst-testsuite	9.3.1-3.el7
e2fsprogs	1.42.9-19.el7
e2fsprogs-devel	1.42.9-19.el7
e2fsprogs-libs	1.42.9-19.el7
e2fsprogs-static	1.42.9-19.el7
easymock	1.2-22.el7
easymock-javadoc	1.2-22.el7
easymock2	2.5.2-12.el7
easymock2-javadoc	2.5.2-12.el7
ebtables	2.0.10-16.el7
ecj	4.5.2-3.el7
ed	1.9-4.el7
edac-utils	0.16-16.el7
edac-utils-devel	0.16-16.el7
efax	0.9a-15.el7
efibootmgr	17-2.el7
efivar	36-12.el7
efivar-devel	36-12.el7
efivar-libs	36-12.el7
egl-utils	8.3.0-10.el7
ekiga	4.0.1-8.el7
elfutils	0.176-5.el7
elfutils-default-yama-scope	0.176-5.el7
elfutils-devel	0.176-5.el7
elfutils-devel-static	0.176-5.el7
elfutils-libelf	0.176-5.el7
elfutils-libelf-devel	0.176-5.el7
elfutils-libelf-devel-static	0.176-5.el7
elfutils-libs	0.176-5.el7
elinks	0.12-0.37.pre6.el7.0.1
emacs	24.3-23.el7_9.1
emacs-a2ps	4.14-23.el7
emacs-a2ps-el	4.14-23.el7
emacs-auctex	11.87-4.el7
emacs-auctex-doc	11.87-4.el7
emacs-common	24.3-23.el7_9.1
emacs-el	24.3-23.el7_9.1
emacs-filesystem	24.3-23.el7_9.1
emacs-gettext	0.19.8.1-3.el7
emacs-git	1.8.3.1-25.el7_9
emacs-git-el	1.8.3.1-25.el7_9
emacs-gnuplot	4.6.2-3.el7
emacs-gnuplot-el	4.6.2-3.el7
emacs-libidn	1.28-4.el7
emacs-mercurial	2.6.2-11.el7
emacs-mercurial-el	2.6.2-11.el7
emacs-nox	24.3-23.el7_9.1
emacs-php-mode	1.18.2-1.el7
emacs-terminal	24.3-23.el7_9.1
empathy	3.12.13-1.el7
enchant	1.6.0-8.el7
enchant-aspell	1.6.0-8.el7
enchant-devel	1.6.0-8.el7
enchant-voikko	1.6.0-8.el7
enscript	1.6.6-7.el7
environment-modules	3.2.10-10.el7
eog	3.28.3-1.el7
eog-devel	3.28.3-1.el7
epydoc	3.0.1-14.el7
esc	1.1.0-44.el7
espeak	1.47.11-4.el7
espeak-devel	1.47.11-4.el7
ethtool	4.8-10.el7
evince	3.28.2-10.el7
evince-browser-plugin	3.28.2-10.el7
evince-devel	3.28.2-10.el7
evince-dvi	3.28.2-10.el7
evince-libs	3.28.2-10.el7
evince-nautilus	3.28.2-10.el7
evolution	3.28.5-10.el7
evolution-bogofilter	3.28.5-10.el7
evolution-data-server	3.28.5-5.el7_9.1
evolution-data-server-devel	3.28.5-5.el7_9.1
evolution-data-server-doc	3.28.5-5.el7_9.1
evolution-data-server-langpacks	3.28.5-5.el7_9.1
evolution-data-server-perl	3.28.5-5.el7_9.1
evolution-data-server-tests	3.28.5-5.el7_9.1
evolution-devel	3.28.5-10.el7
evolution-devel-docs	3.28.5-10.el7
evolution-ews	3.28.5-8.el7_9
evolution-ews-langpacks	3.28.5-8.el7_9
evolution-help	3.28.5-10.el7
evolution-langpacks	3.28.5-10.el7
evolution-mapi	3.28.3-2.el7
evolution-mapi-langpacks	3.28.3-2.el7
evolution-pst	3.28.5-10.el7
evolution-spamassassin	3.28.5-10.el7
exchange-bmc-os-info	1.8.18-11.el7_9
exec-maven-plugin	1.2.1-13.el7
exec-maven-plugin-javadoc	1.2.1-13.el7
exempi	2.2.0-9.el7
exempi-devel	2.2.0-9.el7
exiv2	0.27.0-4.el7_8
exiv2-devel	0.27.0-4.el7_8
exiv2-doc	0.27.0-4.el7_8
exiv2-libs	0.27.0-4.el7_8
expat	2.1.0-15.el7_9
expat-devel	2.1.0-15.el7_9
expat-static	2.1.0-15.el7_9
expect	5.45-14.el7_1
expect-devel	5.45-14.el7_1
expectk	5.45-14.el7_1
fabtests	1.7.2-1.el7
farstream	0.1.2-8.el7
farstream-devel	0.1.2-8.el7
farstream-python	0.1.2-8.el7
farstream02	0.2.3-3.el7
farstream02-devel	0.2.3-3.el7
fcoe-utils	1.0.32-2.el7_6
fedfs-utils-admin	0.10.5-0.el7
fedfs-utils-client	0.10.5-0.el7
fedfs-utils-common	0.10.5-0.el7
fedfs-utils-devel	0.10.5-0.el7
fedfs-utils-lib	0.10.5-0.el7
fedfs-utils-nsdbparams	0.10.5-0.el7
fedfs-utils-python	0.10.5-0.el7
fedfs-utils-server	0.10.5-0.el7
felix-bundlerepository	1.6.6-15.el7
felix-bundlerepository-javadoc	1.6.6-15.el7
felix-framework	4.2.1-5.el7
felix-framework-javadoc	4.2.1-5.el7
felix-osgi-compendium	1.4.0-19.el7
felix-osgi-compendium-javadoc	1.4.0-19.el7
felix-osgi-core	1.4.0-15.el7
felix-osgi-core-javadoc	1.4.0-15.el7
felix-osgi-foundation	1.2.0-16.el7
felix-osgi-foundation-javadoc	1.2.0-16.el7
felix-osgi-obr	1.0.2-12.el7
felix-osgi-obr-javadoc	1.0.2-12.el7
felix-parent	1.2.1-15.el7
felix-shell	1.4.3-5.el7
felix-shell-javadoc	1.4.3-5.el7
felix-utils	1.2.0-5.el7
felix-utils-javadoc	1.2.0-5.el7
fence-agents-aliyun	4.2.1-41.el7_9.6
fence-agents-all	4.2.1-41.el7_9.6
fence-agents-amt-ws	4.2.1-41.el7_9.6
fence-agents-apc	4.2.1-41.el7_9.6
fence-agents-apc-snmp	4.2.1-41.el7_9.6
fence-agents-aws	4.2.1-41.el7_9.6
fence-agents-azure-arm	4.2.1-41.el7_9.6
fence-agents-bladecenter	4.2.1-41.el7_9.6
fence-agents-brocade	4.2.1-41.el7_9.6
fence-agents-cisco-mds	4.2.1-41.el7_9.6
fence-agents-cisco-ucs	4.2.1-41.el7_9.6
fence-agents-common	4.2.1-41.el7_9.6
fence-agents-compute	4.2.1-41.el7_9.6
fence-agents-drac5	4.2.1-41.el7_9.6
fence-agents-eaton-snmp	4.2.1-41.el7_9.6
fence-agents-emerson	4.2.1-41.el7_9.6
fence-agents-eps	4.2.1-41.el7_9.6
fence-agents-gce	4.2.1-41.el7_9.6
fence-agents-heuristics-ping	4.2.1-41.el7_9.6
fence-agents-hpblade	4.2.1-41.el7_9.6
fence-agents-ibmblade	4.2.1-41.el7_9.6
fence-agents-ifmib	4.2.1-41.el7_9.6
fence-agents-ilo-moonshot	4.2.1-41.el7_9.6
fence-agents-ilo-mp	4.2.1-41.el7_9.6
fence-agents-ilo-ssh	4.2.1-41.el7_9.6
fence-agents-ilo2	4.2.1-41.el7_9.6
fence-agents-intelmodular	4.2.1-41.el7_9.6
fence-agents-ipdu	4.2.1-41.el7_9.6
fence-agents-ipmilan	4.2.1-41.el7_9.6
fence-agents-kdump	4.2.1-41.el7_9.6
fence-agents-lpar	4.2.1-41.el7_9.6
fence-agents-mpath	4.2.1-41.el7_9.6
fence-agents-redfish	4.2.1-41.el7_9.6
fence-agents-rhevm	4.2.1-41.el7_9.6
fence-agents-rsa	4.2.1-41.el7_9.6
fence-agents-rsb	4.2.1-41.el7_9.6
fence-agents-sbd	4.2.1-41.el7_9.6
fence-agents-scsi	4.2.1-41.el7_9.6
fence-agents-virsh	4.2.1-41.el7_9.6
fence-agents-vmware-rest	4.2.1-41.el7_9.6
fence-agents-vmware-soap	4.2.1-41.el7_9.6
fence-agents-wti	4.2.1-41.el7_9.6
fence-sanlock	3.7.3-1.el7
fence-virt	0.3.2-16.el7
fence-virtd	0.3.2-16.el7
fence-virtd-libvirt	0.3.2-16.el7
fence-virtd-multicast	0.3.2-16.el7
fence-virtd-serial	0.3.2-16.el7
fence-virtd-tcp	0.3.2-16.el7
festival	1.96-28.el7
festival-devel	1.96-28.el7
festival-docs	1.4.2-28.el7
festival-freebsoft-utils	0.10-7.el7
festival-lib	1.96-28.el7
festival-speechtools-devel	1.2.96-28.el7
festival-speechtools-libs	1.2.96-28.el7
festival-speechtools-utils	1.2.96-28.el7
festvox-awb-arctic-hts	0.20061229-28.el7
festvox-bdl-arctic-hts	0.20061229-28.el7
festvox-clb-arctic-hts	0.20061229-28.el7
festvox-jmk-arctic-hts	0.20061229-28.el7
festvox-kal-diphone	0.19990610-28.el7
festvox-ked-diphone	0.19990610-28.el7
festvox-rms-arctic-hts	0.20061229-28.el7
festvox-slt-arctic-hts	0.20061229-28.el7
fetchmail	6.3.24-7.el7
fftw	3.3.3-8.el7
fftw-devel	3.3.3-8.el7
fftw-doc	3.3.3-8.el7
fftw-libs	3.3.3-8.el7
fftw-libs-double	3.3.3-8.el7
fftw-libs-long	3.3.3-8.el7
fftw-libs-single	3.3.3-8.el7
fftw-static	3.3.3-8.el7
file	5.11-37.el7
file-devel	5.11-37.el7
file-libs	5.11-37.el7
file-roller	3.28.1-2.el7
file-roller-nautilus	3.28.1-2.el7
file-static	5.11-37.el7
filebench	1.4.9.1-3.el7
filesystem	3.2-25.el7
filesystem-content	3.2-25.el7
finch	2.10.11-9.el7
finch-devel	2.10.11-9.el7
findutils	4.5.11-6.el7
finger	0.17-52.el7
finger-server	0.17-52.el7
fio	3.7-2.el7
fipscheck	1.4.1-6.el7
fipscheck-devel	1.4.1-6.el7
fipscheck-lib	1.4.1-6.el7
firefox	115.12.0-1.el7.centos
firewall-applet	0.6.3-13.el7_9
firewall-config	0.6.3-13.el7_9
firewalld	0.6.3-13.el7_9
firewalld-filesystem	0.6.3-13.el7_9
firstboot	19.12-1.el7
flac	1.3.0-5.el7_1
flac-devel	1.3.0-5.el7_1
flac-libs	1.3.0-5.el7_1
flatpak	1.0.9-13.el7_9
flatpak-builder	1.0.0-13.el7_9
flatpak-devel	1.0.9-13.el7_9
flatpak-libs	1.0.9-13.el7_9
flex	2.5.37-6.el7
flex-devel	2.5.37-6.el7
flex-doc	2.5.37-6.el7
flite	1.3-22.el7
flite-devel	1.3-22.el7
fltk	1.3.4-3.el7_9
fltk-devel	1.3.4-3.el7_9
fltk-fluid	1.3.4-3.el7_9
fltk-static	1.3.4-3.el7_9
flute	1.3.0-11.OOo31.el7
flute-javadoc	1.3.0-11.OOo31.el7
folks	0.11.4-1.el7
folks-devel	0.11.4-1.el7
folks-tools	0.11.4-1.el7
fontawesome-fonts	4.1.0-2.el7
fontawesome-fonts-web	4.1.0-2.el7
fontconfig	2.13.0-4.3.el7
fontconfig-devel	2.13.0-4.3.el7
fontconfig-devel-doc	2.13.0-4.3.el7
fontforge	20120731b-13.el7
fontforge-devel	20120731b-13.el7
fontpackages-devel	1.44-8.el7
fontpackages-filesystem	1.44-8.el7
fontpackages-tools	1.44-8.el7
fonts-tweak-tool	0.3.2-5.el7
fonttools	2.4-3.el7
foomatic	4.0.9-10.el7_9
foomatic-db	4.0-41.20130911.el7
foomatic-db-filesystem	4.0-41.20130911.el7
foomatic-db-ppds	4.0-41.20130911.el7
foomatic-filters	4.0.9-10.el7_9
fop	1.1-6.el7
fop-javadoc	1.1-6.el7
forge-parent	31-2.el7
fprintd	0.8.1-2.el7
fprintd-devel	0.8.1-2.el7
fprintd-pam	0.8.1-2.el7
freeglut	3.0.0-8.el7
freeglut-devel	3.0.0-8.el7
freeipmi	1.5.7-3.el7
freeipmi-bmc-watchdog	1.5.7-3.el7
freeipmi-devel	1.5.7-3.el7
freeipmi-ipmidetectd	1.5.7-3.el7
freeipmi-ipmiseld	1.5.7-3.el7
freeradius	3.0.13-15.el7
freeradius-devel	3.0.13-15.el7
freeradius-doc	3.0.13-15.el7
freeradius-krb5	3.0.13-15.el7
freeradius-ldap	3.0.13-15.el7
freeradius-mysql	3.0.13-15.el7
freeradius-perl	3.0.13-15.el7
freeradius-postgresql	3.0.13-15.el7
freeradius-python	3.0.13-15.el7
freeradius-sqlite	3.0.13-15.el7
freeradius-unixODBC	3.0.13-15.el7
freeradius-utils	3.0.13-15.el7
freerdp	2.1.1-5.el7_9
freerdp-devel	2.1.1-5.el7_9
freerdp-libs	2.1.1-5.el7_9
freetype	2.8-14.el7_9.1
freetype-demos	2.8-14.el7_9.1
freetype-devel	2.8-14.el7_9.1
frei0r-devel	1.3-13.el7
frei0r-plugins	1.3-13.el7
frei0r-plugins-opencv	1.3-13.el7
fribidi	1.0.2-1.el7_7.1
fribidi-devel	1.0.2-1.el7_7.1
fros	1.0-5.el7
fros-gnome	1.0-5.el7
ftp	0.17-67.el7
fuse	2.9.2-11.el7
fuse-devel	2.9.2-11.el7
fuse-libs	2.9.2-11.el7
fuseiso	20070708-15.el7
fusesource-pom	1.9-7.el7
fwupd	1.0.8-5.el7
fwupd-devel	1.0.8-5.el7
fwupdate	12-6.el7.centos
fwupdate-devel	12-6.el7.centos
fwupdate-efi	12-6.el7.centos
fwupdate-libs	12-6.el7.centos
fxload	2002_04_11-16.el7
gamin	0.1.10-16.el7
gamin-devel	0.1.10-16.el7
gamin-python	0.1.10-16.el7
gavl	1.4.0-4.el7
gavl-devel	1.4.0-4.el7
gawk	4.0.2-4.el7_3.1
gc	7.2d-7.el7
gc-devel	7.2d-7.el7
gcab	0.7-4.el7_4
gcc	4.8.5-44.el7
gcc-c++	4.8.5-44.el7
gcc-gfortran	4.8.5-44.el7
gcc-gnat	4.8.5-44.el7
gcc-go	4.8.5-44.el7
gcc-objc	4.8.5-44.el7
gcc-objc++	4.8.5-44.el7
gcc-plugin-devel	4.8.5-44.el7
gconf-editor	3.0.1-8.el7_1
gcr	3.28.0-1.el7
gcr-devel	3.28.0-1.el7
gd	2.0.35-27.el7_9
gd-devel	2.0.35-27.el7_9
gd-progs	2.0.35-27.el7_9
gdb	7.6.1-120.el7
gdb-doc	7.6.1-120.el7
gdb-gdbserver	7.6.1-120.el7
gdbm	1.10-8.el7
gdbm-devel	1.10-8.el7
gdisk	0.8.10-3.el7
gdk-pixbuf2	2.36.12-3.el7
gdk-pixbuf2-devel	2.36.12-3.el7
gdk-pixbuf2-tests	2.36.12-3.el7
gdm	3.28.2-26.el7
gdm-devel	3.28.2-26.el7
gdm-pam-extensions-devel	3.28.2-26.el7
gedit	3.28.1-3.el7
gedit-devel	3.28.1-3.el7
gedit-plugin-bookmarks	3.28.1-1.el7
gedit-plugin-bracketcompletion	3.28.1-1.el7
gedit-plugin-charmap	3.28.1-1.el7
gedit-plugin-codecomment	3.28.1-1.el7
gedit-plugin-colorpicker	3.28.1-1.el7
gedit-plugin-colorschemer	3.28.1-1.el7
gedit-plugin-commander	3.28.1-1.el7
gedit-plugin-drawspaces	3.28.1-1.el7
gedit-plugin-findinfiles	3.28.1-1.el7
gedit-plugin-joinlines	3.28.1-1.el7
gedit-plugin-multiedit	3.28.1-1.el7
gedit-plugin-smartspaces	3.28.1-1.el7
gedit-plugin-synctex	3.28.1-1.el7
gedit-plugin-terminal	3.28.1-1.el7
gedit-plugin-textsize	3.28.1-1.el7
gedit-plugin-translate	3.28.1-1.el7
gedit-plugin-wordcompletion	3.28.1-1.el7
gedit-plugins	3.28.1-1.el7
gedit-plugins-data	3.28.1-1.el7
gegl	0.2.0-19.el7_9.1
gegl-devel	0.2.0-19.el7_9.1
genisoimage	1.1.11-25.el7
geoclue	0.12.99-7.el7
geoclue-devel	0.12.99-7.el7
geoclue-doc	0.12.99-7.el7
geoclue-gsmloc	0.12.99-7.el7
geoclue-gui	0.12.99-7.el7
geoclue2	2.4.8-1.el7
geoclue2-demos	2.4.8-1.el7
geoclue2-devel	2.4.8-1.el7
geoclue2-libs	2.4.8-1.el7
geocode-glib	3.26.0-3.el7
geocode-glib-devel	3.26.0-3.el7
geoipupdate	2.5.0-2.el7
geoipupdate-cron	2.5.0-2.el7
geolite2-city	20180605-1.el7
geolite2-country	20180605-1.el7
geronimo-annotation	1.0-15.el7
geronimo-annotation-javadoc	1.0-15.el7
geronimo-jaspic-spec	1.1-9.el7
geronimo-jaspic-spec-javadoc	1.1-9.el7
geronimo-jaxrpc	2.1-14.el7
geronimo-jaxrpc-javadoc	2.1-14.el7
geronimo-jms	1.1.1-19.el7
geronimo-jms-javadoc	1.1.1-19.el7
geronimo-jta	1.1.1-17.el7
geronimo-jta-javadoc	1.1.1-17.el7
geronimo-osgi-support	1.0-15.el7
geronimo-osgi-support-javadoc	1.0-15.el7
geronimo-parent-poms	1.6-16.el7
geronimo-saaj	1.1-14.el7
geronimo-saaj-javadoc	1.1-14.el7
gettext	0.19.8.1-3.el7
gettext-common-devel	0.19.8.1-3.el7
gettext-devel	0.19.8.1-3.el7
gettext-libs	0.19.8.1-3.el7
gfs2-utils	3.1.10-11.el7_9.1
ghostscript	9.25-5.el7
ghostscript-chinese	0.4.0-4.el7
ghostscript-chinese-zh_CN	0.4.0-4.el7
ghostscript-chinese-zh_TW	0.4.0-4.el7
ghostscript-cups	9.25-5.el7
ghostscript-doc	9.25-5.el7
ghostscript-fonts	5.50-32.el7
ghostscript-gtk	9.25-5.el7
giflib	4.1.6-9.el7
giflib-devel	4.1.6-9.el7
giflib-utils	4.1.6-9.el7
gimp	2.8.22-1.el7
gimp-data-extras	2.0.2-9.el7
gimp-devel	2.8.22-1.el7
gimp-devel-tools	2.8.22-1.el7
gimp-help	2.8.2-1.el7
gimp-help-ca	2.8.2-1.el7
gimp-help-da	2.8.2-1.el7
gimp-help-de	2.8.2-1.el7
gimp-help-el	2.8.2-1.el7
gimp-help-en_GB	2.8.2-1.el7
gimp-help-es	2.8.2-1.el7
gimp-help-fr	2.8.2-1.el7
gimp-help-it	2.8.2-1.el7
gimp-help-ja	2.8.2-1.el7
gimp-help-ko	2.8.2-1.el7
gimp-help-nl	2.8.2-1.el7
gimp-help-nn	2.8.2-1.el7
gimp-help-pt_BR	2.8.2-1.el7
gimp-help-ru	2.8.2-1.el7
gimp-help-sl	2.8.2-1.el7
gimp-help-sv	2.8.2-1.el7
gimp-help-zh_CN	2.8.2-1.el7
gimp-libs	2.8.22-1.el7
git	1.8.3.1-25.el7_9
git-all	1.8.3.1-25.el7_9
git-bzr	1.8.3.1-25.el7_9
git-cvs	1.8.3.1-25.el7_9
git-daemon	1.8.3.1-25.el7_9
git-email	1.8.3.1-25.el7_9
git-gnome-keyring	1.8.3.1-25.el7_9
git-gui	1.8.3.1-25.el7_9
git-hg	1.8.3.1-25.el7_9
git-instaweb	1.8.3.1-25.el7_9
git-p4	1.8.3.1-25.el7_9
git-svn	1.8.3.1-25.el7_9
gitk	1.8.3.1-25.el7_9
gitweb	1.8.3.1-25.el7_9
gjs	1.52.5-1.el7_6
gjs-devel	1.52.5-1.el7_6
gjs-tests	1.52.5-1.el7_6
gl-manpages	1.1-7.20130122.el7
glade	3.22.1-1.el7
glade-devel	3.22.1-1.el7
glade-libs	3.22.1-1.el7
glade3	3.8.3-6.el7
glade3-libgladeui	3.8.3-6.el7
glade3-libgladeui-devel	3.8.3-6.el7
glassfish-dtd-parser	1.2-0.8.20120120svn.el7
glassfish-dtd-parser-javadoc	1.2-0.8.20120120svn.el7
glassfish-el	2.2.5-6.el7
glassfish-el-api	2.2.4-5.el7
glassfish-el-api-javadoc	2.2.4-5.el7
glassfish-el-javadoc	2.2.5-6.el7
glassfish-fastinfoset	1.2.12-9.el7
glassfish-fastinfoset-javadoc	1.2.12-9.el7
glassfish-jaxb	2.2.5-6.el7
glassfish-jaxb-api	2.2.7-4.el7
glassfish-jaxb-api-javadoc	2.2.7-4.el7
glassfish-jaxb-javadoc	2.2.5-6.el7
glassfish-jsp	2.2.6-11.el7
glassfish-jsp-api	2.2.1-9.el7
glassfish-jsp-api-javadoc	2.2.1-9.el7
glassfish-jsp-javadoc	2.2.6-11.el7
glew	1.10.0-5.el7
glew-devel	1.10.0-5.el7
glib-networking	2.56.1-1.el7
glib-networking-tests	2.56.1-1.el7
glib2	2.56.1-9.el7_9
glib2-devel	2.56.1-9.el7_9
glib2-doc	2.56.1-9.el7_9
glib2-fam	2.56.1-9.el7_9
glib2-static	2.56.1-9.el7_9
glib2-tests	2.56.1-9.el7_9
glibc	2.17-326.el7_9.3
glibc-common	2.17-326.el7_9.3
glibc-devel	2.17-326.el7_9.3
glibc-headers	2.17-326.el7_9.3
glibc-static	2.17-326.el7_9.3
glibc-utils	2.17-326.el7_9.3
glibmm24	2.56.0-1.el7
glibmm24-devel	2.56.0-1.el7
glibmm24-doc	2.56.0-1.el7
glm-devel	0.9.6.3-1.el7
glm-doc	0.9.6.3-1.el7
glusterfs	6.0-61.el7
glusterfs-api	6.0-61.el7
glusterfs-api-devel	6.0-61.el7
glusterfs-cli	6.0-61.el7
glusterfs-client-xlators	6.0-61.el7
glusterfs-cloudsync-plugins	6.0-61.el7
glusterfs-devel	6.0-61.el7
glusterfs-fuse	6.0-61.el7
glusterfs-libs	6.0-61.el7
glusterfs-rdma	6.0-61.el7
glx-utils	8.3.0-10.el7
gmp	6.0.0-15.el7
gmp-devel	6.0.0-15.el7
gmp-static	6.0.0-15.el7
gnome-abrt	0.3.4-9.el7
gnome-backgrounds	3.28.0-1.el7
gnome-bluetooth	3.28.2-1.el7
gnome-bluetooth-libs	3.28.2-1.el7
gnome-bluetooth-libs-devel	3.28.2-1.el7
gnome-boxes	3.28.5-4.el7
gnome-calculator	3.28.2-1.el7
gnome-classic-session	3.28.1-17.el7_9
gnome-clocks	3.28.0-1.el7
gnome-color-manager	3.28.0-1.el7
gnome-common	3.18.0-1.el7
gnome-contacts	3.28.2-1.el7
gnome-desktop3	3.28.2-2.el7
gnome-desktop3-devel	3.28.2-2.el7
gnome-desktop3-tests	3.28.2-2.el7
gnome-devel-docs	3.28.0-1.el7
gnome-dictionary	3.26.1-2.el7
gnome-disk-utility	3.28.3-1.el7
gnome-doc-utils	0.20.10-5.el7
gnome-doc-utils-stylesheets	0.20.10-5.el7
gnome-documents	3.28.2-2.el7
gnome-documents-libs	3.28.2-2.el7
gnome-font-viewer	3.28.0-1.el7
gnome-getting-started-docs	3.28.2-1.el7
gnome-getting-started-docs-cs	3.28.2-1.el7
gnome-getting-started-docs-de	3.28.2-1.el7
gnome-getting-started-docs-es	3.28.2-1.el7
gnome-getting-started-docs-fr	3.28.2-1.el7
gnome-getting-started-docs-gl	3.28.2-1.el7
gnome-getting-started-docs-hu	3.28.2-1.el7
gnome-getting-started-docs-it	3.28.2-1.el7
gnome-getting-started-docs-pl	3.28.2-1.el7
gnome-getting-started-docs-pt_BR	3.28.2-1.el7
gnome-getting-started-docs-ru	3.28.2-1.el7
gnome-icon-theme	3.12.0-1.el7
gnome-icon-theme-devel	3.12.0-1.el7
gnome-icon-theme-extras	3.12.0-1.el7
gnome-icon-theme-legacy	3.12.0-1.el7
gnome-icon-theme-symbolic	3.12.0-2.el7
gnome-initial-setup	3.28.0-2.el7_9.1
gnome-keyring	3.28.2-1.el7
gnome-keyring-pam	3.28.2-1.el7
gnome-menus	3.13.3-3.el7
gnome-menus-devel	3.13.3-3.el7
gnome-online-accounts	3.28.2-1.el7
gnome-online-accounts-devel	3.28.2-1.el7
gnome-online-miners	3.26.0-1.el7
gnome-packagekit	3.28.0-1.el7
gnome-packagekit-common	3.28.0-1.el7
gnome-packagekit-installer	3.28.0-1.el7
gnome-packagekit-updater	3.28.0-1.el7
gnome-python2	2.28.1-14.el7
gnome-python2-bonobo	2.28.1-14.el7
gnome-python2-canvas	2.28.1-14.el7
gnome-python2-devel	2.28.1-14.el7
gnome-python2-gconf	2.28.1-14.el7
gnome-python2-gnome	2.28.1-14.el7
gnome-python2-gnomevfs	2.28.1-14.el7
gnome-screenshot	3.26.0-1.el7
gnome-session	3.28.1-8.el7
gnome-session-custom-session	3.28.1-8.el7
gnome-session-wayland-session	3.28.1-8.el7
gnome-session-xsession	3.28.1-8.el7
gnome-settings-daemon	3.28.1-11.el7_9
gnome-settings-daemon-devel	3.28.1-11.el7_9
gnome-shell	3.28.3-34.el7_9
gnome-shell-extension-alternate-tab	3.28.1-17.el7_9
gnome-shell-extension-apps-menu	3.28.1-17.el7_9
gnome-shell-extension-auto-move-windows	3.28.1-17.el7_9
gnome-shell-extension-common	3.28.1-17.el7_9
gnome-shell-extension-dash-to-dock	3.28.1-17.el7_9
gnome-shell-extension-disable-screenshield	3.28.1-17.el7_9
gnome-shell-extension-drive-menu	3.28.1-17.el7_9
gnome-shell-extension-extra-osk-keys	3.28.1-17.el7_9
gnome-shell-extension-horizontal-workspaces	3.28.1-17.el7_9
gnome-shell-extension-launch-new-instance	3.28.1-17.el7_9
gnome-shell-extension-native-window-placement	3.28.1-17.el7_9
gnome-shell-extension-no-hot-corner	3.28.1-17.el7_9
gnome-shell-extension-panel-favorites	3.28.1-17.el7_9
gnome-shell-extension-places-menu	3.28.1-17.el7_9
gnome-shell-extension-screenshot-window-sizer	3.28.1-17.el7_9
gnome-shell-extension-systemMonitor	3.28.1-17.el7_9
gnome-shell-extension-top-icons	3.28.1-17.el7_9
gnome-shell-extension-updates-dialog	3.28.1-17.el7_9
gnome-shell-extension-user-theme	3.28.1-17.el7_9
gnome-shell-extension-window-grouper	3.28.1-17.el7_9
gnome-shell-extension-window-list	3.28.1-17.el7_9
gnome-shell-extension-windowsNavigator	3.28.1-17.el7_9
gnome-shell-extension-workspace-indicator	3.28.1-17.el7_9
gnome-software	3.28.2-3.el7
gnome-software-devel	3.28.2-3.el7
gnome-software-editor	3.28.2-3.el7
gnome-system-log	3.9.90-3.el7
gnome-system-monitor	3.28.2-1.el7
gnome-terminal	3.28.2-3.el7
gnome-terminal-nautilus	3.28.2-3.el7
gnome-themes-standard	3.28-2.el7
gnome-tweak-tool	3.28.1-7.el7
gnome-user-docs	3.28.2-1.el7
gnome-vfs2	2.24.4-14.el7
gnome-vfs2-devel	2.24.4-14.el7
gnome-vfs2-smb	2.24.4-14.el7
gnome-video-effects	0.4.3-1.el7
gnome-weather	3.26.0-1.el7
gnome-weather-tests	3.26.0-1.el7
gnote	3.28.0-1.el7
gnu-efi	3.0.8-2.el7
gnu-efi-devel	3.0.8-2.el7
gnu-efi-utils	3.0.8-2.el7
gnu-free-fonts-common	20120503-8.el7
gnu-free-mono-fonts	20120503-8.el7
gnu-free-sans-fonts	20120503-8.el7
gnu-free-serif-fonts	20120503-8.el7
gnu-getopt	1.0.14-5.el7
gnu-getopt-javadoc	1.0.14-5.el7
gnupg2	2.0.22-5.el7_5
gnupg2-smime	2.0.22-5.el7_5
gnuplot	4.6.2-3.el7
gnuplot-common	4.6.2-3.el7
gnuplot-doc	4.6.2-3.el7
gnuplot-latex	4.6.2-3.el7
gnuplot-minimal	4.6.2-3.el7
gnutls	3.3.29-9.el7_6
gnutls-c++	3.3.29-9.el7_6
gnutls-dane	3.3.29-9.el7_6
gnutls-devel	3.3.29-9.el7_6
gnutls-utils	3.3.29-9.el7_6
gob2	2.0.19-4.el7
gobject-introspection	1.56.1-1.el7
gobject-introspection-devel	1.56.1-1.el7
gom	0.4-1.el7
gom-devel	0.4-1.el7
google-crosextra-caladea-fonts	1.002-0.4.20130214.el7
google-crosextra-carlito-fonts	1.103-0.2.20130920.el7
google-guice	3.1.3-9.el7
google-guice-javadoc	3.1.3-9.el7
google-noto-emoji-color-fonts	20180508-4.el7
google-noto-emoji-fonts	20180508-4.el7
google-noto-fonts-common	20141117-5.el7
google-noto-kufi-arabic-fonts	20141117-5.el7
google-noto-naskh-arabic-fonts	20141117-5.el7
google-noto-naskh-arabic-ui-fonts	20141117-5.el7
google-noto-sans-armenian-fonts	20141117-5.el7
google-noto-sans-avestan-fonts	20141117-5.el7
google-noto-sans-balinese-fonts	20141117-5.el7
google-noto-sans-bamum-fonts	20141117-5.el7
google-noto-sans-batak-fonts	20141117-5.el7
google-noto-sans-bengali-fonts	20141117-5.el7
google-noto-sans-bengali-ui-fonts	20141117-5.el7
google-noto-sans-brahmi-fonts	20141117-5.el7
google-noto-sans-buginese-fonts	20141117-5.el7
google-noto-sans-buhid-fonts	20141117-5.el7
google-noto-sans-canadian-aboriginal-fonts	20141117-5.el7
google-noto-sans-carian-fonts	20141117-5.el7
google-noto-sans-cham-fonts	20141117-5.el7
google-noto-sans-cherokee-fonts	20141117-5.el7
google-noto-sans-cjk-fonts	20141117-5.el7
google-noto-sans-coptic-fonts	20141117-5.el7
google-noto-sans-cuneiform-fonts	20141117-5.el7
google-noto-sans-cypriot-fonts	20141117-5.el7
google-noto-sans-deseret-fonts	20141117-5.el7
google-noto-sans-devanagari-fonts	20141117-5.el7
google-noto-sans-devanagari-ui-fonts	20141117-5.el7
google-noto-sans-egyptian-hieroglyphs-fonts	20141117-5.el7
google-noto-sans-ethiopic-fonts	20141117-5.el7
google-noto-sans-fonts	20141117-5.el7
google-noto-sans-georgian-fonts	20141117-5.el7
google-noto-sans-glagolitic-fonts	20141117-5.el7
google-noto-sans-gothic-fonts	20141117-5.el7
google-noto-sans-gujarati-fonts	20141117-5.el7
google-noto-sans-gujarati-ui-fonts	20141117-5.el7
google-noto-sans-gurmukhi-fonts	20141117-5.el7
google-noto-sans-gurmukhi-ui-fonts	20141117-5.el7
google-noto-sans-hanunoo-fonts	20141117-5.el7
google-noto-sans-hebrew-fonts	20141117-5.el7
google-noto-sans-imperial-aramaic-fonts	20141117-5.el7
google-noto-sans-inscriptional-pahlavi-fonts	20141117-5.el7
google-noto-sans-inscriptional-parthian-fonts	20141117-5.el7
google-noto-sans-japanese-fonts	20141117-5.el7
google-noto-sans-javanese-fonts	20141117-5.el7
google-noto-sans-kaithi-fonts	20141117-5.el7
google-noto-sans-kannada-fonts	20141117-5.el7
google-noto-sans-kannada-ui-fonts	20141117-5.el7
google-noto-sans-kayah-li-fonts	20141117-5.el7
google-noto-sans-kharoshthi-fonts	20141117-5.el7
google-noto-sans-khmer-fonts	20141117-5.el7
google-noto-sans-khmer-ui-fonts	20141117-5.el7
google-noto-sans-korean-fonts	20141117-5.el7
google-noto-sans-lao-fonts	20141117-5.el7
google-noto-sans-lao-ui-fonts	20141117-5.el7
google-noto-sans-lepcha-fonts	20141117-5.el7
google-noto-sans-limbu-fonts	20141117-5.el7
google-noto-sans-linear-b-fonts	20141117-5.el7
google-noto-sans-lisu-fonts	20141117-5.el7
google-noto-sans-lycian-fonts	20141117-5.el7
google-noto-sans-lydian-fonts	20141117-5.el7
google-noto-sans-malayalam-fonts	20141117-5.el7
google-noto-sans-malayalam-ui-fonts	20141117-5.el7
google-noto-sans-mandaic-fonts	20141117-5.el7
google-noto-sans-meetei-mayek-fonts	20141117-5.el7
google-noto-sans-mongolian-fonts	20141117-5.el7
google-noto-sans-myanmar-fonts	20141117-5.el7
google-noto-sans-myanmar-ui-fonts	20141117-5.el7
google-noto-sans-new-tai-lue-fonts	20141117-5.el7
google-noto-sans-nko-fonts	20141117-5.el7
google-noto-sans-ogham-fonts	20141117-5.el7
google-noto-sans-ol-chiki-fonts	20141117-5.el7
google-noto-sans-old-italic-fonts	20141117-5.el7
google-noto-sans-old-persian-fonts	20141117-5.el7
google-noto-sans-old-south-arabian-fonts	20141117-5.el7
google-noto-sans-old-turkic-fonts	20141117-5.el7
google-noto-sans-osmanya-fonts	20141117-5.el7
google-noto-sans-phags-pa-fonts	20141117-5.el7
google-noto-sans-phoenician-fonts	20141117-5.el7
google-noto-sans-rejang-fonts	20141117-5.el7
google-noto-sans-runic-fonts	20141117-5.el7
google-noto-sans-samaritan-fonts	20141117-5.el7
google-noto-sans-saurashtra-fonts	20141117-5.el7
google-noto-sans-shavian-fonts	20141117-5.el7
google-noto-sans-simplified-chinese-fonts	20141117-5.el7
google-noto-sans-sinhala-fonts	20141117-5.el7
google-noto-sans-sundanese-fonts	20141117-5.el7
google-noto-sans-syloti-nagri-fonts	20141117-5.el7
google-noto-sans-symbols-fonts	20141117-5.el7
google-noto-sans-syriac-eastern-fonts	20141117-5.el7
google-noto-sans-syriac-estrangela-fonts	20141117-5.el7
google-noto-sans-syriac-western-fonts	20141117-5.el7
google-noto-sans-tagalog-fonts	20141117-5.el7
google-noto-sans-tagbanwa-fonts	20141117-5.el7
google-noto-sans-tai-le-fonts	20141117-5.el7
google-noto-sans-tai-tham-fonts	20141117-5.el7
google-noto-sans-tai-viet-fonts	20141117-5.el7
google-noto-sans-tamil-fonts	20141117-5.el7
google-noto-sans-tamil-ui-fonts	20141117-5.el7
google-noto-sans-telugu-fonts	20141117-5.el7
google-noto-sans-telugu-ui-fonts	20141117-5.el7
google-noto-sans-thaana-fonts	20141117-5.el7
google-noto-sans-thai-fonts	20141117-5.el7
google-noto-sans-thai-ui-fonts	20141117-5.el7
google-noto-sans-tifinagh-fonts	20141117-5.el7
google-noto-sans-traditional-chinese-fonts	20141117-5.el7
google-noto-sans-ugaritic-fonts	20141117-5.el7
google-noto-sans-ui-fonts	20141117-5.el7
google-noto-sans-vai-fonts	20141117-5.el7
google-noto-sans-yi-fonts	20141117-5.el7
google-noto-serif-armenian-fonts	20141117-5.el7
google-noto-serif-fonts	20141117-5.el7
google-noto-serif-georgian-fonts	20141117-5.el7
google-noto-serif-khmer-fonts	20141117-5.el7
google-noto-serif-lao-fonts	20141117-5.el7
google-noto-serif-thai-fonts	20141117-5.el7
gperf	3.0.4-8.el7
gperftools	2.6.1-1.el7
gperftools-devel	2.6.1-1.el7
gperftools-libs	2.6.1-1.el7
gpgme	1.3.2-5.el7
gpgme-devel	1.3.2-5.el7
gpm	1.20.7-6.el7
gpm-devel	1.20.7-6.el7
gpm-libs	1.20.7-6.el7
gpm-static	1.20.7-6.el7
grantlee	0.3.0-5.el7
grantlee-apidocs	0.3.0-5.el7
grantlee-devel	0.3.0-5.el7
graphite2	1.3.10-1.el7_3
graphite2-devel	1.3.10-1.el7_3
graphviz	2.30.1-22.el7
graphviz-devel	2.30.1-22.el7
graphviz-doc	2.30.1-22.el7
graphviz-gd	2.30.1-22.el7
graphviz-graphs	2.30.1-22.el7
graphviz-guile	2.30.1-22.el7
graphviz-java	2.30.1-22.el7
graphviz-lua	2.30.1-22.el7
graphviz-ocaml	2.30.1-22.el7
graphviz-perl	2.30.1-22.el7
graphviz-php	2.30.1-22.el7
graphviz-python	2.30.1-22.el7
graphviz-ruby	2.30.1-22.el7
graphviz-tcl	2.30.1-22.el7
grep	2.20-3.el7
grilo	0.3.6-1.el7
grilo-devel	0.3.6-1.el7
grilo-plugins	0.3.7-1.el7
groff	1.22.2-8.el7
groff-base	1.22.2-8.el7
groff-doc	1.22.2-8.el7
groff-perl	1.22.2-8.el7
groff-x11	1.22.2-8.el7
groovy	1.8.9-8.el7_4
groovy-javadoc	1.8.9-8.el7_4
grub2	2.02-0.87.0.2.el7.centos.14
grub2-common	2.02-0.87.0.2.el7.centos.14
grub2-efi-aa64-modules	2.02-0.87.0.2.el7.centos.14
grub2-efi-ia32	2.02-0.87.0.2.el7.centos.14
grub2-efi-ia32-cdboot	2.02-0.87.0.2.el7.centos.14
grub2-efi-ia32-modules	2.02-0.87.0.2.el7.centos.14
grub2-efi-x64	2.02-0.87.0.2.el7.centos.14
grub2-efi-x64-cdboot	2.02-0.87.0.2.el7.centos.14
grub2-efi-x64-modules	2.02-0.87.0.2.el7.centos.14
grub2-i386-modules	2.02-0.87.0.2.el7.centos.14
grub2-pc	2.02-0.87.0.2.el7.centos.14
grub2-pc-modules	2.02-0.87.0.2.el7.centos.14
grub2-ppc-modules	2.02-0.87.0.2.el7.centos.14
grub2-ppc64-modules	2.02-0.87.0.2.el7.centos.14
grub2-ppc64le-modules	2.02-0.87.0.2.el7.centos.14
grub2-tools	2.02-0.87.0.2.el7.centos.14
grub2-tools-extra	2.02-0.87.0.2.el7.centos.14
grub2-tools-minimal	2.02-0.87.0.2.el7.centos.14
grubby	8.28-26.el7
gsettings-desktop-schemas	3.28.0-3.el7
gsettings-desktop-schemas-devel	3.28.0-3.el7
gsl	1.15-13.el7
gsl-devel	1.15-13.el7
gsm	1.0.13-11.el7
gsm-devel	1.0.13-11.el7
gsm-tools	1.0.13-11.el7
gsound	1.0.2-2.el7
gsound-devel	1.0.2-2.el7
gspell	1.6.1-1.el7
gspell-devel	1.6.1-1.el7
gspell-doc	1.6.1-1.el7
gssdp	1.0.2-1.el7
gssdp-devel	1.0.2-1.el7
gssdp-docs	1.0.2-1.el7
gssdp-utils	1.0.2-1.el7
gssproxy	0.7.0-30.el7_9
gstreamer	0.10.36-7.el7
gstreamer-devel	0.10.36-7.el7
gstreamer-devel-docs	0.10.36-7.el7
gstreamer-plugins-bad-free	0.10.23-24.el7_9
gstreamer-plugins-bad-free-devel	0.10.23-24.el7_9
gstreamer-plugins-bad-free-devel-docs	0.10.23-24.el7_9
gstreamer-plugins-base	0.10.36-10.el7
gstreamer-plugins-base-devel	0.10.36-10.el7
gstreamer-plugins-base-devel-docs	0.10.36-10.el7
gstreamer-plugins-base-tools	0.10.36-10.el7
gstreamer-plugins-good	0.10.31-13.el7
gstreamer-plugins-good-devel-docs	0.10.31-13.el7
gstreamer-python	0.10.22-6.el7
gstreamer-python-devel	0.10.22-6.el7
gstreamer-tools	0.10.36-7.el7
gstreamer1	1.10.4-2.el7
gstreamer1-devel	1.10.4-2.el7
gstreamer1-devel-docs	1.10.4-2.el7
gstreamer1-plugins-bad-free	1.10.4-4.el7_9
gstreamer1-plugins-bad-free-devel	1.10.4-4.el7_9
gstreamer1-plugins-bad-free-gtk	1.10.4-4.el7_9
gstreamer1-plugins-base	1.10.4-2.el7
gstreamer1-plugins-base-devel	1.10.4-2.el7
gstreamer1-plugins-base-devel-docs	1.10.4-2.el7
gstreamer1-plugins-base-tools	1.10.4-2.el7
gstreamer1-plugins-good	1.10.4-2.el7
gstreamer1-plugins-ugly-free	1.10.4-3.el7
gstreamer1-plugins-ugly-free-devel	1.10.4-3.el7
gtk-doc	1.28-2.el7
gtk-update-icon-cache	3.22.30-8.el7_9
gtk-vnc	0.7.0-3.el7
gtk-vnc-devel	0.7.0-3.el7
gtk-vnc-python	0.7.0-3.el7
gtk-vnc2	0.7.0-3.el7
gtk-vnc2-devel	0.7.0-3.el7
gtk2	2.24.31-1.el7
gtk2-devel	2.24.31-1.el7
gtk2-devel-docs	2.24.31-1.el7
gtk2-immodule-xim	2.24.31-1.el7
gtk2-immodules	2.24.31-1.el7
gtk3	3.22.30-8.el7_9
gtk3-devel	3.22.30-8.el7_9
gtk3-devel-docs	3.22.30-8.el7_9
gtk3-immodule-xim	3.22.30-8.el7_9
gtk3-immodules	3.22.30-8.el7_9
gtk3-tests	3.22.30-8.el7_9
gtkhtml3	4.8.5-2.el7
gtkhtml3-devel	4.8.5-2.el7
gtkmm24	2.24.5-1.el7
gtkmm24-devel	2.24.5-1.el7
gtkmm24-docs	2.24.5-1.el7
gtkmm30	3.22.2-1.el7
gtkmm30-devel	3.22.2-1.el7
gtkmm30-doc	3.22.2-1.el7
gtksourceview3	3.24.8-2.el7
gtksourceview3-devel	3.24.8-2.el7
gtksourceview3-tests	3.24.8-2.el7
gtkspell	2.0.16-8.el7
gtkspell-devel	2.0.16-8.el7
gtkspell3	3.0.3-4.el7
gtkspell3-devel	3.0.3-4.el7
guava	13.0-6.el7
guava-javadoc	13.0-6.el7
gubbi-fonts	1.1-3.el7
gucharmap	10.0.4-1.el7
gucharmap-devel	10.0.4-1.el7
gucharmap-libs	10.0.4-1.el7
guice-parent	3.1.3-9.el7
guile	2.0.9-5.el7
guile-devel	2.0.9-5.el7
gupnp	1.0.2-6.el7_9
gupnp-av	0.12.10-1.el7
gupnp-av-devel	0.12.10-1.el7
gupnp-av-docs	0.12.10-1.el7
gupnp-devel	1.0.2-6.el7_9
gupnp-dlna	0.10.5-1.el7
gupnp-dlna-devel	0.10.5-1.el7
gupnp-dlna-docs	0.10.5-1.el7
gupnp-docs	1.0.2-6.el7_9
gupnp-igd	0.2.5-2.el7
gupnp-igd-devel	0.2.5-2.el7
gupnp-igd-python	0.2.5-2.el7
gutenprint	5.2.9-18.el7
gutenprint-cups	5.2.9-18.el7
gutenprint-devel	5.2.9-18.el7
gutenprint-doc	5.2.9-18.el7
gutenprint-extras	5.2.9-18.el7
gutenprint-foomatic	5.2.9-18.el7
gutenprint-plugin	5.2.9-18.el7
gvfs	1.36.2-7.el7_9
gvfs-afc	1.36.2-7.el7_9
gvfs-afp	1.36.2-7.el7_9
gvfs-archive	1.36.2-7.el7_9
gvfs-client	1.36.2-7.el7_9
gvfs-devel	1.36.2-7.el7_9
gvfs-fuse	1.36.2-7.el7_9
gvfs-goa	1.36.2-7.el7_9
gvfs-gphoto2	1.36.2-7.el7_9
gvfs-mtp	1.36.2-7.el7_9
gvfs-smb	1.36.2-7.el7_9
gvfs-tests	1.36.2-7.el7_9
gvnc	0.7.0-3.el7
gvnc-devel	0.7.0-3.el7
gvnc-tools	0.7.0-3.el7
gvncpulse	0.7.0-3.el7
gvncpulse-devel	0.7.0-3.el7
gwenview	4.10.5-5.el7
gwenview-libs	4.10.5-5.el7
gzip	1.5-11.el7_9
hamcrest	1.3-6.el7
hamcrest-demo	1.3-6.el7
hamcrest-javadoc	1.3-6.el7
haproxy	1.5.18-9.el7_9.1
hardlink	1.0-19.el7
harfbuzz	1.7.5-2.el7
harfbuzz-devel	1.7.5-2.el7
harfbuzz-icu	1.7.5-2.el7
hawkey	0.6.3-4.el7
hawkey-devel	0.6.3-4.el7
hawtjni	1.6-10.el7
hawtjni-javadoc	1.6-10.el7
hdparm	9.43-5.el7
help2man	1.41.1-3.el7
hesiod	3.2.1-3.el7
hesiod-devel	3.2.1-3.el7
hexedit	1.2.13-5.el7
hicolor-icon-theme	0.12-7.el7
highcontrast-qt	0.1-2.el7
highcontrast-qt4	0.1-2.el7
highcontrast-qt5	0.1-2.el7
highlight	3.13-3.el7
highlight-gui	3.13-3.el7
hispavoces-pal-diphone	1.0.0-28.el7
hispavoces-sfl-diphone	1.0.0-28.el7
hivex	1.3.10-6.12.el7_9
hivex-devel	1.3.10-6.12.el7_9
hmaccalc	0.9.13-4.el7
hostname	3.13-3.el7_7.1
hpijs	3.15.9-5.el7
hplip	3.15.9-5.el7
hplip-common	3.15.9-5.el7
hplip-gui	3.15.9-5.el7
hplip-libs	3.15.9-5.el7
hsakmt	1.0.0-7.el7
hsakmt-devel	1.0.0-7.el7
hspell	1.2-6.el7
hspell-devel	1.2-6.el7
hsqldb	1.8.1.3-15.el7_9
hsqldb-demo	1.8.1.3-15.el7_9
hsqldb-javadoc	1.8.1.3-15.el7_9
hsqldb-manual	1.8.1.3-15.el7_9
html2ps	1.0-0.14.b7.el7
http-parser	2.7.1-9.el7
http-parser-devel	2.7.1-9.el7
httpcomponents-client	4.2.5-5.el7_0
httpcomponents-client-javadoc	4.2.5-5.el7_0
httpcomponents-core	4.2.4-6.el7
httpcomponents-core-javadoc	4.2.4-6.el7
httpcomponents-project	6-4.el7
httpd	2.4.6-99.el7.centos.1
httpd-devel	2.4.6-99.el7.centos.1
httpd-manual	2.4.6-99.el7.centos.1
httpd-tools	2.4.6-99.el7.centos.1
httpunit	1.7-15.el7
httpunit-doc	1.7-15.el7
httpunit-javadoc	1.7-15.el7
hunspell	1.3.2-16.el7
hunspell-af	0.20080825-8.el7
hunspell-ak	0.6-7.el7
hunspell-am	0.20090704-7.el7
hunspell-ar	0.20080110-10.el7
hunspell-as	1.0.3-9.el7
hunspell-ast	0.02-6.el7
hunspell-az	0.20040827-10.el7
hunspell-be	1.1-7.el7
hunspell-ber	0.20080210-8.el7
hunspell-bg	4.3-6.el7
hunspell-bn	0.06-4.el7
hunspell-br	0.8-5.el7
hunspell-ca	2.3-4.el7
hunspell-cop	0.3-5.el7
hunspell-cs	20060303-14.el7
hunspell-csb	0.20050311-10.el7
hunspell-cv	1.02-6.el7
hunspell-cy	0.20040425-10.el7
hunspell-da	1.7.42-2.el7
hunspell-de	0.20120607-4.el7
hunspell-devel	1.3.2-16.el7
hunspell-dsb	1.4.6-4.el7
hunspell-el	0.8-7.el7
hunspell-en	0.20121024-6.el7
hunspell-en-GB	0.20121024-6.el7
hunspell-en-US	0.20121024-6.el7
hunspell-eo	1.0-0.7.dev.el7
hunspell-es	0.6-4.el7
hunspell-et	0.20030606-11.el7
hunspell-eu	0.20080507-8.el7
hunspell-fa	0.20070116-9.el7
hunspell-fj	1.2-7.el7
hunspell-fo	0.4.1-4.el7
hunspell-fr	4.6-4.el7
hunspell-fur	0.20050912-9.el7
hunspell-fy	2.0.1-6.el7
hunspell-ga	4.6-7.el7
hunspell-gd	2.6-3.el7
hunspell-gl	0.20080515-8.el7
hunspell-grc	2.1.5-7.el7
hunspell-gu	20061015-11.el7
hunspell-gv	0.20040505-9.el7
hunspell-haw	0.02-4.el7
hunspell-he	1.2-6.el7
hunspell-hi	20050726-12.el7
hunspell-hil	0.14-6.el7
hunspell-hr	0.20040608-10.el7
hunspell-hsb	0.20060327.3-5.el7
hunspell-ht	0.06-6.el7
hunspell-hu	1.6.1-6.el7
hunspell-hy	0.20.0-6.el7
hunspell-ia	0.20050226-9.el7
hunspell-id	0.20040812-8.el7
hunspell-is	0.20090823-6.el7
hunspell-it	2.4-0.10.20070901.el7
hunspell-kk	1.1-6.el7
hunspell-km	1.1-7.el7
hunspell-kn	1.0.3-7.el7
hunspell-ko	0.5.5-5.el7
hunspell-ku	0.21-11.el7
hunspell-ky	0.20090415-8.el7
hunspell-la	0.20110807-6.el7
hunspell-lb	0.20121128-2.el7
hunspell-ln	0.02-7.el7
hunspell-lt	1.2.1-10.el7
hunspell-lv	0.9.4-5.el7
hunspell-mai	1.0.1-7.el7
hunspell-mg	0.20050109-10.el7
hunspell-mi	0.20080630-8.el7
hunspell-mk	0.20051126-8.el7
hunspell-ml	0.1-10.el7
hunspell-mn	0.20080709-8.el7
hunspell-mos	0.20101130-6.el7
hunspell-mr	20060920-15.el7
hunspell-ms	0.20050117-9.el7
hunspell-mt	0.20020708-9.el7
hunspell-nb	2.0.10-1.el7
hunspell-nds	0.1-8.el7
hunspell-ne	20080425-9.el7
hunspell-nl	2.10-5.el7
hunspell-nn	2.0.10-1.el7
hunspell-nr	0.20091030-6.el7
hunspell-nso	0.20091201-6.el7
hunspell-ny	0.01-6.el7
hunspell-oc	0.5-8.el7
hunspell-om	0.04-6.el7
hunspell-or	0.03-4.el7
hunspell-pa	20050726-10.el7
hunspell-pl	0.20130130-2.el7
hunspell-pt	0.20130125-2.el7
hunspell-qu	0.9-5.el7
hunspell-quh	0.20110816-5.el7
hunspell-ro	3.3.7-5.el7
hunspell-ru	0.99g5-5.el7
hunspell-rw	0.20050109-8.el7
hunspell-sc	0.20081101-11.el7
hunspell-se	1.0-0.7.beta7.el7
hunspell-shs	0.20090828-6.el7
hunspell-si	0.2.1-9.el7
hunspell-sk	0.20110228-5.el7
hunspell-sl	0.20070127-10.el7
hunspell-smj	1.0-0.7.beta7.el7
hunspell-so	1.0.2-5.el7
hunspell-sq	1.6.4-5.el7
hunspell-sr	0.20100920-7.el7
hunspell-ss	0.20091030-6.el7
hunspell-st	0.20091030-6.el7
hunspell-sv	2.10-3.el7
hunspell-sw	0.20050819-9.el7
hunspell-ta	20100226-8.el7
hunspell-te	0.20050929-11.el7
hunspell-tet	0.20050108-10.el7
hunspell-th	0.20061212-10.el7
hunspell-ti	0.20090911-6.el7
hunspell-tk	0.02-4.el7
hunspell-tl	0.20050109-9.el7
hunspell-tn	0.20091101-6.el7
hunspell-tpi	0.05-5.el7
hunspell-ts	0.20091101-6.el7
hunspell-uk	1.6.5-5.el7
hunspell-ur	0.64-7.el7
hunspell-uz	0.6-8.el7
hunspell-ve	0.20091030-6.el7
hunspell-vi	0.20080604-8.el7
hunspell-wa	0.4.15-9.el7
hunspell-xh	0.20091030-6.el7
hunspell-yi	1.1-7.el7
hunspell-zu	0.20100126-8.el7
hwdata	0.252-9.7.el7
hwloc	1.11.8-4.el7
hwloc-devel	1.11.8-4.el7
hwloc-gui	1.11.8-4.el7
hwloc-libs	1.11.8-4.el7
hwloc-plugins	1.11.8-4.el7
hyperv-daemons	0-0.34.20180415git.el7
hyperv-daemons-license	0-0.34.20180415git.el7
hyperv-tools	0-0.34.20180415git.el7
hypervfcopyd	0-0.34.20180415git.el7
hypervkvpd	0-0.34.20180415git.el7
hypervvssd	0-0.34.20180415git.el7
hyphen	2.8.6-5.el7
hyphen-af	0-0.9.20080714svn.el7
hyphen-as	0.7.0-4.el7
hyphen-be	1.1-7.el7
hyphen-bg	4.3-6.el7
hyphen-bn	0.7.0-4.el7
hyphen-ca	0.9.3-6.el7
hyphen-cs	20060303-14.el7
hyphen-cy	0.20110620-5.el7
hyphen-da	0.20070903-8.el7
hyphen-de	0.20060120-11.el7
hyphen-devel	2.8.6-5.el7
hyphen-el	0.20051018-9.el7
hyphen-en	2.8.6-5.el7
hyphen-es	0.20110222svn-4.el7
hyphen-et	0.20030606-11.el7
hyphen-eu	0.20110620-5.el7
hyphen-fa	0.20081119-7.el7
hyphen-fo	0.20040420-6.el7
hyphen-fr	2.0-8.el7
hyphen-ga	0.20040220-8.el7
hyphen-gl	0.99-7.el7
hyphen-grc	0.20110913-5.el7
hyphen-gu	0.7.0-4.el7
hyphen-hi	0.7.0-4.el7
hyphen-hr	0.20040608-10.el7
hyphen-hsb	0.20110620-5.el7
hyphen-hu	0.20090612-10.el7
hyphen-ia	0.20050628-7.el7
hyphen-id	0.20040812-8.el7
hyphen-is	0.20030920-10.el7
hyphen-it	0.20071127-10.el7
hyphen-kn	0.7.0-4.el7
hyphen-ku	1.71.2-6.el7
hyphen-lt	0.20100531-6.el7
hyphen-lv	0.9.4-5.el7
hyphen-mi	0.20080630-8.el7
hyphen-ml	0.7.0-4.el7
hyphen-mn	0.20100531-6.el7
hyphen-mr	0.7.0-4.el7
hyphen-nb	2.0.10-1.el7
hyphen-nl	0.20050617-10.el7
hyphen-nn	2.0.10-1.el7
hyphen-or	0.7.0-5.el7
hyphen-pa	0.7.0-4.el7
hyphen-pl	0.20060726-9.el7
hyphen-pt	0.20021021-9.el7
hyphen-ro	3.3.6-6.el7
hyphen-ru	0.20020727-9.el7
hyphen-sa	0.20110915-5.el7
hyphen-sk	0.20031227-10.el7
hyphen-sl	0.20070127-8.el7
hyphen-sr	0.20100920-7.el7
hyphen-sv	1.00.1-10.el7
hyphen-ta	0.7.0-4.el7
hyphen-te	0.7.0-4.el7
hyphen-tk	0.20110620-5.el7
hyphen-uk	0.20030903-8.el7
hyphen-zu	0-0.9.20080714svn.el7
i2c-tools	3.1.0-13.el7
i2c-tools-eepromer	3.1.0-13.el7
i2c-tools-python	3.1.0-13.el7
ibacm	22.4-6.el7_9
ibus	1.5.17-14.el7_9
ibus-chewing	1.4.4-14.el7
ibus-devel	1.5.17-14.el7_9
ibus-devel-docs	1.5.17-14.el7_9
ibus-gtk2	1.5.17-14.el7_9
ibus-gtk3	1.5.17-14.el7_9
ibus-hangul	1.4.2-11.el7
ibus-kkc	1.5.18-7.el7
ibus-libpinyin	1.6.91-4.el7
ibus-libs	1.5.17-14.el7_9
ibus-m17n	1.3.4-13.el7
ibus-pygtk2	1.5.17-14.el7_9
ibus-qt	1.3.2-4.el7
ibus-qt-devel	1.3.2-4.el7
ibus-qt-docs	1.3.2-4.el7
ibus-rawcode	1.3.2-3.el7
ibus-sayura	1.3.2-3.el7
ibus-setup	1.5.17-14.el7_9
ibus-table	1.5.0-5.el7
ibus-table-chinese	1.4.6-3.el7
ibus-table-chinese-array	1.4.6-3.el7
ibus-table-chinese-cangjie	1.4.6-3.el7
ibus-table-chinese-cantonese	1.4.6-3.el7
ibus-table-chinese-easy	1.4.6-3.el7
ibus-table-chinese-erbi	1.4.6-3.el7
ibus-table-chinese-quick	1.4.6-3.el7
ibus-table-chinese-scj	1.4.6-3.el7
ibus-table-chinese-stroke5	1.4.6-3.el7
ibus-table-chinese-wu	1.4.6-3.el7
ibus-table-chinese-wubi-haifeng	1.4.6-3.el7
ibus-table-chinese-wubi-jidian	1.4.6-3.el7
ibus-table-chinese-yong	1.4.6-3.el7
ibus-table-devel	1.5.0-5.el7
ibus-typing-booster	1.2.3-5.el7
ibutils	1.5.7-14.el7
ibutils-devel	1.5.7-14.el7
ibutils-libs	1.5.7-14.el7
icc-profiles-openicc	1.3.1-5.el7
icedax	1.1.11-25.el7
icedtea-web	1.7.1-4.el7_9
icedtea-web-devel	1.7.1-4.el7_9
icedtea-web-javadoc	1.7.1-4.el7_9
icon-naming-utils	0.8.90-10.el7
icoutils	0.31.3-1.el7_3
icu	50.2-4.el7_7
ilmbase	1.0.3-7.el7
ilmbase-devel	1.0.3-7.el7
im-chooser	1.6.4-6.el7
im-chooser-common	1.6.4-6.el7
ima-evm-utils	1.1-3.el7
ima-evm-utils-devel	1.1-3.el7
imake	1.0.5-10.el7
imsettings	1.6.3-11.el7
imsettings-devel	1.6.3-11.el7
imsettings-gsettings	1.6.3-11.el7
imsettings-libs	1.6.3-11.el7
imsettings-qt	1.6.3-11.el7
imsettings-xim	1.6.3-11.el7
indent	2.2.11-13.el7
infiniband-diags	2.1.0-1.el7
infiniband-diags-devel	2.1.0-1.el7
infiniband-diags-devel-static	2.1.0-1.el7
infinipath-psm	3.3-26_g604758e_open.2.el7
infinipath-psm-devel	3.3-26_g604758e_open.2.el7
info	5.1-5.el7
iniparser	3.1-5.el7
iniparser-devel	3.1-5.el7
initial-setup	0.3.9.45-1.el7.centos
initial-setup-gui	0.3.9.45-1.el7.centos
initscripts	9.49.53-1.el7_9.1
inkscape	0.92.2-3.el7
inkscape-docs	0.92.2-3.el7
inkscape-view	0.92.2-3.el7
intel-cmt-cat	3.0.1-1.el7
intel-cmt-cat-devel	3.0.1-1.el7
intel-gpu-tools	2.99.917-28.20180530.el7
intltool	0.50.2-7.el7
iok	2.1.3-6.el7
iotop	0.6-4.el7
iowatcher	1.0-6.el7
ipa-client	4.6.8-5.el7.centos.17
ipa-client-common	4.6.8-5.el7.centos.17
ipa-common	4.6.8-5.el7.centos.17
ipa-gothic-fonts	003.03-5.el7
ipa-mincho-fonts	003.03-5.el7
ipa-pgothic-fonts	003.03-5.el7
ipa-pmincho-fonts	003.03-5.el7
ipa-python-compat	4.6.8-5.el7.centos.17
ipa-server	4.6.8-5.el7.centos.17
ipa-server-common	4.6.8-5.el7.centos.17
ipa-server-dns	4.6.8-5.el7.centos.17
ipa-server-trust-ad	4.6.8-5.el7.centos.17
iperf3	3.1.7-3.el7_9
iperf3-devel	3.1.7-3.el7_9
ipmitool	1.8.18-11.el7_9
iproute	4.11.0-30.el7
iproute-devel	4.11.0-30.el7
iproute-doc	4.11.0-30.el7
iprutils	2.4.17.1-3.el7_7
ipset	7.1-1.el7
ipset-devel	7.1-1.el7
ipset-libs	7.1-1.el7
ipset-service	7.1-1.el7
ipsilon	1.0.0-13.el7_3
ipsilon-authform	1.0.0-13.el7_3
ipsilon-authgssapi	1.0.0-13.el7_3
ipsilon-authldap	1.0.0-13.el7_3
ipsilon-base	1.0.0-13.el7_3
ipsilon-client	1.0.0-13.el7_3
ipsilon-filesystem	1.0.0-13.el7_3
ipsilon-infosssd	1.0.0-13.el7_3
ipsilon-persona	1.0.0-13.el7_3
ipsilon-saml2	1.0.0-13.el7_3
ipsilon-saml2-base	1.0.0-13.el7_3
ipsilon-tools-ipa	1.0.0-13.el7_3
iptables	1.4.21-35.el7
iptables-devel	1.4.21-35.el7
iptables-services	1.4.21-35.el7
iptables-utils	1.4.21-35.el7
iptraf-ng	1.1.4-7.el7
iptstate	2.2.5-4.el7
iputils	20160308-10.el7
iputils-ninfod	20160308-10.el7
iputils-sysvinit	20160308-10.el7
ipvsadm	1.27-8.el7
ipxe-bootimgs	20180825-3.git133f4c.el7
ipxe-roms	20180825-3.git133f4c.el7
ipxe-roms-qemu	20180825-3.git133f4c.el7
irqbalance	1.0.7-12.el7
irssi	0.8.15-16.el7
irssi-devel	0.8.15-16.el7
iscsi-initiator-utils	6.2.0.874-22.el7_9
iscsi-initiator-utils-devel	6.2.0.874-22.el7_9
iscsi-initiator-utils-iscsiuio	6.2.0.874-22.el7_9
isdn4k-utils	3.2-99.el7
isdn4k-utils-devel	3.2-99.el7
isdn4k-utils-doc	3.2-99.el7
isdn4k-utils-static	3.2-99.el7
isdn4k-utils-vboxgetty	3.2-99.el7
isns-utils	0.93-7.el7
iso-codes	3.46-2.el7
iso-codes-devel	3.46-2.el7
isomd5sum	1.0.10-5.el7
isomd5sum-devel	1.0.10-5.el7
isorelax	0-0.15.release20050331.el7
isorelax-javadoc	0-0.15.release20050331.el7
istack-commons	2.17-4.el7
istack-commons-javadoc	2.17-4.el7
itstool	2.0.2-1.el7
ivtv-firmware	20080701-26.el7
iw	4.3-2.el7
iwl100-firmware	39.31.5.1-83.el7_9
iwl1000-firmware	39.31.5.1-83.el7_9
iwl105-firmware	18.168.6.1-83.el7_9
iwl135-firmware	18.168.6.1-83.el7_9
iwl2000-firmware	18.168.6.1-83.el7_9
iwl2030-firmware	18.168.6.1-83.el7_9
iwl3160-firmware	25.30.13.0-83.el7_9
iwl3945-firmware	15.32.2.9-83.el7_9
iwl4965-firmware	228.61.2.24-83.el7_9
iwl5000-firmware	8.83.5.1_1-83.el7_9
iwl5150-firmware	8.24.2.2-83.el7_9
iwl6000-firmware	9.221.4.1-83.el7_9
iwl6000g2a-firmware	18.168.6.1-83.el7_9
iwl6000g2b-firmware	18.168.6.1-83.el7_9
iwl6050-firmware	41.28.5.1-83.el7_9
iwl7260-firmware	25.30.13.0-83.el7_9
iwpmd	22.4-6.el7_9
ixpdimm-cli	01.00.00.2111-1.el7
ixpdimm-monitor	01.00.00.2111-1.el7
ixpdimm_sw	01.00.00.2111-1.el7
ixpdimm_sw-devel	01.00.00.2111-1.el7
jackson	1.9.4-7.el7
jackson-javadoc	1.9.4-7.el7
jai-imageio-core	1.2-0.14.20100217cvs.el7
jai-imageio-core-javadoc	1.2-0.14.20100217cvs.el7
jakarta-commons-httpclient	3.1-16.el7_0
jakarta-commons-httpclient-demo	3.1-16.el7_0
jakarta-commons-httpclient-javadoc	3.1-16.el7_0
jakarta-commons-httpclient-manual	3.1-16.el7_0
jakarta-oro	2.0.8-16.el7
jakarta-oro-javadoc	2.0.8-16.el7
jakarta-taglibs-standard	1.1.2-14.el7_1
jakarta-taglibs-standard-javadoc	1.1.2-14.el7_1
jandex	1.0.3-8.el7
jandex-javadoc	1.0.3-8.el7
jansi	1.9-7.el7
jansi-javadoc	1.9-7.el7
jansi-native	1.4-11.el7
jansi-native-javadoc	1.4-11.el7
jansson	2.10-1.el7
jansson-devel	2.10-1.el7
jansson-devel-doc	2.10-1.el7
jarjar	1.4-6.el7
jarjar-javadoc	1.4-6.el7
jarjar-maven-plugin	1.4-6.el7
jasper	1.900.1-33.el7
jasper-devel	1.900.1-33.el7
jasper-libs	1.900.1-33.el7
jasper-utils	1.900.1-33.el7
java-1.6.0-openjdk	1.6.0.41-1.13.13.1.el7_3
java-1.6.0-openjdk-demo	1.6.0.41-1.13.13.1.el7_3
java-1.6.0-openjdk-devel	1.6.0.41-1.13.13.1.el7_3
java-1.6.0-openjdk-javadoc	1.6.0.41-1.13.13.1.el7_3
java-1.6.0-openjdk-src	1.6.0.41-1.13.13.1.el7_3
java-1.7.0-openjdk	1.7.0.261-2.6.22.2.el7_8
java-1.7.0-openjdk-accessibility	1.7.0.261-2.6.22.2.el7_8
java-1.7.0-openjdk-demo	1.7.0.261-2.6.22.2.el7_8
java-1.7.0-openjdk-devel	1.7.0.261-2.6.22.2.el7_8
java-1.7.0-openjdk-headless	1.7.0.261-2.6.22.2.el7_8
java-1.7.0-openjdk-javadoc	1.7.0.261-2.6.22.2.el7_8
java-1.7.0-openjdk-src	1.7.0.261-2.6.22.2.el7_8
java-1.8.0-openjdk	1.8.0.412.b08-1.el7_9
java-1.8.0-openjdk-accessibility	1.8.0.412.b08-1.el7_9
java-1.8.0-openjdk-demo	1.8.0.412.b08-1.el7_9
java-1.8.0-openjdk-devel	1.8.0.412.b08-1.el7_9
java-1.8.0-openjdk-headless	1.8.0.412.b08-1.el7_9
java-1.8.0-openjdk-javadoc	1.8.0.412.b08-1.el7_9
java-1.8.0-openjdk-javadoc-zip	1.8.0.412.b08-1.el7_9
java-1.8.0-openjdk-src	1.8.0.412.b08-1.el7_9
java-11-openjdk	11.0.23.0.9-2.el7_9
java-11-openjdk-demo	11.0.23.0.9-2.el7_9
java-11-openjdk-devel	11.0.23.0.9-2.el7_9
java-11-openjdk-headless	11.0.23.0.9-2.el7_9
java-11-openjdk-javadoc	11.0.23.0.9-2.el7_9
java-11-openjdk-javadoc-zip	11.0.23.0.9-2.el7_9
java-11-openjdk-jmods	11.0.23.0.9-2.el7_9
java-11-openjdk-src	11.0.23.0.9-2.el7_9
java-11-openjdk-static-libs	11.0.23.0.9-2.el7_9
java-atk-wrapper	0.30.4-5.el7
java_cup	0.11a-16.el7
java_cup-javadoc	0.11a-16.el7
java_cup-manual	0.11a-16.el7
javacc	5.0-10.el7
javacc-demo	5.0-10.el7
javacc-javadoc	5.0-10.el7
javacc-manual	5.0-10.el7
javacc-maven-plugin	2.6-17.el7
javacc-maven-plugin-javadoc	2.6-17.el7
javamail	1.4.6-8.el7
javamail-javadoc	1.4.6-8.el7
javapackages-tools	3.4.1-11.el7
javassist	3.16.1-10.el7
javassist-javadoc	3.16.1-10.el7
jaxen	1.1.3-11.el7
jaxen-demo	1.1.3-11.el7
jaxen-javadoc	1.1.3-11.el7
jbigkit	2.0-11.el7
jbigkit-devel	2.0-11.el7
jbigkit-libs	2.0-11.el7
jboss-annotations-1.1-api	1.0.1-0.6.20120212git76e1a2.el7
jboss-annotations-1.1-api-javadoc	1.0.1-0.6.20120212git76e1a2.el7
jboss-ejb-3.1-api	1.0.2-10.el7
jboss-ejb-3.1-api-javadoc	1.0.2-10.el7
jboss-el-2.2-api	1.0.1-0.7.20120212git2fabd8.el7
jboss-el-2.2-api-javadoc	1.0.1-0.7.20120212git2fabd8.el7
jboss-interceptors-1.1-api	1.0.2-0.9.20120319git49a904.el7
jboss-interceptors-1.1-api-javadoc	1.0.2-0.9.20120319git49a904.el7
jboss-jaxrpc-1.1-api	1.0.1-7.el7
jboss-jaxrpc-1.1-api-javadoc	1.0.1-7.el7
jboss-parent	6-12.el7
jboss-servlet-2.5-api	1.0.1-5.el7
jboss-servlet-2.5-api-javadoc	1.0.1-5.el7
jboss-servlet-3.0-api	1.0.1-9.el7
jboss-servlet-3.0-api-javadoc	1.0.1-9.el7
jboss-specs-parent	1.0.0-0.8.Beta2.el7
jboss-transaction-1.1-api	1.0.1-8.el7
jboss-transaction-1.1-api-javadoc	1.0.1-8.el7
jdepend	2.9.1-10.el7
jdepend-demo	2.9.1-10.el7
jdepend-javadoc	2.9.1-10.el7
jdependency	0.7-10.el7
jdependency-javadoc	0.7-10.el7
jdom	1.1.3-6.el7
jdom-demo	1.1.3-6.el7
jdom-javadoc	1.1.3-6.el7
jettison	1.3.3-4.el7
jettison-javadoc	1.3.3-4.el7
jetty-annotations	9.0.3-8.el7
jetty-ant	9.0.3-8.el7
jetty-artifact-remote-resources	1.0-10.el7
jetty-assembly-descriptors	1.0-9.el7
jetty-build-support	1.1-9.el7
jetty-build-support-javadoc	1.1-9.el7
jetty-client	9.0.3-8.el7
jetty-continuation	9.0.3-8.el7
jetty-deploy	9.0.3-8.el7
jetty-distribution-remote-resources	1.1-8.el7
jetty-http	9.0.3-8.el7
jetty-io	9.0.3-8.el7
jetty-jaas	9.0.3-8.el7
jetty-jaspi	9.0.3-8.el7
jetty-javadoc	9.0.3-8.el7
jetty-jmx	9.0.3-8.el7
jetty-jndi	9.0.3-8.el7
jetty-jsp	9.0.3-8.el7
jetty-jspc-maven-plugin	9.0.3-8.el7
jetty-maven-plugin	9.0.3-8.el7
jetty-monitor	9.0.3-8.el7
jetty-parent	19-8.el7
jetty-plus	9.0.3-8.el7
jetty-project	9.0.3-8.el7
jetty-proxy	9.0.3-8.el7
jetty-rewrite	9.0.3-8.el7
jetty-runner	9.0.3-8.el7
jetty-security	9.0.3-8.el7
jetty-server	9.0.3-8.el7
jetty-servlet	9.0.3-8.el7
jetty-servlets	9.0.3-8.el7
jetty-start	9.0.3-8.el7
jetty-test-policy	1.2-10.el7
jetty-test-policy-javadoc	1.2-10.el7
jetty-toolchain	1.4-9.el7
jetty-util	9.0.3-8.el7
jetty-util-ajax	9.0.3-8.el7
jetty-version-maven-plugin	1.0.7-9.el7
jetty-version-maven-plugin-javadoc	1.0.7-9.el7
jetty-webapp	9.0.3-8.el7
jetty-websocket-api	9.0.3-8.el7
jetty-websocket-client	9.0.3-8.el7
jetty-websocket-common	9.0.3-8.el7
jetty-websocket-parent	9.0.3-8.el7
jetty-websocket-server	9.0.3-8.el7
jetty-websocket-servlet	9.0.3-8.el7
jetty-xml	9.0.3-8.el7
jflex	1.4.3-20.el7
jflex-javadoc	1.4.3-20.el7
jing	20091111-14.el7
jing-javadoc	20091111-14.el7
jline	1.0-8.el7
jline-demo	1.0-8.el7
jline-javadoc	1.0-8.el7
jna	3.5.2-8.el7
jna-contrib	3.5.2-8.el7
jna-javadoc	3.5.2-8.el7
joda-convert	1.3-5.el7
joda-convert-javadoc	1.3-5.el7
joda-time	2.2-3.tzdata2013c.el7
joda-time-javadoc	2.2-3.tzdata2013c.el7
jomolhari-fonts	0.003-17.el7
jose	10-1.el7
js	1.8.5-20.el7
js-devel	1.8.5-20.el7
jsch	0.1.50-5.el7
jsch-demo	0.1.50-5.el7
jsch-javadoc	0.1.50-5.el7
json-c	0.11-4.el7_0
json-c-devel	0.11-4.el7_0
json-c-doc	0.11-4.el7_0
json-glib	1.4.2-2.el7
json-glib-devel	1.4.2-2.el7
json-glib-tests	1.4.2-2.el7
jsoup	1.6.1-10.el7
jsoup-javadoc	1.6.1-10.el7
jsr-305	0-0.18.20090319svn.el7
jsr-305-javadoc	0-0.18.20090319svn.el7
jsr-311	1.1.1-6.el7
jsr-311-javadoc	1.1.1-6.el7
jss	4.4.9-3.el7
jss-javadoc	4.4.9-3.el7
jtidy	1.0-0.16.20100930svn1125.el7
jtidy-javadoc	1.0-0.16.20100930svn1125.el7
juk	4.10.5-3.el7
junit	4.11-8.el7
junit-demo	4.11-8.el7
junit-javadoc	4.11-8.el7
junit-manual	4.11-8.el7
jvnet-parent	4-2.el7
jzlib	1.1.1-6.el7
jzlib-demo	1.1.1-6.el7
jzlib-javadoc	1.1.1-6.el7
k3b	2.0.2-17.el7
k3b-common	2.0.2-17.el7
k3b-devel	2.0.2-17.el7
k3b-libs	2.0.2-17.el7
kabi-yum-plugins	1.0-3.el7.centos
kaccessible	4.10.5-3.el7
kaccessible-libs	4.10.5-3.el7
kacst-art-fonts	2.0-12.el7
kacst-book-fonts	2.0-12.el7
kacst-decorative-fonts	2.0-12.el7
kacst-digital-fonts	2.0-12.el7
kacst-farsi-fonts	2.0-12.el7
kacst-fonts-common	2.0-12.el7
kacst-letter-fonts	2.0-12.el7
kacst-naskh-fonts	2.0-12.el7
kacst-office-fonts	2.0-12.el7
kacst-one-fonts	2.0-12.el7
kacst-pen-fonts	2.0-12.el7
kacst-poster-fonts	2.0-12.el7
kacst-qurn-fonts	2.0-12.el7
kacst-screen-fonts	2.0-12.el7
kacst-title-fonts	2.0-12.el7
kacst-titlel-fonts	2.0-12.el7
kactivities	4.10.5-3.el7
kactivities-devel	4.10.5-3.el7
kamera	4.10.5-5.el7
kate	4.10.5-6.el7
kate-devel	4.10.5-6.el7
kate-libs	4.10.5-6.el7
kate-part	4.10.5-6.el7
kbd	1.15.5-16.el7_9
kbd-legacy	1.15.5-16.el7_9
kbd-misc	1.15.5-16.el7_9
kcalc	4.10.5-4.el7
kcharselect	4.10.5-3.el7
kcm-gtk	0.5.3-14.el7
kcm_colors	4.11.19-16.el7_9
kcm_touchpad	0.3.1-11.el7
kcolorchooser	4.10.5-3.el7
kcoloredit	4.4.0-9.el7
kde-base-artwork	4.10.5-2.el7
kde-baseapps	4.10.5-6.el7
kde-baseapps-devel	4.10.5-6.el7
kde-baseapps-libs	4.10.5-6.el7
kde-filesystem	4-47.el7
kde-l10n	4.10.5-2.el7
kde-l10n-Arabic	4.10.5-2.el7
kde-l10n-Basque	4.10.5-2.el7
kde-l10n-Bosnian	4.10.5-2.el7
kde-l10n-Brazil	4.10.5-2.el7
kde-l10n-British	4.10.5-2.el7
kde-l10n-Bulgarian	4.10.5-2.el7
kde-l10n-Catalan	4.10.5-2.el7
kde-l10n-Catalan-Valencian	4.10.5-2.el7
kde-l10n-Chinese	4.10.5-2.el7
kde-l10n-Chinese-Traditional	4.10.5-2.el7
kde-l10n-Croatian	4.10.5-2.el7
kde-l10n-Czech	4.10.5-2.el7
kde-l10n-Danish	4.10.5-2.el7
kde-l10n-Dutch	4.10.5-2.el7
kde-l10n-Estonian	4.10.5-2.el7
kde-l10n-Farsi	4.10.5-2.el7
kde-l10n-Finnish	4.10.5-2.el7
kde-l10n-French	4.10.5-2.el7
kde-l10n-Galician	4.10.5-2.el7
kde-l10n-German	4.10.5-2.el7
kde-l10n-Greek	4.10.5-2.el7
kde-l10n-Hebrew	4.10.5-2.el7
kde-l10n-Hindi	4.10.5-2.el7
kde-l10n-Hungarian	4.10.5-2.el7
kde-l10n-Icelandic	4.10.5-2.el7
kde-l10n-Interlingua	4.10.5-2.el7
kde-l10n-Irish	4.10.5-2.el7
kde-l10n-Italian	4.10.5-2.el7
kde-l10n-Japanese	4.10.5-2.el7
kde-l10n-Kazakh	4.10.5-2.el7
kde-l10n-Khmer	4.10.5-2.el7
kde-l10n-Korean	4.10.5-2.el7
kde-l10n-Latvian	4.10.5-2.el7
kde-l10n-Lithuanian	4.10.5-2.el7
kde-l10n-LowSaxon	4.10.5-2.el7
kde-l10n-Marathi	4.10.5-2.el7
kde-l10n-Norwegian	4.10.5-2.el7
kde-l10n-Norwegian-Nynorsk	4.10.5-2.el7
kde-l10n-Polish	4.10.5-2.el7
kde-l10n-Portuguese	4.10.5-2.el7
kde-l10n-Punjabi	4.10.5-2.el7
kde-l10n-Romanian	4.10.5-2.el7
kde-l10n-Russian	4.10.5-2.el7
kde-l10n-Serbian	4.10.5-2.el7
kde-l10n-Sinhala	4.10.5-2.el7
kde-l10n-Slovak	4.10.5-2.el7
kde-l10n-Slovenian	4.10.5-2.el7
kde-l10n-Spanish	4.10.5-2.el7
kde-l10n-Swedish	4.10.5-2.el7
kde-l10n-Tajik	4.10.5-2.el7
kde-l10n-Thai	4.10.5-2.el7
kde-l10n-Turkish	4.10.5-2.el7
kde-l10n-Ukrainian	4.10.5-2.el7
kde-l10n-Uyghur	4.10.5-2.el7
kde-l10n-Vietnamese	4.10.5-2.el7
kde-l10n-Walloon	4.10.5-2.el7
kde-plasma-networkmanagement	0.9.0.9-9.el7
kde-plasma-networkmanagement-libreswan	0.9.0.9-9.el7
kde-plasma-networkmanagement-libs	0.9.0.9-9.el7
kde-plasma-networkmanagement-mobile	0.9.0.9-9.el7
kde-print-manager	4.10.5-4.el7
kde-runtime	4.10.5-11.el7
kde-runtime-devel	4.10.5-11.el7
kde-runtime-drkonqi	4.10.5-11.el7
kde-runtime-libs	4.10.5-11.el7
kde-settings	19-23.12.el7.centos
kde-settings-ksplash	19-23.12.el7.centos
kde-settings-minimal	19-23.12.el7.centos
kde-settings-plasma	19-23.12.el7.centos
kde-settings-pulseaudio	19-23.12.el7.centos
kde-style-oxygen	4.11.19-16.el7_9
kde-style-phase	4.10.5-4.el7
kde-wallpapers	4.10.5-2.el7
kde-workspace	4.11.19-16.el7_9
kde-workspace-devel	4.11.19-16.el7_9
kde-workspace-ksplash-themes	4.11.19-16.el7_9
kde-workspace-libs	4.11.19-16.el7_9
kdeaccessibility	4.10.5-2.el7
kdeadmin	4.10.5-4.el7
kdeartwork	4.10.5-4.el7
kdeartwork-screensavers	4.10.5-4.el7
kdeartwork-sounds	4.10.5-4.el7
kdeartwork-wallpapers	4.10.5-4.el7
kdeclassic-cursor-theme	4.11.19-16.el7_9
kdegraphics	4.10.5-3.el7
kdegraphics-devel	4.10.5-3.el7
kdegraphics-libs	4.10.5-3.el7
kdegraphics-strigi-analyzer	4.10.5-3.el7
kdegraphics-thumbnailers	4.10.5-3.el7
kdelibs	4.14.8-13.el7
kdelibs-apidocs	4.14.8-13.el7
kdelibs-common	4.14.8-13.el7
kdelibs-devel	4.14.8-13.el7
kdelibs-ktexteditor	4.14.8-13.el7
kdemultimedia	4.10.5-2.el7
kdemultimedia-common	4.10.5-2.el7
kdemultimedia-devel	4.10.5-2.el7
kdemultimedia-libs	4.10.5-2.el7
kdenetwork	4.10.5-8.el7_0
kdenetwork-common	4.10.5-8.el7_0
kdenetwork-devel	4.10.5-8.el7_0
kdenetwork-fileshare-samba	4.10.5-8.el7_0
kdenetwork-kdnssd	4.10.5-8.el7_0
kdenetwork-kget	4.10.5-8.el7_0
kdenetwork-kget-libs	4.10.5-8.el7_0
kdenetwork-kopete	4.10.5-8.el7_0
kdenetwork-kopete-devel	4.10.5-8.el7_0
kdenetwork-kopete-libs	4.10.5-8.el7_0
kdenetwork-krdc	4.10.5-8.el7_0
kdenetwork-krdc-devel	4.10.5-8.el7_0
kdenetwork-krdc-libs	4.10.5-8.el7_0
kdenetwork-krfb	4.10.5-8.el7_0
kdenetwork-krfb-libs	4.10.5-8.el7_0
kdepim	4.10.5-7.el7
kdepim-devel	4.10.5-7.el7
kdepim-libs	4.10.5-7.el7
kdepim-runtime	4.10.5-3.el7
kdepim-runtime-libs	4.10.5-3.el7
kdepimlibs	4.10.5-4.el7
kdepimlibs-akonadi	4.10.5-4.el7
kdepimlibs-apidocs	4.10.5-4.el7
kdepimlibs-devel	4.10.5-4.el7
kdepimlibs-kxmlrpcclient	4.10.5-4.el7
kdeplasma-addons	4.10.5-5.el7
kdeplasma-addons-devel	4.10.5-5.el7
kdeplasma-addons-libs	4.10.5-5.el7
kdesdk	4.10.5-8.el7
kdesdk-cervisia	4.10.5-8.el7
kdesdk-common	4.10.5-8.el7
kdesdk-devel	4.10.5-8.el7
kdesdk-dolphin-plugins	4.10.5-8.el7
kdesdk-kapptemplate	4.10.5-8.el7
kdesdk-kapptemplate-template	4.10.5-8.el7
kdesdk-kcachegrind	4.10.5-8.el7
kdesdk-kioslave	4.10.5-8.el7
kdesdk-kmtrace	4.10.5-8.el7
kdesdk-kmtrace-devel	4.10.5-8.el7
kdesdk-kmtrace-libs	4.10.5-8.el7
kdesdk-kompare	4.10.5-8.el7
kdesdk-kompare-devel	4.10.5-8.el7
kdesdk-kompare-libs	4.10.5-8.el7
kdesdk-kpartloader	4.10.5-8.el7
kdesdk-kstartperf	4.10.5-8.el7
kdesdk-kuiviewer	4.10.5-8.el7
kdesdk-lokalize	4.10.5-8.el7
kdesdk-okteta	4.10.5-8.el7
kdesdk-okteta-devel	4.10.5-8.el7
kdesdk-okteta-libs	4.10.5-8.el7
kdesdk-poxml	4.10.5-8.el7
kdesdk-scripts	4.10.5-8.el7
kdesdk-strigi-analyzer	4.10.5-8.el7
kdesdk-thumbnailers	4.10.5-8.el7
kdesdk-umbrello	4.10.5-8.el7
kdeutils	4.10.5-3.el7
kdeutils-common	4.10.5-3.el7
kdeutils-minimal	4.10.5-3.el7
kdf	4.10.5-3.el7
keepalived	1.3.5-19.el7
kernel	3.10.0-1160.119.1.el7
kernel-abi-whitelists	3.10.0-1160.119.1.el7
kernel-debug	3.10.0-1160.119.1.el7
kernel-debug-devel	3.10.0-1160.119.1.el7
kernel-devel	3.10.0-1160.119.1.el7
kernel-doc	3.10.0-1160.119.1.el7
kernel-headers	3.10.0-1160.119.1.el7
kernel-tools	3.10.0-1160.119.1.el7
kernel-tools-libs	3.10.0-1160.119.1.el7
kernel-tools-libs-devel	3.10.0-1160.119.1.el7
kexec-tools	2.0.15-51.el7_9.3
kexec-tools-anaconda-addon	2.0.15-51.el7_9.3
kexec-tools-eppic	2.0.15-51.el7_9.3
keybinder3	0.3.0-1.el7
keybinder3-devel	0.3.0-1.el7
keybinder3-doc	0.3.0-1.el7
keycloak-httpd-client-install	0.8-1.el7
keytool-maven-plugin	1.0-13.el7
keytool-maven-plugin-javadoc	1.0-13.el7
keyutils	1.5.8-3.el7
keyutils-libs	1.5.8-3.el7
keyutils-libs-devel	1.5.8-3.el7
kgamma	4.10.5-3.el7
kgpg	4.10.5-4.el7
kgreeter-plugins	4.11.19-16.el7_9
khmeros-base-fonts	5.0-17.el7
khmeros-battambang-fonts	5.0-17.el7
khmeros-bokor-fonts	5.0-17.el7
khmeros-fonts-common	5.0-17.el7
khmeros-handwritten-fonts	5.0-17.el7
khmeros-metal-chrieng-fonts	5.0-17.el7
khmeros-muol-fonts	5.0-17.el7
khmeros-siemreap-fonts	5.0-17.el7
khotkeys	4.11.19-16.el7_9
khotkeys-libs	4.11.19-16.el7_9
kiconedit	4.4.0-10.el7
kinfocenter	4.11.19-16.el7_9
kio_sysinfo	20090930-8.el7
kmag	4.10.5-4.el7
kmenuedit	4.11.19-16.el7_9
kmix	4.10.5-4.el7
kmod	20-28.el7
kmod-devel	20-28.el7
kmod-kvdo	6.1.3.23-5.el7
kmod-libs	20-28.el7
kmod-oracleasm	2.0.8-28.el7
kolourpaint	4.10.5-4.el7
kolourpaint-libs	4.10.5-4.el7
konkretcmpi	0.9.1-5.el7
konkretcmpi-devel	0.9.1-5.el7
konkretcmpi-python	0.9.1-5.el7
konsole	4.10.5-5.el7
konsole-part	4.10.5-5.el7
kpartx	0.4.9-136.el7_9
kpatch	0.6.1-6.el7
krb5-devel	1.15.1-55.el7_9
krb5-libs	1.15.1-55.el7_9
krb5-pkinit	1.15.1-55.el7_9
krb5-server	1.15.1-55.el7_9
krb5-server-ldap	1.15.1-55.el7_9
krb5-workstation	1.15.1-55.el7_9
kross-interpreters	4.10.5-8.el7
kross-python	4.10.5-8.el7
kross-ruby	4.10.5-8.el7
kruler	4.10.5-3.el7
ksaneplugin	4.10.5-3.el7
ksc	0.11.0-1.el7
kscreen	1.0.1-9.el7
ksh	20120801-144.el7_9
ksnapshot	4.10.5-3.el7
ksshaskpass	0.5.3-7.el7
ksysguard	4.11.19-16.el7_9
ksysguard-libs	4.11.19-16.el7_9
ksysguardd	4.11.19-16.el7_9
ktimer	4.10.5-3.el7
kurdit-unikurd-web-fonts	20020502-11.el7
kwallet	4.10.5-3.el7
kwin	4.11.19-16.el7_9
kwin-gles	4.11.19-16.el7_9
kwin-gles-libs	4.11.19-16.el7_9
kwin-libs	4.11.19-16.el7_9
kwrite	4.10.5-6.el7
kxml	2.3.0-5.el7
kxml-javadoc	2.3.0-5.el7
ladspa	1.13-12.el7
ladspa-devel	1.13-12.el7
langtable	0.0.31-4.el7
langtable-data	0.0.31-4.el7
langtable-python	0.0.31-4.el7
lapack	3.4.2-8.el7
lapack-devel	3.4.2-8.el7
lapack-static	3.4.2-8.el7
lapack64	3.4.2-8.el7
lapack64-devel	3.4.2-8.el7
lapack64-static	3.4.2-8.el7
lasso	2.5.1-8.el7_9
lasso-devel	2.5.1-8.el7_9
lasso-python	2.5.1-8.el7_9
latencytop	0.5-13.el7
latencytop-common	0.5-13.el7
latencytop-tui	0.5-13.el7
latex2html	2012-3.el7
latrace	0.5.11-6.1.el7
lcms2	2.6-3.el7
lcms2-devel	2.6-3.el7
lcms2-utils	2.6-3.el7
ldapjdk	4.19-5.el7
ldapjdk-javadoc	4.19-5.el7
ldb-tools	1.5.4-2.el7
ldns	1.6.16-10.el7
ldns-devel	1.6.16-10.el7
ldns-doc	1.6.16-10.el7
ldns-python	1.6.16-10.el7
ledmon	0.92-1.el7
lemon	3.7.17-8.el7_7.1
less	458-10.el7_9
lftp	4.4.8-14.el7_9
lftp-scripts	4.4.8-14.el7_9
libGLEW	1.10.0-5.el7
libGLEWmx	1.10.0-5.el7
libICE	1.0.9-9.el7
libICE-devel	1.0.9-9.el7
libIDL	0.8.14-8.el7
libIDL-devel	0.8.14-8.el7
libSM	1.2.2-2.el7
libSM-devel	1.2.2-2.el7
libX11	1.6.7-5.el7_9
libX11-common	1.6.7-5.el7_9
libX11-devel	1.6.7-5.el7_9
libXScrnSaver	1.2.2-6.1.el7
libXScrnSaver-devel	1.2.2-6.1.el7
libXau	1.0.8-2.1.el7
libXau-devel	1.0.8-2.1.el7
libXaw	1.0.13-4.el7
libXaw-devel	1.0.13-4.el7
libXcomposite	0.4.4-4.1.el7
libXcomposite-devel	0.4.4-4.1.el7
libXcursor	1.1.15-1.el7
libXcursor-devel	1.1.15-1.el7
libXdamage	1.1.4-4.1.el7
libXdamage-devel	1.1.4-4.1.el7
libXdmcp	1.1.2-6.el7
libXdmcp-devel	1.1.2-6.el7
libXevie	1.0.3-7.1.el7
libXevie-devel	1.0.3-7.1.el7
libXext	1.3.3-3.el7
libXext-devel	1.3.3-3.el7
libXfixes	5.0.3-1.el7
libXfixes-devel	5.0.3-1.el7
libXfont	1.5.4-1.el7
libXfont-devel	1.5.4-1.el7
libXfont2	2.0.3-1.el7
libXfont2-devel	2.0.3-1.el7
libXft	2.3.2-2.el7
libXft-devel	2.3.2-2.el7
libXi	1.7.9-1.el7
libXi-devel	1.7.9-1.el7
libXinerama	1.1.3-2.1.el7
libXinerama-devel	1.1.3-2.1.el7
libXmu	1.1.2-2.el7
libXmu-devel	1.1.2-2.el7
libXp	1.0.2-2.1.el7
libXp-devel	1.0.2-2.1.el7
libXpm	3.5.12-2.el7_9
libXpm-devel	3.5.12-2.el7_9
libXrandr	1.5.1-2.el7
libXrandr-devel	1.5.1-2.el7
libXrender	0.9.10-1.el7
libXrender-devel	0.9.10-1.el7
libXres	1.2.0-1.el7
libXres-devel	1.2.0-1.el7
libXt	1.1.5-3.el7
libXt-devel	1.1.5-3.el7
libXtst	1.2.3-1.el7
libXtst-devel	1.2.3-1.el7
libXv	1.0.11-1.el7
libXv-devel	1.0.11-1.el7
libXvMC	1.0.10-1.el7
libXvMC-devel	1.0.10-1.el7
libXxf86dga	1.1.4-2.1.el7
libXxf86dga-devel	1.1.4-2.1.el7
libXxf86misc	1.0.3-7.1.el7
libXxf86misc-devel	1.0.3-7.1.el7
libXxf86vm	1.1.4-1.el7
libXxf86vm-devel	1.1.4-1.el7
libabw	0.1.1-2.el7
libabw-devel	0.1.1-2.el7
libabw-doc	0.1.1-2.el7
libabw-tools	0.1.1-2.el7
libacl	2.2.51-15.el7
libacl-devel	2.2.51-15.el7
libaio	0.3.109-13.el7
libaio-devel	0.3.109-13.el7
libao	1.1.0-8.el7
libao-devel	1.1.0-8.el7
libappindicator	12.10.0-13.el7
libappindicator-devel	12.10.0-13.el7
libappindicator-docs	12.10.0-13.el7
libappindicator-gtk3	12.10.0-13.el7
libappindicator-gtk3-devel	12.10.0-13.el7
libappstream-glib	0.7.8-2.el7
libappstream-glib-builder	0.7.8-2.el7
libappstream-glib-builder-devel	0.7.8-2.el7
libappstream-glib-devel	0.7.8-2.el7
libarchive	3.1.2-14.el7_7
libarchive-devel	3.1.2-14.el7_7
libart_lgpl	2.3.21-10.el7
libart_lgpl-devel	2.3.21-10.el7
libasan	4.8.5-44.el7
libasan-static	4.8.5-44.el7
libassuan	2.1.0-3.el7
libassuan-devel	2.1.0-3.el7
libasyncns	0.8-7.el7
libasyncns-devel	0.8-7.el7
libatasmart	0.19-6.el7
libatasmart-devel	0.19-6.el7
libatomic	4.8.5-44.el7
libatomic-static	4.8.5-44.el7
libatomic_ops-devel	7.2d-7.el7
libattr	2.4.46-13.el7
libattr-devel	2.4.46-13.el7
libavc1394	0.5.3-14.el7
libavc1394-devel	0.5.3-14.el7
libbase	1.1.3-10.el7
libbase-javadoc	1.1.3-10.el7
libbasicobjects	0.1.1-32.el7
libbasicobjects-devel	0.1.1-32.el7
libblkid	2.23.2-65.el7_9.1
libblkid-devel	2.23.2-65.el7_9.1
libblockdev	2.18-5.el7
libblockdev-btrfs	2.18-5.el7
libblockdev-btrfs-devel	2.18-5.el7
libblockdev-crypto	2.18-5.el7
libblockdev-crypto-devel	2.18-5.el7
libblockdev-devel	2.18-5.el7
libblockdev-dm	2.18-5.el7
libblockdev-dm-devel	2.18-5.el7
libblockdev-fs	2.18-5.el7
libblockdev-fs-devel	2.18-5.el7
libblockdev-kbd	2.18-5.el7
libblockdev-kbd-devel	2.18-5.el7
libblockdev-loop	2.18-5.el7
libblockdev-loop-devel	2.18-5.el7
libblockdev-lvm	2.18-5.el7
libblockdev-lvm-devel	2.18-5.el7
libblockdev-mdraid	2.18-5.el7
libblockdev-mdraid-devel	2.18-5.el7
libblockdev-mpath	2.18-5.el7
libblockdev-mpath-devel	2.18-5.el7
libblockdev-nvdimm	2.18-5.el7
libblockdev-nvdimm-devel	2.18-5.el7
libblockdev-part	2.18-5.el7
libblockdev-part-devel	2.18-5.el7
libblockdev-plugins-all	2.18-5.el7
libblockdev-swap	2.18-5.el7
libblockdev-swap-devel	2.18-5.el7
libblockdev-utils	2.18-5.el7
libblockdev-utils-devel	2.18-5.el7
libblockdev-vdo	2.18-5.el7
libblockdev-vdo-devel	2.18-5.el7
libbluedevil	2.1-1.el7
libbluedevil-devel	2.1-1.el7
libbluray	0.2.3-6.el7
libbluray-devel	0.2.3-6.el7
libbonobo	2.32.1-7.el7
libbonobo-devel	2.32.1-7.el7
libbonoboui	2.24.5-7.el7
libbonoboui-devel	2.24.5-7.el7
libburn	1.2.8-4.el7
libburn-devel	1.2.8-4.el7
libbytesize	1.2-1.el7
libbytesize-devel	1.2-1.el7
libcacard	2.7.0-1.el7
libcacard-devel	2.7.0-1.el7
libcacard-tools	2.7.0-1.el7
libcanberra	0.30-9.el7
libcanberra-devel	0.30-9.el7
libcanberra-gtk2	0.30-9.el7
libcanberra-gtk3	0.30-9.el7
libcap	2.22-11.el7
libcap-devel	2.22-11.el7
libcap-ng	0.7.5-4.el7
libcap-ng-devel	0.7.5-4.el7
libcap-ng-python	0.7.5-4.el7
libcap-ng-utils	0.7.5-4.el7
libcdio	0.92-3.el7
libcdio-devel	0.92-3.el7
libcdio-paranoia	10.2+0.90-11.el7
libcdio-paranoia-devel	10.2+0.90-11.el7
libcdr	0.1.4-1.el7
libcdr-devel	0.1.4-1.el7
libcdr-doc	0.1.4-1.el7
libcdr-tools	0.1.4-1.el7
libcgroup	0.41-21.el7
libcgroup-devel	0.41-21.el7
libcgroup-pam	0.41-21.el7
libcgroup-tools	0.41-21.el7
libchamplain	0.12.16-2.el7
libchamplain-demos	0.12.16-2.el7
libchamplain-devel	0.12.16-2.el7
libchamplain-gtk	0.12.16-2.el7
libchewing	0.3.4-6.el7
libchewing-devel	0.3.4-6.el7
libchewing-python	0.3.4-6.el7
libcmis	0.5.1-2.el7
libcmis-devel	0.5.1-2.el7
libcmis-tools	0.5.1-2.el7
libcmpiCppImpl0	2.0.3-5.el7
libcmpiutil	0.5.7-3.el7
libcmpiutil-devel	0.5.7-3.el7
libcollection	0.7.0-32.el7
libcollection-devel	0.7.0-32.el7
libcom_err	1.42.9-19.el7
libcom_err-devel	1.42.9-19.el7
libconfig	1.4.9-5.el7
libconfig-devel	1.4.9-5.el7
libcroco	0.6.12-6.el7_9
libcroco-devel	0.6.12-6.el7_9
libcryptui	3.12.2-1.el7
libcryptui-devel	3.12.2-1.el7
libcurl	7.29.0-59.el7_9.2
libcurl-devel	7.29.0-59.el7_9.2
libdaemon	0.14-7.el7
libdaemon-devel	0.14-7.el7
libdb	5.3.21-25.el7
libdb-cxx	5.3.21-25.el7
libdb-cxx-devel	5.3.21-25.el7
libdb-devel	5.3.21-25.el7
libdb-devel-doc	5.3.21-25.el7
libdb-devel-static	5.3.21-25.el7
libdb-java	5.3.21-25.el7
libdb-java-devel	5.3.21-25.el7
libdb-sql	5.3.21-25.el7
libdb-sql-devel	5.3.21-25.el7
libdb-tcl	5.3.21-25.el7
libdb-tcl-devel	5.3.21-25.el7
libdb-utils	5.3.21-25.el7
libdbi	0.8.4-6.el7
libdbi-dbd-mysql	0.8.3-16.el7
libdbi-dbd-pgsql	0.8.3-16.el7
libdbi-dbd-sqlite	0.8.3-16.el7
libdbi-devel	0.8.4-6.el7
libdbi-drivers	0.8.3-16.el7
libdbusmenu	16.04.0-4.el7
libdbusmenu-devel	16.04.0-4.el7
libdbusmenu-doc	16.04.0-4.el7
libdbusmenu-gtk2	16.04.0-4.el7
libdbusmenu-gtk2-devel	16.04.0-4.el7
libdbusmenu-gtk3	16.04.0-4.el7
libdbusmenu-gtk3-devel	16.04.0-4.el7
libdbusmenu-jsonloader	16.04.0-4.el7
libdbusmenu-jsonloader-devel	16.04.0-4.el7
libdbusmenu-tools	16.04.0-4.el7
libdhash	0.5.0-32.el7
libdhash-devel	0.5.0-32.el7
libdmapsharing	2.9.37-1.el7
libdmapsharing-devel	2.9.37-1.el7
libdmmp	0.4.9-136.el7_9
libdmmp-devel	0.4.9-136.el7_9
libdmx	1.1.3-3.el7
libdmx-devel	1.1.3-3.el7
libdnet	1.12-13.1.el7
libdnet-devel	1.12-13.1.el7
libdnet-progs	1.12-13.1.el7
libdnet-python	1.12-13.1.el7
libdrm	2.4.97-2.el7
libdrm-devel	2.4.97-2.el7
libdv	1.0.0-17.el7
libdv-devel	1.0.0-17.el7
libdv-tools	1.0.0-17.el7
libdvdnav	5.0.3-1.el7
libdvdnav-devel	5.0.3-1.el7
libdvdread	5.0.3-3.el7
libdvdread-devel	5.0.3-3.el7
libdwarf	20130207-4.el7
libdwarf-devel	20130207-4.el7
libdwarf-static	20130207-4.el7
libdwarf-tools	20130207-4.el7
libeasyfc	0.13.0-3.el7
libeasyfc-devel	0.13.0-3.el7
libeasyfc-gobject	0.13.0-3.el7
libeasyfc-gobject-devel	0.13.0-3.el7
libecap	1.0.0-1.el7
libecap-devel	1.0.0-1.el7
libedit	3.0-12.20121213cvs.el7
libedit-devel	3.0-12.20121213cvs.el7
libee	0.4.1-6.el7
libee-devel	0.4.1-6.el7
libee-utils	0.4.1-6.el7
libepoxy	1.5.2-1.el7
libepoxy-devel	1.5.2-1.el7
liberation-fonts	1.07.2-16.el7
liberation-fonts-common	1.07.2-16.el7
liberation-mono-fonts	1.07.2-16.el7
liberation-narrow-fonts	1.07.2-16.el7
liberation-sans-fonts	1.07.2-16.el7
liberation-serif-fonts	1.07.2-16.el7
libesmtp	1.0.6-7.el7
libesmtp-devel	1.0.6-7.el7
libestr	0.1.9-2.el7
libestr-devel	0.1.9-2.el7
libetonyek	0.1.7-1.el7
libetonyek-devel	0.1.7-1.el7
libetonyek-doc	0.1.7-1.el7
libetonyek-tools	0.1.7-1.el7
libevdev	1.5.6-1.el7
libevdev-devel	1.5.6-1.el7
libevdev-utils	1.5.6-1.el7
libevent	2.0.21-4.el7
libevent-devel	2.0.21-4.el7
libevent-doc	2.0.21-4.el7
libexif	0.6.22-2.el7_9
libexif-devel	0.6.22-2.el7_9
libexif-doc	0.6.22-2.el7_9
libexttextcat	3.4.1-3.el7
libexttextcat-devel	3.4.1-3.el7
libexttextcat-tools	3.4.1-3.el7
libfabric	1.7.2-1.el7
libfabric-devel	1.7.2-1.el7
libfastjson	0.99.4-3.el7
libfastjson-devel	0.99.4-3.el7
libffi	3.0.13-19.el7
libffi-devel	3.0.13-19.el7
libfontenc	1.1.3-3.el7
libfontenc-devel	1.1.3-3.el7
libfonts	1.1.3-13.el7
libfonts-javadoc	1.1.3-13.el7
libformula	1.1.3-10.el7
libformula-javadoc	1.1.3-10.el7
libfprint	0.8.2-1.el7
libfprint-devel	0.8.2-1.el7
libfreehand	0.1.1-1.el7
libfreehand-devel	0.1.1-1.el7
libfreehand-doc	0.1.1-1.el7
libfreehand-tools	0.1.1-1.el7
libgcab1	0.7-4.el7_4
libgcab1-devel	0.7-4.el7_4
libgcc	4.8.5-44.el7
libgcrypt	1.5.3-14.el7
libgcrypt-devel	1.5.3-14.el7
libgdata	0.17.9-1.el7
libgdata-devel	0.17.9-1.el7
libgdither	0.6-8.el7
libgdither-devel	0.6-8.el7
libgee	0.20.1-1.el7
libgee-devel	0.20.1-1.el7
libgee06	0.6.8-3.el7
libgee06-devel	0.6.8-3.el7
libgepub	0.6.0-1.el7
libgepub-devel	0.6.0-1.el7
libgexiv2	0.10.8-1.el7
libgexiv2-devel	0.10.8-1.el7
libgfortran	4.8.5-44.el7
libgfortran-static	4.8.5-44.el7
libgfortran4	8.3.1-2.1.1.el7
libgfortran5	8.3.1-2.1.1.el7
libglade2	2.6.4-11.el7
libglade2-devel	2.6.4-11.el7
libglvnd	1.0.1-0.8.git5baa1e5.el7
libglvnd-core-devel	1.0.1-0.8.git5baa1e5.el7
libglvnd-devel	1.0.1-0.8.git5baa1e5.el7
libglvnd-egl	1.0.1-0.8.git5baa1e5.el7
libglvnd-gles	1.0.1-0.8.git5baa1e5.el7
libglvnd-glx	1.0.1-0.8.git5baa1e5.el7
libglvnd-opengl	1.0.1-0.8.git5baa1e5.el7
libgnat	4.8.5-44.el7
libgnat-devel	4.8.5-44.el7
libgnat-static	4.8.5-44.el7
libgnome	2.32.1-9.el7
libgnome-devel	2.32.1-9.el7
libgnome-keyring	3.12.0-1.el7
libgnome-keyring-devel	3.12.0-1.el7
libgnomecanvas	2.30.3-8.el7
libgnomecanvas-devel	2.30.3-8.el7
libgnomekbd	3.26.0-3.el7
libgnomekbd-devel	3.26.0-3.el7
libgnomeui	2.24.5-8.el7
libgnomeui-devel	2.24.5-8.el7
libgo	4.8.5-44.el7
libgo-devel	4.8.5-44.el7
libgo-static	4.8.5-44.el7
libgomp	4.8.5-44.el7
libgovirt	0.3.4-5.el7
libgovirt-devel	0.3.4-5.el7
libgpg-error	1.12-3.el7
libgpg-error-devel	1.12-3.el7
libgphoto2	2.5.15-3.el7
libgphoto2-devel	2.5.15-3.el7
libgpod	0.8.2-12.el7
libgpod-devel	0.8.2-12.el7
libgpod-doc	0.8.2-12.el7
libgs	9.25-5.el7
libgs-devel	9.25-5.el7
libgsf	1.14.26-7.el7
libgsf-devel	1.14.26-7.el7
libgtop2	2.38.0-3.el7
libgtop2-devel	2.38.0-3.el7
libgudev1	219-78.el7_9.9
libgudev1-devel	219-78.el7_9.9
libguestfs	1.40.2-10.el7
libguestfs-bash-completion	1.40.2-10.el7
libguestfs-benchmarking	1.40.2-10.el7
libguestfs-devel	1.40.2-10.el7
libguestfs-gfs2	1.40.2-10.el7
libguestfs-gobject	1.40.2-10.el7
libguestfs-gobject-devel	1.40.2-10.el7
libguestfs-inspect-icons	1.40.2-10.el7
libguestfs-java	1.40.2-10.el7
libguestfs-java-devel	1.40.2-10.el7
libguestfs-javadoc	1.40.2-10.el7
libguestfs-man-pages-ja	1.40.2-10.el7
libguestfs-man-pages-uk	1.40.2-10.el7
libguestfs-rescue	1.40.2-10.el7
libguestfs-rsync	1.40.2-10.el7
libguestfs-tools	1.40.2-10.el7
libguestfs-tools-c	1.40.2-10.el7
libguestfs-winsupport	7.2-3.el7
libguestfs-xfs	1.40.2-10.el7
libgusb	0.2.9-1.el7
libgusb-devel	0.2.9-1.el7
libgweather	3.28.2-4.el7_9
libgweather-devel	3.28.2-4.el7_9
libgxim	0.5.0-3.el7
libgxim-devel	0.5.0-3.el7
libgxps	0.3.0-4.el7
libgxps-devel	0.3.0-4.el7
libgxps-tools	0.3.0-4.el7
libhangul	0.1.0-8.el7
libhangul-devel	0.1.0-8.el7
libhbaapi	2.2.9-6.el7
libhbaapi-devel	2.2.9-6.el7
libhbalinux	1.0.17-2.el7
libhbalinux-devel	1.0.17-2.el7
libhif	0.2.1-2.el7
libhif-devel	0.2.1-2.el7
libhugetlbfs	2.16-13.el7
libhugetlbfs-devel	2.16-13.el7
libhugetlbfs-utils	2.16-13.el7
libibcommon	1.2.0-8.el7
libibcommon-devel	1.2.0-8.el7
libibcommon-static	1.2.0-8.el7
libibmad	1.3.13-1.el7
libibmad-devel	1.3.13-1.el7
libibmad-static	1.3.13-1.el7
libibumad	22.4-6.el7_9
libibverbs	22.4-6.el7_9
libibverbs-utils	22.4-6.el7_9
libical	3.0.3-2.el7
libical-devel	3.0.3-2.el7
libical-glib	3.0.3-2.el7
libical-glib-devel	3.0.3-2.el7
libical-glib-doc	3.0.3-2.el7
libicu	50.2-4.el7_7
libicu-devel	50.2-4.el7_7
libicu-doc	50.2-4.el7_7
libid3tag	0.15.1b-17.el7
libid3tag-devel	0.15.1b-17.el7
libidn	1.28-4.el7
libidn-devel	1.28-4.el7
libiec61883	1.2.0-10.el7
libiec61883-devel	1.2.0-10.el7
libiec61883-utils	1.2.0-10.el7
libieee1284	0.2.11-15.el7
libieee1284-devel	0.2.11-15.el7
libieee1284-python	0.2.11-15.el7
libimobiledevice	1.2.0-1.el7
libimobiledevice-devel	1.2.0-1.el7
libimobiledevice-python	1.2.0-1.el7
libimobiledevice-utils	1.2.0-1.el7
libindicator	12.10.1-6.el7
libindicator-devel	12.10.1-6.el7
libindicator-gtk3	12.10.1-6.el7
libindicator-gtk3-devel	12.10.1-6.el7
libindicator-gtk3-tools	12.10.1-6.el7
libindicator-tools	12.10.1-6.el7
libini_config	1.3.1-32.el7
libini_config-devel	1.3.1-32.el7
libinput	1.10.7-2.el7
libinput-devel	1.10.7-2.el7
libinvm-cim	1.0.0.1041-3.el7
libinvm-cim-devel	1.0.0.1041-3.el7
libinvm-cli	1.0.0.1096-3.el7
libinvm-cli-devel	1.0.0.1096-3.el7
libinvm-i18n	1.0.0.1016-3.el7
libinvm-i18n-devel	1.0.0.1016-3.el7
libiodbc	3.52.7-7.el7
libiodbc-devel	3.52.7-7.el7
libipa_hbac	1.16.5-10.el7_9.16
libipa_hbac-devel	1.16.5-10.el7_9.16
libiptcdata	1.0.4-11.el7
libiptcdata-devel	1.0.4-11.el7
libiptcdata-python	1.0.4-11.el7
libiscsi	1.9.0-7.el7
libiscsi-devel	1.9.0-7.el7
libiscsi-utils	1.9.0-7.el7
libisofs	1.2.8-4.el7
libisofs-devel	1.2.8-4.el7
libitm	4.8.5-44.el7
libitm-devel	4.8.5-44.el7
libitm-static	4.8.5-44.el7
libixpdimm-cim	01.00.00.2111-1.el7
libixpdimm-core	01.00.00.2111-1.el7
libjose	10-1.el7
libjose-devel	10-1.el7
libjpeg-turbo	1.2.90-8.el7
libjpeg-turbo-devel	1.2.90-8.el7
libjpeg-turbo-static	1.2.90-8.el7
libjpeg-turbo-utils	1.2.90-8.el7
libkadm5	1.15.1-55.el7_9
libkcddb	4.10.5-3.el7
libkcddb-devel	4.10.5-3.el7
libkcompactdisc	4.10.5-3.el7
libkcompactdisc-devel	4.10.5-3.el7
libkdcraw	4.10.5-7.el7
libkdcraw-devel	4.10.5-7.el7
libkexiv2	4.10.5-4.el7
libkexiv2-devel	4.10.5-4.el7
libkipi	4.10.5-3.el7
libkipi-devel	4.10.5-3.el7
libkkc	0.3.1-9.el7
libkkc-common	0.3.1-9.el7
libkkc-data	0.3.1-9.el7
libkkc-devel	0.3.1-9.el7
libkkc-tools	0.3.1-9.el7
libksane	4.10.5-4.el7
libksane-devel	4.10.5-4.el7
libksba	1.3.0-7.el7_9
libksba-devel	1.3.0-7.el7_9
libkscreen	1.0.1-8.el7
libkscreen-devel	1.0.1-8.el7
libkworkspace	4.11.19-16.el7_9
liblangtag	0.6.2-1.1.el7
liblangtag-devel	0.6.2-1.1.el7
liblangtag-doc	0.6.2-1.1.el7
liblangtag-gobject	0.6.2-1.1.el7
liblayout	0.2.10-8.el7
liblayout-javadoc	0.2.10-8.el7
libldb	1.5.4-2.el7
libldb-devel	1.5.4-2.el7
libloader	1.1.3-9.el7
libloader-javadoc	1.1.3-9.el7
liblockfile	1.08-17.el7
liblockfile-devel	1.08-17.el7
liblognorm	2.0.2-3.el7
liblognorm-devel	2.0.2-3.el7
liblognorm-doc	2.0.2-3.el7
liblognorm-utils	2.0.2-3.el7
liblouis	2.5.2-12.el7_4
liblouis-devel	2.5.2-12.el7_4
liblouis-doc	2.5.2-12.el7_4
liblouis-python	2.5.2-12.el7_4
liblouis-utils	2.5.2-12.el7_4
libluksmeta	8-2.el7
libluksmeta-devel	8-2.el7
libmalaga	7.12-16.el7
libmatchbox	1.9-15.el7
libmatchbox-devel	1.9-15.el7
libmaxminddb	1.2.0-6.el7
libmaxminddb-devel	1.2.0-6.el7
libmbim	1.14.2-1.el7
libmbim-devel	1.14.2-1.el7
libmbim-utils	1.14.2-1.el7
libmediaart	1.9.4-1.el7
libmediaart-devel	1.9.4-1.el7
libmediaart-tests	1.9.4-1.el7
libmemcached	1.0.16-5.el7
libmemcached-devel	1.0.16-5.el7
libmicrohttpd	0.9.33-2.el7
libmicrohttpd-devel	0.9.33-2.el7
libmicrohttpd-doc	0.9.33-2.el7
libmng	1.0.10-14.el7
libmng-devel	1.0.10-14.el7
libmnl	1.0.3-7.el7
libmnl-devel	1.0.3-7.el7
libmnl-static	1.0.3-7.el7
libmodman	2.0.1-8.el7
libmodman-devel	2.0.1-8.el7
libmount	2.23.2-65.el7_9.1
libmount-devel	2.23.2-65.el7_9.1
libmpc	1.0.1-3.el7
libmpc-devel	1.0.1-3.el7
libmpcdec	1.2.6-12.el7
libmpcdec-devel	1.2.6-12.el7
libmsn	4.2.1-7.el7
libmsn-devel	4.2.1-7.el7
libmspack	0.5-0.8.alpha.el7
libmspack-devel	0.5-0.8.alpha.el7
libmspub	0.1.2-1.el7
libmspub-devel	0.1.2-1.el7
libmspub-doc	0.1.2-1.el7
libmspub-tools	0.1.2-1.el7
libmtp	1.1.14-1.el7
libmtp-devel	1.1.14-1.el7
libmtp-examples	1.1.14-1.el7
libmudflap	4.8.5-44.el7
libmudflap-devel	4.8.5-44.el7
libmudflap-static	4.8.5-44.el7
libmusicbrainz	2.1.5-17.el7
libmusicbrainz-devel	2.1.5-17.el7
libmusicbrainz5	5.0.1-9.el7
libmusicbrainz5-devel	5.0.1-9.el7
libmwaw	0.3.5-1.el7
libmwaw-devel	0.3.5-1.el7
libmwaw-doc	0.3.5-1.el7
libmwaw-tools	0.3.5-1.el7
libmx	1.4.7-10.el7
libmx-devel	1.4.7-10.el7
libmx-docs	1.4.7-10.el7
libndp	1.2-9.el7
libndp-devel	1.2-9.el7
libnet	1.1.6-7.el7
libnet-devel	1.1.6-7.el7
libnetfilter_conntrack	1.0.6-1.el7_3
libnetfilter_conntrack-devel	1.0.6-1.el7_3
libnetfilter_cthelper	1.0.0-11.el7
libnetfilter_cthelper-devel	1.0.0-11.el7
libnetfilter_cttimeout	1.0.0-7.el7
libnetfilter_cttimeout-devel	1.0.0-7.el7
libnetfilter_queue	1.0.2-2.el7_2
libnetfilter_queue-devel	1.0.2-2.el7_2
libnfnetlink	1.0.1-4.el7
libnfnetlink-devel	1.0.1-4.el7
libnfsidmap	0.25-19.el7
libnfsidmap-devel	0.25-19.el7
libnftnl	1.0.8-3.el7
libnftnl-devel	1.0.8-3.el7
libnice	0.1.3-4.el7
libnice-devel	0.1.3-4.el7
libnl	1.1.4-3.el7
libnl-devel	1.1.4-3.el7
libnl3	3.2.28-4.el7
libnl3-cli	3.2.28-4.el7
libnl3-devel	3.2.28-4.el7
libnl3-doc	3.2.28-4.el7
libnm-gtk	1.8.6-2.el7
libnm-gtk-devel	1.8.6-2.el7
libnma	1.8.6-2.el7
libnma-devel	1.8.6-2.el7
libnotify	0.7.7-1.el7
libnotify-devel	0.7.7-1.el7
libntlm	1.3-6.el7
libntlm-devel	1.3-6.el7
liboauth	0.9.7-4.el7
liboauth-devel	0.9.7-4.el7
libobjc	4.8.5-44.el7
libodfgen	0.1.4-1.el7
libodfgen-devel	0.1.4-1.el7
libodfgen-doc	0.1.4-1.el7
libofa	0.9.3-24.el7
libofa-devel	0.9.3-24.el7
libogg	1.3.0-7.el7
libogg-devel	1.3.0-7.el7
libogg-devel-docs	1.3.0-7.el7
liboil	0.3.16-10.el7
liboil-devel	0.3.16-10.el7
libopenraw	0.0.9-7.el7
libopenraw-devel	0.0.9-7.el7
libopenraw-gnome	0.0.9-7.el7
libopenraw-gnome-devel	0.0.9-7.el7
libopenraw-pixbuf-loader	0.0.9-7.el7
liborcus	0.12.1-2.el7
liborcus-devel	0.12.1-2.el7
liborcus-doc	0.12.1-2.el7
liborcus-tools	0.12.1-2.el7
libosinfo	1.1.0-5.el7
libosinfo-devel	1.1.0-5.el7
libosinfo-vala	1.1.0-5.el7
libotf	0.9.13-4.el7
libotf-devel	0.9.13-4.el7
libpagemaker	0.0.3-1.el7
libpagemaker-devel	0.0.3-1.el7
libpagemaker-doc	0.0.3-1.el7
libpagemaker-tools	0.0.3-1.el7
libpaper	1.1.24-9.el7
libpaper-devel	1.1.24-9.el7
libpath_utils	0.2.1-32.el7
libpath_utils-devel	0.2.1-32.el7
libpcap	1.5.3-13.el7_9
libpcap-devel	1.5.3-13.el7_9
libpciaccess	0.14-1.el7
libpciaccess-devel	0.14-1.el7
libpeas	1.22.0-1.el7
libpeas-devel	1.22.0-1.el7
libpeas-gtk	1.22.0-1.el7
libpeas-loader-python	1.22.0-1.el7
libpfm	4.7.0-10.el7
libpfm-devel	4.7.0-10.el7
libpfm-python	4.7.0-10.el7
libpfm-static	4.7.0-10.el7
libpinyin	0.9.93-4.el7
libpinyin-data	0.9.93-4.el7
libpinyin-devel	0.9.93-4.el7
libpinyin-tools	0.9.93-4.el7
libpipeline	1.2.3-3.el7
libpipeline-devel	1.2.3-3.el7
libplist	1.12-3.el7
libplist-devel	1.12-3.el7
libplist-python	1.12-3.el7
libpmem	1.5.1-2.1.el7
libpmem-debug	1.5.1-2.1.el7
libpmem-devel	1.5.1-2.1.el7
libpmemblk	1.5.1-2.1.el7
libpmemblk-debug	1.5.1-2.1.el7
libpmemblk-devel	1.5.1-2.1.el7
libpmemlog	1.5.1-2.1.el7
libpmemlog-debug	1.5.1-2.1.el7
libpmemlog-devel	1.5.1-2.1.el7
libpmemobj	1.5.1-2.1.el7
libpmemobj++-devel	1.5-1.el7
libpmemobj++-doc	1.5-1.el7
libpmemobj-debug	1.5.1-2.1.el7
libpmemobj-devel	1.5.1-2.1.el7
libpmempool	1.5.1-2.1.el7
libpmempool-debug	1.5.1-2.1.el7
libpmempool-devel	1.5.1-2.1.el7
libpng	1.5.13-8.el7
libpng-devel	1.5.13-8.el7
libpng-static	1.5.13-8.el7
libpng12	1.2.50-10.el7
libpng12-devel	1.2.50-10.el7
libproxy	0.4.11-11.el7
libproxy-bin	0.4.11-11.el7
libproxy-devel	0.4.11-11.el7
libproxy-gnome	0.4.11-11.el7
libproxy-kde	0.4.11-11.el7
libproxy-mozjs	0.4.11-11.el7
libproxy-networkmanager	0.4.11-11.el7
libproxy-python	0.4.11-11.el7
libproxy-webkitgtk3	0.4.11-11.el7
libpsm2	11.2.78-1.el7
libpsm2-compat	11.2.78-1.el7
libpsm2-devel	11.2.78-1.el7
libpst	0.6.59-4.el7
libpst-devel	0.6.59-4.el7
libpst-devel-doc	0.6.59-4.el7
libpst-doc	0.6.59-4.el7
libpst-libs	0.6.59-4.el7
libpst-python	0.6.59-4.el7
libpurple	2.10.11-9.el7
libpurple-devel	2.10.11-9.el7
libpurple-perl	2.10.11-9.el7
libpurple-tcl	2.10.11-9.el7
libpwquality	1.2.3-5.el7
libpwquality-devel	1.2.3-5.el7
libqb	1.0.1-9.el7
libqb-devel	1.0.1-9.el7
libqmi	1.18.0-2.el7
libqmi-devel	1.18.0-2.el7
libqmi-utils	1.18.0-2.el7
libquadmath	4.8.5-44.el7
libquadmath-devel	4.8.5-44.el7
libquadmath-static	4.8.5-44.el7
libquvi	0.4.1-5.el7
libquvi-devel	0.4.1-5.el7
libquvi-scripts	0.4.10-3.el7
librabbitmq	0.8.0-3.el7
librabbitmq-devel	0.8.0-3.el7
librabbitmq-examples	0.8.0-3.el7
librados2	10.2.5-4.el7
librados2-devel	10.2.5-4.el7
libraw1394	2.1.0-2.el7
libraw1394-devel	2.1.0-2.el7
librbd1	10.2.5-4.el7
librbd1-devel	10.2.5-4.el7
librdkafka	0.11.4-1.el7
librdkafka-devel	0.11.4-1.el7
librdmacm	22.4-6.el7_9
librdmacm-utils	22.4-6.el7_9
libref_array	0.1.5-32.el7
libref_array-devel	0.1.5-32.el7
librelp	1.2.12-1.el7_5.1
librelp-devel	1.2.12-1.el7_5.1
libreoffice	5.3.6.1-26.el7_9
libreoffice-base	5.3.6.1-26.el7_9
libreoffice-bsh	5.3.6.1-26.el7_9
libreoffice-calc	5.3.6.1-26.el7_9
libreoffice-core	5.3.6.1-26.el7_9
libreoffice-data	5.3.6.1-26.el7_9
libreoffice-draw	5.3.6.1-26.el7_9
libreoffice-emailmerge	5.3.6.1-26.el7_9
libreoffice-filters	5.3.6.1-26.el7_9
libreoffice-gdb-debug-support	5.3.6.1-26.el7_9
libreoffice-glade	5.3.6.1-26.el7_9
libreoffice-graphicfilter	5.3.6.1-26.el7_9
libreoffice-gtk2	5.3.6.1-26.el7_9
libreoffice-gtk3	5.3.6.1-26.el7_9
libreoffice-help-ar	5.3.6.1-26.el7_9
libreoffice-help-bg	5.3.6.1-26.el7_9
libreoffice-help-bn	5.3.6.1-26.el7_9
libreoffice-help-ca	5.3.6.1-26.el7_9
libreoffice-help-cs	5.3.6.1-26.el7_9
libreoffice-help-da	5.3.6.1-26.el7_9
libreoffice-help-de	5.3.6.1-26.el7_9
libreoffice-help-dz	5.3.6.1-26.el7_9
libreoffice-help-el	5.3.6.1-26.el7_9
libreoffice-help-es	5.3.6.1-26.el7_9
libreoffice-help-et	5.3.6.1-26.el7_9
libreoffice-help-eu	5.3.6.1-26.el7_9
libreoffice-help-fi	5.3.6.1-26.el7_9
libreoffice-help-fr	5.3.6.1-26.el7_9
libreoffice-help-gl	5.3.6.1-26.el7_9
libreoffice-help-gu	5.3.6.1-26.el7_9
libreoffice-help-he	5.3.6.1-26.el7_9
libreoffice-help-hi	5.3.6.1-26.el7_9
libreoffice-help-hr	5.3.6.1-26.el7_9
libreoffice-help-hu	5.3.6.1-26.el7_9
libreoffice-help-id	5.3.6.1-26.el7_9
libreoffice-help-it	5.3.6.1-26.el7_9
libreoffice-help-ja	5.3.6.1-26.el7_9
libreoffice-help-ko	5.3.6.1-26.el7_9
libreoffice-help-lt	5.3.6.1-26.el7_9
libreoffice-help-lv	5.3.6.1-26.el7_9
libreoffice-help-nb	5.3.6.1-26.el7_9
libreoffice-help-nl	5.3.6.1-26.el7_9
libreoffice-help-nn	5.3.6.1-26.el7_9
libreoffice-help-pl	5.3.6.1-26.el7_9
libreoffice-help-pt-BR	5.3.6.1-26.el7_9
libreoffice-help-pt-PT	5.3.6.1-26.el7_9
libreoffice-help-ro	5.3.6.1-26.el7_9
libreoffice-help-ru	5.3.6.1-26.el7_9
libreoffice-help-si	5.3.6.1-26.el7_9
libreoffice-help-sk	5.3.6.1-26.el7_9
libreoffice-help-sl	5.3.6.1-26.el7_9
libreoffice-help-sv	5.3.6.1-26.el7_9
libreoffice-help-ta	5.3.6.1-26.el7_9
libreoffice-help-tr	5.3.6.1-26.el7_9
libreoffice-help-uk	5.3.6.1-26.el7_9
libreoffice-help-zh-Hans	5.3.6.1-26.el7_9
libreoffice-help-zh-Hant	5.3.6.1-26.el7_9
libreoffice-impress	5.3.6.1-26.el7_9
libreoffice-langpack-af	5.3.6.1-26.el7_9
libreoffice-langpack-ar	5.3.6.1-26.el7_9
libreoffice-langpack-as	5.3.6.1-26.el7_9
libreoffice-langpack-bg	5.3.6.1-26.el7_9
libreoffice-langpack-bn	5.3.6.1-26.el7_9
libreoffice-langpack-br	5.3.6.1-26.el7_9
libreoffice-langpack-ca	5.3.6.1-26.el7_9
libreoffice-langpack-cs	5.3.6.1-26.el7_9
libreoffice-langpack-cy	5.3.6.1-26.el7_9
libreoffice-langpack-da	5.3.6.1-26.el7_9
libreoffice-langpack-de	5.3.6.1-26.el7_9
libreoffice-langpack-dz	5.3.6.1-26.el7_9
libreoffice-langpack-el	5.3.6.1-26.el7_9
libreoffice-langpack-en	5.3.6.1-26.el7_9
libreoffice-langpack-es	5.3.6.1-26.el7_9
libreoffice-langpack-et	5.3.6.1-26.el7_9
libreoffice-langpack-eu	5.3.6.1-26.el7_9
libreoffice-langpack-fa	5.3.6.1-26.el7_9
libreoffice-langpack-fi	5.3.6.1-26.el7_9
libreoffice-langpack-fr	5.3.6.1-26.el7_9
libreoffice-langpack-ga	5.3.6.1-26.el7_9
libreoffice-langpack-gl	5.3.6.1-26.el7_9
libreoffice-langpack-gu	5.3.6.1-26.el7_9
libreoffice-langpack-he	5.3.6.1-26.el7_9
libreoffice-langpack-hi	5.3.6.1-26.el7_9
libreoffice-langpack-hr	5.3.6.1-26.el7_9
libreoffice-langpack-hu	5.3.6.1-26.el7_9
libreoffice-langpack-id	5.3.6.1-26.el7_9
libreoffice-langpack-it	5.3.6.1-26.el7_9
libreoffice-langpack-ja	5.3.6.1-26.el7_9
libreoffice-langpack-kk	5.3.6.1-26.el7_9
libreoffice-langpack-kn	5.3.6.1-26.el7_9
libreoffice-langpack-ko	5.3.6.1-26.el7_9
libreoffice-langpack-lt	5.3.6.1-26.el7_9
libreoffice-langpack-lv	5.3.6.1-26.el7_9
libreoffice-langpack-mai	5.3.6.1-26.el7_9
libreoffice-langpack-ml	5.3.6.1-26.el7_9
libreoffice-langpack-mr	5.3.6.1-26.el7_9
libreoffice-langpack-nb	5.3.6.1-26.el7_9
libreoffice-langpack-nl	5.3.6.1-26.el7_9
libreoffice-langpack-nn	5.3.6.1-26.el7_9
libreoffice-langpack-nr	5.3.6.1-26.el7_9
libreoffice-langpack-nso	5.3.6.1-26.el7_9
libreoffice-langpack-or	5.3.6.1-26.el7_9
libreoffice-langpack-pa	5.3.6.1-26.el7_9
libreoffice-langpack-pl	5.3.6.1-26.el7_9
libreoffice-langpack-pt-BR	5.3.6.1-26.el7_9
libreoffice-langpack-pt-PT	5.3.6.1-26.el7_9
libreoffice-langpack-ro	5.3.6.1-26.el7_9
libreoffice-langpack-ru	5.3.6.1-26.el7_9
libreoffice-langpack-si	5.3.6.1-26.el7_9
libreoffice-langpack-sk	5.3.6.1-26.el7_9
libreoffice-langpack-sl	5.3.6.1-26.el7_9
libreoffice-langpack-sr	5.3.6.1-26.el7_9
libreoffice-langpack-ss	5.3.6.1-26.el7_9
libreoffice-langpack-st	5.3.6.1-26.el7_9
libreoffice-langpack-sv	5.3.6.1-26.el7_9
libreoffice-langpack-ta	5.3.6.1-26.el7_9
libreoffice-langpack-te	5.3.6.1-26.el7_9
libreoffice-langpack-th	5.3.6.1-26.el7_9
libreoffice-langpack-tn	5.3.6.1-26.el7_9
libreoffice-langpack-tr	5.3.6.1-26.el7_9
libreoffice-langpack-ts	5.3.6.1-26.el7_9
libreoffice-langpack-uk	5.3.6.1-26.el7_9
libreoffice-langpack-ve	5.3.6.1-26.el7_9
libreoffice-langpack-xh	5.3.6.1-26.el7_9
libreoffice-langpack-zh-Hans	5.3.6.1-26.el7_9
libreoffice-langpack-zh-Hant	5.3.6.1-26.el7_9
libreoffice-langpack-zu	5.3.6.1-26.el7_9
libreoffice-librelogo	5.3.6.1-26.el7_9
libreoffice-math	5.3.6.1-26.el7_9
libreoffice-nlpsolver	5.3.6.1-26.el7_9
libreoffice-officebean	5.3.6.1-26.el7_9
libreoffice-officebean-common	5.3.6.1-26.el7_9
libreoffice-ogltrans	5.3.6.1-26.el7_9
libreoffice-opensymbol-fonts	5.3.6.1-26.el7_9
libreoffice-pdfimport	5.3.6.1-26.el7_9
libreoffice-postgresql	5.3.6.1-26.el7_9
libreoffice-pyuno	5.3.6.1-26.el7_9
libreoffice-rhino	5.3.6.1-26.el7_9
libreoffice-sdk	5.3.6.1-26.el7_9
libreoffice-sdk-doc	5.3.6.1-26.el7_9
libreoffice-ure	5.3.6.1-26.el7_9
libreoffice-ure-common	5.3.6.1-26.el7_9
libreoffice-voikko	3.4-4.el7
libreoffice-wiki-publisher	5.3.6.1-26.el7_9
libreoffice-writer	5.3.6.1-26.el7_9
libreoffice-x11	5.3.6.1-26.el7_9
libreoffice-xsltfilter	5.3.6.1-26.el7_9
libreofficekit	5.3.6.1-26.el7_9
libreofficekit-devel	5.3.6.1-26.el7_9
librepo	1.8.1-8.el7_9
librepo-devel	1.8.1-8.el7_9
libreport	2.1.11-53.el7.centos
libreport-anaconda	2.1.11-53.el7.centos
libreport-centos	2.1.11-53.el7.centos
libreport-cli	2.1.11-53.el7.centos
libreport-compat	2.1.11-53.el7.centos
libreport-devel	2.1.11-53.el7.centos
libreport-filesystem	2.1.11-53.el7.centos
libreport-gtk	2.1.11-53.el7.centos
libreport-gtk-devel	2.1.11-53.el7.centos
libreport-newt	2.1.11-53.el7.centos
libreport-plugin-bugzilla	2.1.11-53.el7.centos
libreport-plugin-kerneloops	2.1.11-53.el7.centos
libreport-plugin-logger	2.1.11-53.el7.centos
libreport-plugin-mailx	2.1.11-53.el7.centos
libreport-plugin-mantisbt	2.1.11-53.el7.centos
libreport-plugin-reportuploader	2.1.11-53.el7.centos
libreport-plugin-rhtsupport	2.1.11-53.el7.centos
libreport-plugin-ureport	2.1.11-53.el7.centos
libreport-python	2.1.11-53.el7.centos
libreport-rhel	2.1.11-53.el7.centos
libreport-rhel-anaconda-bugzilla	2.1.11-53.el7.centos
libreport-rhel-bugzilla	2.1.11-53.el7.centos
libreport-web	2.1.11-53.el7.centos
libreport-web-devel	2.1.11-53.el7.centos
librepository	1.1.3-9.el7
librepository-javadoc	1.1.3-9.el7
libreswan	3.25-9.1.el7_8
librevenge	0.0.2-2.el7
librevenge-devel	0.0.2-2.el7
librevenge-doc	0.0.2-2.el7
librpmem	1.5.1-2.1.el7
librpmem-debug	1.5.1-2.1.el7
librpmem-devel	1.5.1-2.1.el7
librsvg2	2.40.20-1.el7
librsvg2-devel	2.40.20-1.el7
librsvg2-tools	2.40.20-1.el7
libsamplerate	0.1.8-6.el7
libsamplerate-devel	0.1.8-6.el7
libsane-hpaio	3.15.9-5.el7
libseccomp	2.3.1-4.el7
libseccomp-devel	2.3.1-4.el7
libsecret	0.18.6-1.el7
libsecret-devel	0.18.6-1.el7
libselinux	2.5-15.el7
libselinux-devel	2.5-15.el7
libselinux-python	2.5-15.el7
libselinux-python3	2.5-15.el7
libselinux-ruby	2.5-15.el7
libselinux-static	2.5-15.el7
libselinux-utils	2.5-15.el7
libsemanage	2.5-14.el7
libsemanage-devel	2.5-14.el7
libsemanage-python	2.5-14.el7
libsemanage-static	2.5-14.el7
libsepol	2.5-10.el7
libsepol-devel	2.5-10.el7
libsepol-static	2.5-10.el7
libserializer	1.1.2-10.el7
libserializer-javadoc	1.1.2-10.el7
libsexy	0.1.11-23.el7
libsexy-devel	0.1.11-23.el7
libshout	2.2.2-11.el7
libshout-devel	2.2.2-11.el7
libsigc++20	2.10.0-1.el7
libsigc++20-devel	2.10.0-1.el7
libsigc++20-doc	2.10.0-1.el7
libsmartcols	2.23.2-65.el7_9.1
libsmartcols-devel	2.23.2-65.el7_9.1
libsmbclient	4.10.16-25.el7_9
libsmbclient-devel	4.10.16-25.el7_9
libsmbios	2.3.3-8.el7
libsmbios-devel	2.3.3-8.el7
libsmi	0.4.8-13.el7
libsmi-devel	0.4.8-13.el7
libsndfile	1.0.25-12.el7_9.1
libsndfile-devel	1.0.25-12.el7_9.1
libsndfile-utils	1.0.25-12.el7_9.1
libsolv	0.6.34-4.el7
libsolv-demo	0.6.34-4.el7
libsolv-devel	0.6.34-4.el7
libsolv-tools	0.6.34-4.el7
libsoup	2.62.2-2.el7
libsoup-devel	2.62.2-2.el7
libspectre	0.2.8-1.el7
libspectre-devel	0.2.8-1.el7
libspiro	20071029-12.el7
libspiro-devel	20071029-12.el7
libsrtp	1.4.4-11.20101004cvs.el7
libsrtp-devel	1.4.4-11.20101004cvs.el7
libss	1.42.9-19.el7
libss-devel	1.42.9-19.el7
libssh2	1.8.0-4.el7_9.1
libssh2-devel	1.8.0-4.el7_9.1
libssh2-docs	1.8.0-4.el7_9.1
libsss_autofs	1.16.5-10.el7_9.16
libsss_certmap	1.16.5-10.el7_9.16
libsss_certmap-devel	1.16.5-10.el7_9.16
libsss_idmap	1.16.5-10.el7_9.16
libsss_idmap-devel	1.16.5-10.el7_9.16
libsss_nss_idmap	1.16.5-10.el7_9.16
libsss_nss_idmap-devel	1.16.5-10.el7_9.16
libsss_simpleifp	1.16.5-10.el7_9.16
libsss_simpleifp-devel	1.16.5-10.el7_9.16
libsss_sudo	1.16.5-10.el7_9.16
libstaroffice	0.0.4-1.el7
libstaroffice-devel	0.0.4-1.el7
libstaroffice-doc	0.0.4-1.el7
libstaroffice-tools	0.0.4-1.el7
libstdc++	4.8.5-44.el7
libstdc++-devel	4.8.5-44.el7
libstdc++-docs	4.8.5-44.el7
libstdc++-static	4.8.5-44.el7
libstoragemgmt	1.8.1-2.el7_9
libstoragemgmt-arcconf-plugin	1.8.1-2.el7_9
libstoragemgmt-devel	1.8.1-2.el7_9
libstoragemgmt-hpsa-plugin	1.8.1-2.el7_9
libstoragemgmt-local-plugin	1.8.1-2.el7_9
libstoragemgmt-megaraid-plugin	1.8.1-2.el7_9
libstoragemgmt-nfs-plugin	1.8.1-2.el7_9
libstoragemgmt-nfs-plugin-clibs	1.8.1-2.el7_9
libstoragemgmt-nstor-plugin	1.8.1-2.el7_9
libstoragemgmt-python	1.8.1-2.el7_9
libstoragemgmt-python-clibs	1.8.1-2.el7_9
libstoragemgmt-smis-plugin	1.8.1-2.el7_9
libstoragemgmt-targetd-plugin	1.8.1-2.el7_9
libstoragemgmt-udev	1.8.1-2.el7_9
libsysfs	2.1.0-16.el7
libsysfs-devel	2.1.0-16.el7
libtalloc	2.1.16-1.el7
libtalloc-devel	2.1.16-1.el7
libtar	1.2.11-29.el7
libtar-devel	1.2.11-29.el7
libtasn1	4.10-1.el7
libtasn1-devel	4.10-1.el7
libtasn1-tools	4.10-1.el7
libtdb	1.3.18-1.el7
libtdb-devel	1.3.18-1.el7
libteam	1.29-3.el7
libteam-devel	1.29-3.el7
libteam-doc	1.29-3.el7
libtevent	0.9.39-1.el7
libtevent-devel	0.9.39-1.el7
libthai	0.1.14-9.el7
libthai-devel	0.1.14-9.el7
libtheora	1.1.1-8.el7
libtheora-devel	1.1.1-8.el7
libtheora-devel-docs	1.1.1-8.el7
libtiff	4.0.3-35.el7
libtiff-devel	4.0.3-35.el7
libtiff-static	4.0.3-35.el7
libtiff-tools	4.0.3-35.el7
libtimezonemap	0.4.4-2.el7_9
libtimezonemap-devel	0.4.4-2.el7_9
libtirpc	0.2.4-0.16.el7
libtirpc-devel	0.2.4-0.16.el7
libtnc	1.25-6.el7
libtnc-devel	1.25-6.el7
libtool	2.4.2-22.el7_3
libtool-ltdl	2.4.2-22.el7_3
libtool-ltdl-devel	2.4.2-22.el7_3
libtranslit	0.0.2-6.el7
libtranslit-devel	0.0.2-6.el7
libtranslit-icu	0.0.2-6.el7
libtranslit-m17n	0.0.2-6.el7
libtsan	4.8.5-44.el7
libtsan-static	4.8.5-44.el7
libudisks2	2.8.4-1.el7
libudisks2-devel	2.8.4-1.el7
libuninameslist	20091231-8.el7
libuninameslist-devel	20091231-8.el7
libunistring	0.9.3-9.el7
libunistring-devel	0.9.3-9.el7
libunwind	1.2-2.el7
libunwind-devel	1.2-2.el7
libusal	1.1.11-25.el7
libusal-devel	1.1.11-25.el7
libusb	0.1.4-3.el7
libusb-devel	0.1.4-3.el7
libusb-static	0.1.4-3.el7
libusbmuxd	1.0.10-5.el7
libusbmuxd-devel	1.0.10-5.el7
libusbmuxd-utils	1.0.10-5.el7
libusbx	1.0.21-1.el7
libusbx-devel	1.0.21-1.el7
libusbx-devel-doc	1.0.21-1.el7
libuser	0.60-9.el7
libuser-devel	0.60-9.el7
libuser-python	0.60-9.el7
libusnic_verbs	2.0.3-1.el7
libutempter	1.1.6-4.el7
libutempter-devel	1.1.6-4.el7
libuuid	2.23.2-65.el7_9.1
libuuid-devel	2.23.2-65.el7_9.1
libv4l	0.9.5-4.el7
libv4l-devel	0.9.5-4.el7
libva	1.8.3-1.el7
libva-devel	1.8.3-1.el7
libvdpau	1.1.1-3.el7
libvdpau-devel	1.1.1-3.el7
libvdpau-docs	1.1.1-3.el7
libverto	0.2.5-4.el7
libverto-devel	0.2.5-4.el7
libverto-glib	0.2.5-4.el7
libverto-glib-devel	0.2.5-4.el7
libverto-libevent	0.2.5-4.el7
libverto-libevent-devel	0.2.5-4.el7
libverto-tevent	0.2.5-4.el7
libverto-tevent-devel	0.2.5-4.el7
libvirt	4.5.0-36.el7_9.5
libvirt-admin	4.5.0-36.el7_9.5
libvirt-bash-completion	4.5.0-36.el7_9.5
libvirt-cim	0.6.3-19.el7
libvirt-client	4.5.0-36.el7_9.5
libvirt-daemon	4.5.0-36.el7_9.5
libvirt-daemon-config-network	4.5.0-36.el7_9.5
libvirt-daemon-config-nwfilter	4.5.0-36.el7_9.5
libvirt-daemon-driver-interface	4.5.0-36.el7_9.5
libvirt-daemon-driver-lxc	4.5.0-36.el7_9.5
libvirt-daemon-driver-network	4.5.0-36.el7_9.5
libvirt-daemon-driver-nodedev	4.5.0-36.el7_9.5
libvirt-daemon-driver-nwfilter	4.5.0-36.el7_9.5
libvirt-daemon-driver-qemu	4.5.0-36.el7_9.5
libvirt-daemon-driver-secret	4.5.0-36.el7_9.5
libvirt-daemon-driver-storage	4.5.0-36.el7_9.5
libvirt-daemon-driver-storage-core	4.5.0-36.el7_9.5
libvirt-daemon-driver-storage-disk	4.5.0-36.el7_9.5
libvirt-daemon-driver-storage-gluster	4.5.0-36.el7_9.5
libvirt-daemon-driver-storage-iscsi	4.5.0-36.el7_9.5
libvirt-daemon-driver-storage-logical	4.5.0-36.el7_9.5
libvirt-daemon-driver-storage-mpath	4.5.0-36.el7_9.5
libvirt-daemon-driver-storage-rbd	4.5.0-36.el7_9.5
libvirt-daemon-driver-storage-scsi	4.5.0-36.el7_9.5
libvirt-daemon-kvm	4.5.0-36.el7_9.5
libvirt-daemon-lxc	4.5.0-36.el7_9.5
libvirt-devel	4.5.0-36.el7_9.5
libvirt-docs	4.5.0-36.el7_9.5
libvirt-gconfig	1.0.0-1.el7
libvirt-gconfig-devel	1.0.0-1.el7
libvirt-glib	1.0.0-1.el7
libvirt-glib-devel	1.0.0-1.el7
libvirt-gobject	1.0.0-1.el7
libvirt-gobject-devel	1.0.0-1.el7
libvirt-java	0.4.9-4.el7
libvirt-java-devel	0.4.9-4.el7
libvirt-java-javadoc	0.4.9-4.el7
libvirt-libs	4.5.0-36.el7_9.5
libvirt-lock-sanlock	4.5.0-36.el7_9.5
libvirt-login-shell	4.5.0-36.el7_9.5
libvirt-nss	4.5.0-36.el7_9.5
libvirt-python	4.5.0-1.el7
libvirt-snmp	0.0.3-6.el7
libvisio	0.1.6-1.el7
libvisio-devel	0.1.6-1.el7
libvisio-doc	0.1.6-1.el7
libvisio-tools	0.1.6-1.el7
libvisual	0.4.0-16.el7
libvisual-devel	0.4.0-16.el7
libvma	8.7.5-1.el7
libvma-devel	8.7.5-1.el7
libvma-utils	8.7.5-1.el7
libvmem	1.5.1-2.1.el7
libvmem-debug	1.5.1-2.1.el7
libvmem-devel	1.5.1-2.1.el7
libvmmalloc	1.5.1-2.1.el7
libvmmalloc-debug	1.5.1-2.1.el7
libvmmalloc-devel	1.5.1-2.1.el7
libvncserver	0.9.9-14.el7_8.1
libvncserver-devel	0.9.9-14.el7_8.1
libvoikko	3.6-5.el7
libvoikko-devel	3.6-5.el7
libvorbis	1.3.3-8.el7.1
libvorbis-devel	1.3.3-8.el7.1
libvorbis-devel-docs	1.3.3-8.el7.1
libvpx	1.3.0-8.el7
libvpx-devel	1.3.0-8.el7
libvpx-utils	1.3.0-8.el7
libwacom	0.30-1.el7
libwacom-data	0.30-1.el7
libwacom-devel	0.30-1.el7
libwayland-client	1.15.0-1.el7
libwayland-cursor	1.15.0-1.el7
libwayland-egl	1.15.0-1.el7
libwayland-server	1.15.0-1.el7
libwbclient	4.10.16-25.el7_9
libwbclient-devel	4.10.16-25.el7_9
libwebp	0.3.0-11.el7
libwebp-devel	0.3.0-11.el7
libwebp-java	0.3.0-11.el7
libwebp-tools	0.3.0-11.el7
libwinpr	2.1.1-5.el7_9
libwinpr-devel	2.1.1-5.el7_9
libwmf	0.2.8.4-44.el7
libwmf-devel	0.2.8.4-44.el7
libwmf-lite	0.2.8.4-44.el7
libwnck3	3.24.1-2.el7
libwnck3-devel	3.24.1-2.el7
libwpd	0.10.0-2.el7
libwpd-devel	0.10.0-2.el7
libwpd-doc	0.10.0-2.el7
libwpd-tools	0.10.0-2.el7
libwpg	0.3.0-1.el7
libwpg-devel	0.3.0-1.el7
libwpg-doc	0.3.0-1.el7
libwpg-tools	0.3.0-1.el7
libwps	0.4.7-1.el7
libwps-devel	0.4.7-1.el7
libwps-doc	0.4.7-1.el7
libwps-tools	0.4.7-1.el7
libwsman-devel	2.6.3-7.git4391e5c.el7
libwsman1	2.6.3-7.git4391e5c.el7
libwvstreams	4.6.1-12.el7_8
libwvstreams-devel	4.6.1-12.el7_8
libwvstreams-static	4.6.1-12.el7_8
libxcb	1.13-1.el7
libxcb-devel	1.13-1.el7
libxcb-doc	1.13-1.el7
libxkbcommon	0.7.1-3.el7
libxkbcommon-devel	0.7.1-3.el7
libxkbcommon-x11	0.7.1-3.el7
libxkbcommon-x11-devel	0.7.1-3.el7
libxkbfile	1.0.9-3.el7
libxkbfile-devel	1.0.9-3.el7
libxklavier	5.4-7.el7
libxklavier-devel	5.4-7.el7
libxml2	2.9.1-6.el7_9.6
libxml2-devel	2.9.1-6.el7_9.6
libxml2-python	2.9.1-6.el7_9.6
libxml2-static	2.9.1-6.el7_9.6
libxshmfence	1.2-1.el7
libxshmfence-devel	1.2-1.el7
libxslt	1.1.28-6.el7
libxslt-devel	1.1.28-6.el7
libxslt-python	1.1.28-6.el7
libyami	1.2.0-2.el7
libyaml	0.1.4-11.el7_0
libyaml-devel	0.1.4-11.el7_0
libzapojit	0.0.3-4.el7
libzapojit-devel	0.0.3-4.el7
libzip	0.10.1-8.el7
libzip-devel	0.10.1-8.el7
libzmf	0.0.2-1.el7
libzmf-devel	0.0.2-1.el7
libzmf-doc	0.0.2-1.el7
libzmf-tools	0.0.2-1.el7
linux-firmware	20200421-83.git78c0348.el7_9
linuxconsoletools	1.4.5-3.el7
linuxdoc-tools	0.9.68-5.el7
linuxptp	2.0-2.el7_9.1
lklug-fonts	0.6-10.20090803cvs.el7
lksctp-tools	1.0.17-2.el7
lksctp-tools-devel	1.0.17-2.el7
lksctp-tools-doc	1.0.17-2.el7
lldpad	1.0.1-7.git036e314.el7_9
lldpad-devel	1.0.1-7.git036e314.el7_9
llvm-private	7.0.1-1.el7
llvm-private-devel	7.0.1-1.el7
lm_sensors	3.4.0-8.20160601gitf9185e5.el7_9.1
lm_sensors-devel	3.4.0-8.20160601gitf9185e5.el7_9.1
lm_sensors-libs	3.4.0-8.20160601gitf9185e5.el7_9.1
lm_sensors-sensord	3.4.0-8.20160601gitf9185e5.el7_9.1
lockdev	1.0.4-0.13.20111007git.el7
lockdev-devel	1.0.4-0.13.20111007git.el7
log4cxx	0.10.0-16.el7
log4cxx-devel	0.10.0-16.el7
log4j	1.2.17-18.el7_4
log4j-javadoc	1.2.17-18.el7_4
log4j-manual	1.2.17-18.el7_4
logrotate	3.8.6-19.el7
logwatch	7.4.0-35.20130522svn140.el7_5
lohit-assamese-fonts	2.5.3-2.el7
lohit-bengali-fonts	2.5.3-4.el7
lohit-devanagari-fonts	2.5.3-4.el7
lohit-gujarati-fonts	2.5.3-2.el7
lohit-kannada-fonts	2.5.3-3.el7
lohit-malayalam-fonts	2.5.3-2.el7
lohit-marathi-fonts	2.5.3-2.el7
lohit-nepali-fonts	2.5.3-2.el7
lohit-oriya-fonts	2.5.4.1-3.el7
lohit-punjabi-fonts	2.5.3-2.el7
lohit-tamil-fonts	2.5.3-2.el7
lohit-telugu-fonts	2.5.3-3.el7
lorax	19.7.28-1.el7.centos
lpsolve	5.5.2.0-8.el7
lpsolve-devel	5.5.2.0-8.el7
lrzsz	0.12.20-36.el7
lshw	B.02.18-17.el7
lshw-gui	B.02.18-17.el7
lsof	4.87-6.el7
lsscsi	0.27-6.el7
ltrace	0.7.91-16.el7
lua	5.1.4-15.el7
lua-devel	5.1.4-15.el7
lua-guestfs	1.40.2-10.el7
lua-static	5.1.4-15.el7
luksmeta	8-2.el7
lvm2	2.02.187-6.el7_9.5
lvm2-cluster	2.02.187-6.el7_9.5
lvm2-devel	2.02.187-6.el7_9.5
lvm2-libs	2.02.187-6.el7_9.5
lvm2-lockd	2.02.187-6.el7_9.5
lvm2-python-boom	1.2-2.el7_9.5
lvm2-python-libs	2.02.187-6.el7_9.5
lvm2-sysvinit	2.02.187-6.el7_9.5
lynx	2.8.8-0.3.dev15.el7
lz4	1.8.3-1.el7
lz4-devel	1.8.3-1.el7
lz4-static	1.8.3-1.el7
lzo	2.06-8.el7
lzo-devel	2.06-8.el7
lzo-minilzo	2.06-8.el7
lzop	1.03-10.el7
m17n-contrib	1.1.14-3.el7
m17n-contrib-extras	1.1.14-3.el7
m17n-db	1.6.4-4.el7
m17n-db-devel	1.6.4-4.el7
m17n-db-extras	1.6.4-4.el7
m17n-lib	1.6.4-14.el7
m17n-lib-devel	1.6.4-14.el7
m17n-lib-tools	1.6.4-14.el7
m2crypto	0.21.1-17.el7
m4	1.4.16-10.el7
madan-fonts	2.000-11.el7
mailcap	2.1.41-2.el7
mailman	2.1.15-30.el7_9.2
mailx	12.5-19.el7
make	3.82-24.el7
malaga	7.12-16.el7
malaga-devel	7.12-16.el7
malaga-suomi-voikko	1.12-5.el7
mallard-rng	1.0.2-1.el7
man-db	2.6.3-11.el7
man-pages	3.53-5.el7
man-pages-cs	0.18.20090209-17.el7
man-pages-es	1.55-21.el7
man-pages-es-extra	1.55-21.el7
man-pages-fr	3.52-3.el7
man-pages-it	3.15-2.el7
man-pages-ja	20130615-6.el7
man-pages-ko	20050219-25.el7
man-pages-overrides	7.9.0-1.el7
man-pages-pl	0.3-4.el7
man-pages-ru	3.41-3.20120901.el7
man-pages-zh-CN	1.5.2-4.el7
mariadb	5.5.68-1.el7
mariadb-bench	5.5.68-1.el7
mariadb-devel	5.5.68-1.el7
mariadb-embedded	5.5.68-1.el7
mariadb-embedded-devel	5.5.68-1.el7
mariadb-libs	5.5.68-1.el7
mariadb-server	5.5.68-1.el7
mariadb-test	5.5.68-1.el7
marisa	0.2.4-4.el7
marisa-devel	0.2.4-4.el7
marisa-perl	0.2.4-4.el7
marisa-python	0.2.4-4.el7
marisa-ruby	0.2.4-4.el7
marisa-tools	0.2.4-4.el7
matchbox-window-manager	1.2-16.1.20070628svn.el7
maven	3.0.5-17.el7
maven-antrun-plugin	1.7-8.el7
maven-antrun-plugin-javadoc	1.7-8.el7
maven-archiver	2.5-9.el7
maven-archiver-javadoc	2.5-9.el7
maven-artifact	2.2.1-47.el7
maven-artifact-manager	2.2.1-47.el7
maven-artifact-resolver	1.0-10.el7
maven-artifact-resolver-javadoc	1.0-10.el7
maven-assembly-plugin	2.4-8.el7
maven-assembly-plugin-javadoc	2.4-8.el7
maven-cal10n-plugin	0.7.7-4.el7
maven-changes-plugin	2.8-7.el7
maven-changes-plugin-javadoc	2.8-7.el7
maven-clean-plugin	2.5-8.el7
maven-clean-plugin-javadoc	2.5-8.el7
maven-common-artifact-filters	1.4-11.el7
maven-common-artifact-filters-javadoc	1.4-11.el7
maven-compiler-plugin	3.1-4.el7
maven-compiler-plugin-javadoc	3.1-4.el7
maven-dependency-analyzer	1.3-9.el7
maven-dependency-analyzer-javadoc	1.3-9.el7
maven-dependency-plugin	2.7-3.el7
maven-dependency-plugin-javadoc	2.7-3.el7
maven-dependency-tree	2.0-7.el7
maven-dependency-tree-javadoc	2.0-7.el7
maven-deploy-plugin	2.7-11.el7
maven-deploy-plugin-javadoc	2.7-11.el7
maven-downloader	1.1-6.el7
maven-downloader-javadoc	1.1-6.el7
maven-doxia	1.4-5.el7
maven-doxia-core	1.4-5.el7
maven-doxia-javadoc	1.4-5.el7
maven-doxia-logging-api	1.4-5.el7
maven-doxia-module-apt	1.4-5.el7
maven-doxia-module-confluence	1.4-5.el7
maven-doxia-module-docbook-simple	1.4-5.el7
maven-doxia-module-fml	1.4-5.el7
maven-doxia-module-fo	1.4-5.el7
maven-doxia-module-latex	1.4-5.el7
maven-doxia-module-rtf	1.4-5.el7
maven-doxia-module-twiki	1.4-5.el7
maven-doxia-module-xdoc	1.4-5.el7
maven-doxia-module-xhtml	1.4-5.el7
maven-doxia-modules	1.4-5.el7
maven-doxia-sink-api	1.4-5.el7
maven-doxia-sitetools	1.4-3.el7
maven-doxia-sitetools-javadoc	1.4-3.el7
maven-doxia-test-docs	1.4-5.el7
maven-doxia-tests	1.4-5.el7
maven-doxia-tools	1.4-15.el7
maven-doxia-tools-javadoc	1.4-15.el7
maven-ear-plugin	2.8-5.el7
maven-ear-plugin-javadoc	2.8-5.el7
maven-ejb-plugin	2.3-9.el7
maven-ejb-plugin-javadoc	2.3-9.el7
maven-enforcer	1.2-8.el7
maven-enforcer-api	1.2-8.el7
maven-enforcer-javadoc	1.2-8.el7
maven-enforcer-plugin	1.2-8.el7
maven-enforcer-rules	1.2-8.el7
maven-error-diagnostics	2.2.1-47.el7
maven-failsafe-plugin	2.15-3.el7
maven-file-management	1.2.1-8.el7
maven-file-management-javadoc	1.2.1-8.el7
maven-filtering	1.1-3.el7
maven-filtering-javadoc	1.1-3.el7
maven-gpg-plugin	1.4-11.el7
maven-gpg-plugin-javadoc	1.4-11.el7
maven-hawtjni-plugin	1.6-10.el7
maven-install-plugin	2.4-7.el7
maven-install-plugin-javadoc	2.4-7.el7
maven-invoker	2.1.1-9.el7
maven-invoker-javadoc	2.1.1-9.el7
maven-invoker-plugin	1.8-8.el7
maven-invoker-plugin-javadoc	1.8-8.el7
maven-istack-commons-plugin	2.17-4.el7
maven-jar-plugin	2.4-8.el7
maven-jar-plugin-javadoc	2.4-8.el7
maven-jarsigner-plugin	1.2-9.el7
maven-jarsigner-plugin-javadoc	1.2-9.el7
maven-javadoc	3.0.5-17.el7
maven-javadoc-plugin	2.9-8.el7
maven-javadoc-plugin-javadoc	2.9-8.el7
maven-jxr	2.3-11.el7
maven-jxr-javadoc	2.3-11.el7
maven-local	3.4.1-11.el7
maven-model	2.2.1-47.el7
maven-monitor	2.2.1-47.el7
maven-osgi	0.2.0-7.el7
maven-osgi-javadoc	0.2.0-7.el7
maven-parent	20-5.el7
maven-plugin-annotations	3.1-17.el7
maven-plugin-build-helper	1.5-13.el7
maven-plugin-build-helper-javadoc	1.5-13.el7
maven-plugin-bundle	2.3.7-12.el7
maven-plugin-bundle-javadoc	2.3.7-12.el7
maven-plugin-descriptor	2.2.1-47.el7
maven-plugin-jxr	2.3-11.el7
maven-plugin-plugin	3.1-17.el7
maven-plugin-registry	2.2.1-47.el7
maven-plugin-testing	2.1-11.el7
maven-plugin-testing-harness	2.1-11.el7
maven-plugin-testing-javadoc	2.1-11.el7
maven-plugin-testing-tools	2.1-11.el7
maven-plugin-tools	3.1-17.el7
maven-plugin-tools-annotations	3.1-17.el7
maven-plugin-tools-ant	3.1-17.el7
maven-plugin-tools-api	3.1-17.el7
maven-plugin-tools-beanshell	3.1-17.el7
maven-plugin-tools-generators	3.1-17.el7
maven-plugin-tools-java	3.1-17.el7
maven-plugin-tools-javadoc	3.1-17.el7
maven-plugin-tools-javadocs	3.1-17.el7
maven-plugin-tools-model	3.1-17.el7
maven-plugins-pom	23-7.el7
maven-profile	2.2.1-47.el7
maven-project	2.2.1-47.el7
maven-project-info-reports-plugin	2.6-8.el7
maven-project-info-reports-plugin-javadoc	2.6-8.el7
maven-release	2.2.1-12.el7
maven-release-javadoc	2.2.1-12.el7
maven-release-manager	2.2.1-12.el7
maven-release-plugin	2.2.1-12.el7
maven-remote-resources-plugin	1.4-7.el7
maven-remote-resources-plugin-javadoc	1.4-7.el7
maven-reporting-api	3.0-5.el7
maven-reporting-api-javadoc	3.0-5.el7
maven-reporting-exec	1.1-5.el7
maven-reporting-impl	2.2-8.el7
maven-reporting-impl-javadoc	2.2-8.el7
maven-repository-builder	1.0-0.5.alpha2.el7
maven-repository-builder-javadoc	1.0-0.5.alpha2.el7
maven-resources-plugin	2.6-6.el7
maven-resources-plugin-javadoc	2.6-6.el7
maven-scm	1.8.1-2.el7
maven-scm-javadoc	1.8.1-2.el7
maven-scm-test	1.8.1-2.el7
maven-script	3.1-17.el7
maven-script-ant	3.1-17.el7
maven-script-beanshell	3.1-17.el7
maven-script-interpreter	1.0-7.el7
maven-script-interpreter-javadoc	1.0-7.el7
maven-settings	2.2.1-47.el7
maven-shade-plugin	2.0-6.el7
maven-shade-plugin-javadoc	2.0-6.el7
maven-shared	19-4.el7
maven-shared-incremental	1.1-6.el7
maven-shared-incremental-javadoc	1.1-6.el7
maven-shared-io	1.1-7.el7
maven-shared-io-javadoc	1.1-7.el7
maven-shared-jar	1.1-8.el7
maven-shared-jar-javadoc	1.1-8.el7
maven-shared-utils	0.4-3.el7
maven-shared-utils-javadoc	0.4-3.el7
maven-site-plugin	3.2-7.el7
maven-site-plugin-javadoc	3.2-7.el7
maven-source-plugin	2.2.1-7.el7
maven-source-plugin-javadoc	2.2.1-7.el7
maven-surefire	2.15-3.el7
maven-surefire-javadoc	2.15-3.el7
maven-surefire-plugin	2.15-3.el7
maven-surefire-provider-junit	2.15-3.el7
maven-surefire-provider-testng	2.15-3.el7
maven-surefire-report-parser	2.15-3.el7
maven-surefire-report-plugin	2.15-3.el7
maven-test-tools	2.1-11.el7
maven-toolchain	2.2.1-47.el7
maven-verifier	1.4-7.el7
maven-verifier-javadoc	1.4-7.el7
maven-verifier-plugin	1.0-10.el7
maven-verifier-plugin-javadoc	1.0-10.el7
maven-wagon	2.4-3.el7
maven-wagon-javadoc	2.4-3.el7
maven-wagon-provider-test	2.4-3.el7
maven-wagon-scm	2.4-3.el7
maven-war-plugin	2.3-9.el7
maven-war-plugin-javadoc	2.3-9.el7
maven2-javadoc	2.2.1-47.el7
mc	4.8.7-11.el7
mcelog	144-10.94d853b2ea81.el7
mcstrans	0.3.4-5.el7
mdadm	4.1-9.el7_9
mdds-devel	1.2.3-1.el7
meanwhile	1.1.0-12.el7
meanwhile-devel	1.1.0-12.el7
meanwhile-doc	1.1.0-12.el7
media-player-info	17-4.el7
memcached	1.4.15-10.el7_3.1
memcached-devel	1.4.15-10.el7_3.1
memkind	1.7.0-1.el7
memkind-devel	1.7.0-1.el7
memstomp	0.1.4-11.el7
memtest86+	5.01-2.el7
mercurial	2.6.2-11.el7
mercurial-hgk	2.6.2-11.el7
mesa-demos	8.3.0-10.el7
mesa-dri-drivers	18.3.4-12.el7_9
mesa-filesystem	18.3.4-12.el7_9
mesa-khr-devel	18.3.4-12.el7_9
mesa-libEGL	18.3.4-12.el7_9
mesa-libEGL-devel	18.3.4-12.el7_9
mesa-libGL	18.3.4-12.el7_9
mesa-libGL-devel	18.3.4-12.el7_9
mesa-libGLES	18.3.4-12.el7_9
mesa-libGLES-devel	18.3.4-12.el7_9
mesa-libGLU	9.0.0-4.el7
mesa-libGLU-devel	9.0.0-4.el7
mesa-libGLw	8.0.0-5.el7
mesa-libGLw-devel	8.0.0-5.el7
mesa-libOSMesa	18.3.4-12.el7_9
mesa-libOSMesa-devel	18.3.4-12.el7_9
mesa-libgbm	18.3.4-12.el7_9
mesa-libgbm-devel	18.3.4-12.el7_9
mesa-libglapi	18.3.4-12.el7_9
mesa-libxatracker	18.3.4-12.el7_9
mesa-libxatracker-devel	18.3.4-12.el7_9
mesa-private-llvm	3.9.1-3.el7
mesa-private-llvm-devel	3.9.1-3.el7
mesa-vdpau-drivers	18.3.4-12.el7_9
mesa-vulkan-drivers	18.3.4-12.el7_9
metacity	2.34.13-7.el7
metacity-devel	2.34.13-7.el7
mgetty	1.1.36-28.el7
mgetty-sendfax	1.1.36-28.el7
mgetty-viewfax	1.1.36-28.el7
mgetty-voice	1.1.36-28.el7
microcode_ctl	2.1-73.20.el7_9
migrationtools	47-15.el7
minicom	2.6.2-5.el7
minizip	1.2.7-21.el7_9
minizip-devel	1.2.7-21.el7_9
mipv6-daemon	1.0-5.el7
mkbootdisk	1.5.5-11.el7
mksh	46-8.el7
mlocate	0.26-8.el7
mobile-broadband-provider-info	1.20170310-1.el7
mobile-broadband-provider-info-devel	1.20170310-1.el7
mod_auth_gssapi	1.5.1-7.el7
mod_auth_kerb	5.4-28.el7
mod_auth_mellon	0.14.0-9.el7_9
mod_auth_mellon-diagnostics	0.14.0-9.el7_9
mod_auth_openidc	1.8.8-9.el7_9
mod_authnz_pam	1.1.0-1.el7
mod_dav_svn	1.7.14-16.el7
mod_fcgid	2.3.9-6.el7
mod_intercept_form_submit	1.1.0-1.el7
mod_ldap	2.4.6-99.el7.centos.1
mod_lookup_identity	1.0.0-1.el7
mod_nss	1.0.14-12.el7
mod_proxy_html	2.4.6-99.el7.centos.1
mod_revocator	1.0.3-21.el7
mod_security	2.9.2-1.el7
mod_security-mlogc	2.9.2-1.el7
mod_security_crs	2.2.9-3.el7_9
mod_session	2.4.6-99.el7.centos.1
mod_ssl	2.4.6-99.el7.centos.1
mod_wsgi	3.4-18.el7
modello	1.7-4.el7
modello-javadoc	1.7-4.el7
mojo-parent	32-4.el7
mokutil	15-8.el7
mono-icon-theme	4.10.5-4.el7
motif	2.3.4-14.el7_5
motif-devel	2.3.4-14.el7_5
motif-static	2.3.4-14.el7_5
mousetweaks	3.12.0-1.el7
mozilla-filesystem	1.9-11.el7
mozjs17	17.0.0-20.el7
mozjs17-devel	17.0.0-20.el7
mozjs24	24.2.0-7.el7
mozjs24-devel	24.2.0-7.el7
mozjs52	52.9.0-1.el7
mozjs52-devel	52.9.0-1.el7
mpage	2.5.6-14.el7
mpfr	3.1.1-4.el7
mpfr-devel	3.1.1-4.el7
mpg123	1.25.6-1.el7
mpg123-devel	1.25.6-1.el7
mpg123-libs	1.25.6-1.el7
mpg123-plugins-pulseaudio	1.25.6-1.el7
mpich-3.0	3.0.4-10.el7
mpich-3.0-autoload	3.0.4-10.el7
mpich-3.0-devel	3.0.4-10.el7
mpich-3.0-doc	3.0.4-10.el7
mpich-3.2	3.2-2.el7
mpich-3.2-autoload	3.2-2.el7
mpich-3.2-devel	3.2-2.el7
mpich-3.2-doc	3.2-2.el7
mpitests-compat-openmpi16	5.4.2-1.el7
mpitests-mpich	5.4.2-1.el7
mpitests-mpich32	5.4.2-1.el7
mpitests-mvapich2	5.4.2-1.el7
mpitests-mvapich2-psm	5.4.2-1.el7
mpitests-mvapich222	5.4.2-1.el7
mpitests-mvapich222-psm	5.4.2-1.el7
mpitests-mvapich222-psm2	5.4.2-1.el7
mpitests-mvapich23	5.4.2-1.el7
mpitests-mvapich23-psm	5.4.2-1.el7
mpitests-mvapich23-psm2	5.4.2-1.el7
mpitests-openmpi	5.4.2-1.el7
mpitests-openmpi3	5.4.2-1.el7
mrtg	2.17.4-11.el7
mstflint	4.13.3-2.el7
msv-demo	2013.5.1-7.el7
msv-javadoc	2013.5.1-7.el7
msv-manual	2013.5.1-7.el7
msv-msv	2013.5.1-7.el7
msv-rngconv	2013.5.1-7.el7
msv-xmlgen	2013.5.1-7.el7
msv-xsdlib	2013.5.1-7.el7
mt-st	1.1-14.el7
mtdev	1.1.5-5.el7
mtdev-devel	1.1.5-5.el7
mtools	4.0.18-5.el7
mtr	0.85-7.el7
mtr-gtk	0.85-7.el7
mtx	1.3.12-14.el7
munge-maven-plugin	1.0-2.el7
munge-maven-plugin-javadoc	1.0-2.el7
mutt	1.5.21-29.el7
mutter	3.28.3-32.el7_9
mutter-devel	3.28.3-32.el7_9
mvapich2-2.0	2.0a-9.el7
mvapich2-2.0-devel	2.0a-9.el7
mvapich2-2.0-doc	2.0a-9.el7
mvapich2-2.0-psm	2.0a-9.el7
mvapich2-2.0-psm-devel	2.0a-9.el7
mvapich2-2.2	2.2-4.el7
mvapich2-2.2-devel	2.2-4.el7
mvapich2-2.2-doc	2.2-4.el7
mvapich2-2.2-psm	2.2-4.el7
mvapich2-2.2-psm-devel	2.2-4.el7
mvapich2-2.2-psm2	2.2-4.el7
mvapich2-2.2-psm2-devel	2.2-4.el7
mvapich23	2.3-4.el7
mvapich23-devel	2.3-4.el7
mvapich23-doc	2.3-4.el7
mvapich23-psm	2.3-4.el7
mvapich23-psm-devel	2.3-4.el7
mvapich23-psm2	2.3-4.el7
mvapich23-psm2-devel	2.3-4.el7
mysql-connector-java	5.1.25-3.el7
mysql-connector-odbc	5.2.5-8.el7
mythes	1.2.3-7.el7
mythes-bg	4.3-6.el7
mythes-ca	1.5.0-9.el7
mythes-cs	0.20070926-10.el7
mythes-da	0.20100629.15.16-6.el7
mythes-de	0.20130206-2.el7
mythes-devel	1.2.3-7.el7
mythes-el	0.20070412-11.el7
mythes-en	3.0-13.el7
mythes-es	0.20130102-2.el7
mythes-fr	2.3-4.el7
mythes-ga	0.20071001-11.el7
mythes-hu	0.20101019-7.el7
mythes-it	2.0.9l-10.el7
mythes-lb	0.20121128-2.el7
mythes-lv	0.9.4-5.el7
mythes-mi	0.20080630-9.el7
mythes-nb	2.0.10-1.el7
mythes-ne	1.1-6.el7
mythes-nl	0.20130131-2.el7
mythes-nn	2.0.10-1.el7
mythes-pl	1.5-11.el7
mythes-pt	0.20060817-11.el7
mythes-ro	3.3-7.el7
mythes-ru	0.20070613-9.el7
mythes-sk	0.20130130-2.el7
mythes-sl	0.20130130-2.el7
mythes-sv	1.3-6.el7
mythes-uk	1.6.5-6.el7
nafees-web-naskh-fonts	1.2-11.el7
nagios-plugins-bacula	5.2.13-23.1.el7
nano	2.3.1-10.el7
nasm	2.10.07-7.el7
nasm-doc	2.10.07-7.el7
nasm-rdoff	2.10.07-7.el7
nautilus	3.26.3.1-7.el7
nautilus-devel	3.26.3.1-7.el7
nautilus-extensions	3.26.3.1-7.el7
nautilus-sendto	3.8.6-1.el7
navilu-fonts	1.2-3.el7
nbdkit	1.8.0-4.el7
nbdkit-basic-plugins	1.8.0-4.el7
nbdkit-devel	1.8.0-4.el7
nbdkit-example-plugins	1.8.0-4.el7
nbdkit-plugin-python-common	1.8.0-4.el7
nbdkit-plugin-python2	1.8.0-4.el7
nbdkit-plugin-vddk	1.8.0-4.el7
ncompress	4.2.4.4-3.1.el7_8
ncurses	5.9-14.20130511.el7_4
ncurses-base	5.9-14.20130511.el7_4
ncurses-devel	5.9-14.20130511.el7_4
ncurses-libs	5.9-14.20130511.el7_4
ncurses-static	5.9-14.20130511.el7_4
ncurses-term	5.9-14.20130511.el7_4
ndctl	65-6.el7_9
ndctl-devel	65-6.el7_9
ndctl-libs	65-6.el7_9
nekohtml	1.9.14-13.el7
nekohtml-demo	1.9.14-13.el7
nekohtml-javadoc	1.9.14-13.el7
neon	0.30.0-4.el7
neon-devel	0.30.0-4.el7
nepomuk-core	4.10.5-6.el7
nepomuk-core-devel	4.10.5-6.el7
nepomuk-core-libs	4.10.5-6.el7
nepomuk-widgets	4.10.5-3.el7
nepomuk-widgets-devel	4.10.5-3.el7
net-snmp	5.7.2-49.el7_9.4
net-snmp-agent-libs	5.7.2-49.el7_9.4
net-snmp-devel	5.7.2-49.el7_9.4
net-snmp-gui	5.7.2-49.el7_9.4
net-snmp-libs	5.7.2-49.el7_9.4
net-snmp-perl	5.7.2-49.el7_9.4
net-snmp-python	5.7.2-49.el7_9.4
net-snmp-sysvinit	5.7.2-49.el7_9.4
net-snmp-utils	5.7.2-49.el7_9.4
net-tools	2.0-0.25.20131004git.el7
netcf	0.2.8-4.el7
netcf-devel	0.2.8-4.el7
netcf-libs	0.2.8-4.el7
netlabel_tools	0.20-5.el7
netpbm	10.79.00-7.el7
netpbm-devel	10.79.00-7.el7
netpbm-doc	10.79.00-7.el7
netpbm-progs	10.79.00-7.el7
netsniff-ng	0.5.8-10.el7
nettle	2.7.1-9.el7_9
nettle-devel	2.7.1-9.el7_9
network-manager-applet	1.8.6-2.el7
newt	0.52.15-4.el7
newt-devel	0.52.15-4.el7
newt-python	0.52.15-4.el7
newt-static	0.52.15-4.el7
nfs-utils	1.3.0-0.68.el7.2
nfs4-acl-tools	0.3.3-21.el7
nfsometer	1.7-1.el7
nfstest	2.1.5-1.el7
nftables	0.8-14.el7
nhn-nanum-brush-fonts	1.100-9.el7
nhn-nanum-fonts-common	3.020-9.el7
nhn-nanum-gothic-fonts	3.020-9.el7
nhn-nanum-myeongjo-fonts	3.020-9.el7
nhn-nanum-pen-fonts	1.100-9.el7
nm-connection-editor	1.8.6-2.el7
nmap	6.40-19.el7
nmap-frontend	6.40-19.el7
nmap-ncat	6.40-19.el7
nscd	2.17-326.el7_9.3
nspr	4.35.0-1.el7_9
nspr-devel	4.35.0-1.el7_9
nss	3.90.0-2.el7_9
nss-devel	3.90.0-2.el7_9
nss-pam-ldapd	0.8.13-25.el7
nss-pem	1.0.3-7.el7_9.1
nss-pkcs11-devel	3.90.0-2.el7_9
nss-softokn	3.90.0-6.el7_9
nss-softokn-devel	3.90.0-6.el7_9
nss-softokn-freebl	3.90.0-6.el7_9
nss-softokn-freebl-devel	3.90.0-6.el7_9
nss-sysinit	3.90.0-2.el7_9
nss-tools	3.90.0-2.el7_9
nss-util	3.90.0-1.el7_9
nss-util-devel	3.90.0-1.el7_9
nss_compat_ossl	0.9.6-8.el7
nss_compat_ossl-devel	0.9.6-8.el7
ntp	4.2.6p5-29.el7.centos.2
ntp-doc	4.2.6p5-29.el7.centos.2
ntp-perl	4.2.6p5-29.el7.centos.2
ntpdate	4.2.6p5-29.el7.centos.2
ntsysv	1.7.6-1.el7
numactl	2.0.12-5.el7
numactl-devel	2.0.12-5.el7
numactl-libs	2.0.12-5.el7
numad	0.5-18.20150602git.el7
numpy	1.7.1-13.el7
numpy-f2py	1.7.1-13.el7
nuvola-icon-theme	4.10.5-4.el7
nuxwdog	1.0.5-1.el7
nuxwdog-client-java	1.0.5-1.el7
nuxwdog-client-perl	1.0.5-1.el7
nuxwdog-devel	1.0.5-1.el7
nvme-cli	1.8.1-3.el7
nvmetcli	0.6-1.el7
obex-data-server	0.4.6-6.el7
obexd	0.46-5.el7
objectweb-anttask	1.3.2-10.el7
objectweb-anttask-javadoc	1.3.2-10.el7
objectweb-asm	3.3.1-9.el7
objectweb-asm-javadoc	3.3.1-9.el7
objectweb-asm4	4.0-3.el7
objectweb-asm4-javadoc	4.0-3.el7
ocaml	4.05.0-6.el7
ocaml-brlapi	0.6.0-16.el7
ocaml-calendar	2.03.2-7.el7
ocaml-calendar-devel	2.03.2-7.el7
ocaml-camlp4	4.05.0-0.4.gitfc12d8c7.el7
ocaml-camlp4-devel	4.05.0-0.4.gitfc12d8c7.el7
ocaml-compiler-libs	4.05.0-6.el7
ocaml-csv	1.2.3-8.el7
ocaml-csv-devel	1.2.3-8.el7
ocaml-curses	1.0.3-20.el7
ocaml-curses-devel	1.0.3-20.el7
ocaml-docs	4.05.0-6.el7
ocaml-emacs	4.05.0-6.el7
ocaml-extlib	1.5.3-7.el7
ocaml-extlib-devel	1.5.3-7.el7
ocaml-fileutils	0.4.4-9.el7
ocaml-fileutils-devel	0.4.4-9.el7
ocaml-findlib	1.7.3-7.el7
ocaml-findlib-devel	1.7.3-7.el7
ocaml-gettext	0.3.7-1.el7
ocaml-gettext-devel	0.3.7-1.el7
ocaml-hivex	1.3.10-6.12.el7_9
ocaml-hivex-devel	1.3.10-6.12.el7_9
ocaml-libguestfs	1.40.2-10.el7
ocaml-libguestfs-devel	1.40.2-10.el7
ocaml-libvirt	0.6.1.4-17.el7
ocaml-libvirt-devel	0.6.1.4-17.el7
ocaml-ocamlbuild	0.11.0-9.el7
ocaml-ocamlbuild-devel	0.11.0-9.el7
ocaml-ocamlbuild-doc	0.11.0-9.el7
ocaml-ocamldoc	4.05.0-6.el7
ocaml-runtime	4.05.0-6.el7
ocaml-source	4.05.0-6.el7
ocaml-srpm-macros	5-2.el7
ocaml-x11	4.05.0-6.el7
ocaml-xml-light	2.3-0.8.svn234.el7
ocaml-xml-light-devel	2.3-0.8.svn234.el7
oddjob	0.31.5-4.el7
oddjob-mkhomedir	0.31.5-4.el7
okular	4.10.5-9.el7
okular-devel	4.10.5-9.el7
okular-libs	4.10.5-9.el7
okular-part	4.10.5-9.el7
omping	0.0.4-6.el7
opa-address-resolution	10.9.0.0.204-1.el7
opa-basic-tools	10.9.0.0.204-1.el7
opa-fastfabric	10.9.0.0.204-1.el7
opa-fm	10.9.0.0.204-1.el7
opa-libopamgt	10.9.0.0.204-1.el7
opa-libopamgt-devel	10.9.0.0.204-1.el7
opa-snapconfig	10.9.0.0.204-1.el7
opal	3.10.10-4.el7
opal-devel	3.10.10-4.el7
open-sans-fonts	1.10-1.el7
open-vm-tools	11.0.5-3.el7_9.9
open-vm-tools-desktop	11.0.5-3.el7_9.9
open-vm-tools-devel	11.0.5-3.el7_9.9
open-vm-tools-test	11.0.5-3.el7_9.9
opencc	0.4.3-3.el7
opencc-devel	0.4.3-3.el7
opencc-doc	0.4.3-3.el7
opencc-tools	0.4.3-3.el7
openchange	2.3-3.el7
openchange-client	2.3-3.el7
openchange-devel	2.3-3.el7
openchange-devel-docs	2.3-3.el7
opencryptoki	3.12.1-3.el7_9
opencryptoki-devel	3.12.1-3.el7_9
opencryptoki-icsftok	3.12.1-3.el7_9
opencryptoki-libs	3.12.1-3.el7_9
opencryptoki-swtok	3.12.1-3.el7_9
opencryptoki-tpmtok	3.12.1-3.el7_9
opencv	2.4.5-3.el7
opencv-core	2.4.5-3.el7
opencv-devel	2.4.5-3.el7
opencv-devel-docs	2.4.5-3.el7
opencv-python	2.4.5-3.el7
opendnssec	1.4.7-4.el7
openhpi	3.8.0-1.el7
openhpi-devel	3.8.0-1.el7
openhpi-libs	3.8.0-1.el7
openjade	1.3.2-45.el7
openjpeg	1.5.1-18.el7
openjpeg-devel	1.5.1-18.el7
openjpeg-libs	1.5.1-18.el7
openjpeg2	2.3.1-3.el7_7
openjpeg2-devel	2.3.1-3.el7_7
openjpeg2-devel-docs	2.3.1-3.el7_7
openjpeg2-tools	2.3.1-3.el7_7
openldap	2.4.44-25.el7_9
openldap-clients	2.4.44-25.el7_9
openldap-devel	2.4.44-25.el7_9
openldap-servers	2.4.44-25.el7_9
openldap-servers-sql	2.4.44-25.el7_9
openlmi	1.0.2-4.el7
openlmi-account	0.5.0-4.el7
openlmi-account-doc	0.5.0-4.el7
openlmi-fan	0.5.0-4.el7
openlmi-fan-doc	0.5.0-4.el7
openlmi-hardware	0.5.0-4.el7
openlmi-hardware-doc	0.5.0-4.el7
openlmi-indicationmanager-libs	0.5.0-4.el7
openlmi-indicationmanager-libs-devel	0.5.0-4.el7
openlmi-journald	0.5.0-4.el7
openlmi-journald-doc	0.5.0-4.el7
openlmi-logicalfile	0.5.0-4.el7
openlmi-logicalfile-doc	0.5.0-4.el7
openlmi-networking	0.3.0-3.el7
openlmi-networking-doc	0.3.0-3.el7
openlmi-pcp	0.5.0-4.el7
openlmi-powermanagement	0.5.0-4.el7
openlmi-powermanagement-doc	0.5.0-4.el7
openlmi-providers	0.5.0-4.el7
openlmi-providers-devel	0.5.0-4.el7
openlmi-python-base	0.5.0-4.el7
openlmi-python-providers	0.5.0-4.el7
openlmi-python-test	0.5.0-4.el7
openlmi-realmd	0.5.0-4.el7
openlmi-realmd-doc	0.5.0-4.el7
openlmi-service	0.5.0-4.el7
openlmi-service-doc	0.5.0-4.el7
openlmi-software	0.5.0-4.el7
openlmi-software-doc	0.5.0-4.el7
openlmi-storage	0.8.0-2.el7
openlmi-storage-doc	0.8.0-2.el7
openlmi-tools	0.9-22.el7
openlmi-tools-doc	0.9-22.el7
openmpi	1.10.7-5.el7
openmpi-devel	1.10.7-5.el7
openmpi3	3.1.3-2.el7
openmpi3-devel	3.1.3-2.el7
openobex	1.5-8.el7
openobex-apps	1.5-8.el7
openobex-devel	1.5-8.el7
opensc	0.19.0-4.el7_9
openscap	1.2.17-15.el7_9
openscap-containers	1.2.17-15.el7_9
openscap-devel	1.2.17-15.el7_9
openscap-engine-sce	1.2.17-15.el7_9
openscap-engine-sce-devel	1.2.17-15.el7_9
openscap-extra-probes	1.2.17-15.el7_9
openscap-python	1.2.17-15.el7_9
openscap-scanner	1.2.17-15.el7_9
openscap-utils	1.2.17-15.el7_9
openslp	2.0.0-8.el7_7
openslp-devel	2.0.0-8.el7_7
openslp-server	2.0.0-8.el7_7
opensm	3.3.21-4.el7_9
opensm-devel	3.3.21-4.el7_9
opensm-libs	3.3.21-4.el7_9
opensm-static	3.3.21-4.el7_9
opensp	1.5.2-19.el7
opensp-devel	1.5.2-19.el7
openssh	7.4p1-23.el7_9
openssh-askpass	7.4p1-23.el7_9
openssh-cavs	7.4p1-23.el7_9
openssh-clients	7.4p1-23.el7_9
openssh-keycat	7.4p1-23.el7_9
openssh-ldap	7.4p1-23.el7_9
openssh-server	7.4p1-23.el7_9
openssh-server-sysvinit	7.4p1-23.el7_9
openssl	1.0.2k-26.el7_9
openssl-devel	1.0.2k-26.el7_9
openssl-libs	1.0.2k-26.el7_9
openssl-perl	1.0.2k-26.el7_9
openssl-static	1.0.2k-26.el7_9
openssl098e	0.9.8e-29.el7.centos.3
openwsman-client	2.6.3-7.git4391e5c.el7
openwsman-perl	2.6.3-7.git4391e5c.el7
openwsman-python	2.6.3-7.git4391e5c.el7
openwsman-ruby	2.6.3-7.git4391e5c.el7
openwsman-server	2.6.3-7.git4391e5c.el7
oprofile	0.9.9-27.el7
oprofile-devel	0.9.9-27.el7
oprofile-gui	0.9.9-27.el7
oprofile-jit	0.9.9-27.el7
optipng	0.7.4-4.el7
opus	1.0.2-6.el7
opus-devel	1.0.2-6.el7
orc	0.4.26-1.el7
orc-compiler	0.4.26-1.el7
orc-devel	0.4.26-1.el7
orc-doc	0.4.26-1.el7
orca	3.6.3-4.el7
ortp	0.20.0-10.el7
ortp-devel	0.20.0-10.el7
os-prober	1.58-9.el7
oscap-anaconda-addon	0.9-3.el7.centos
oscilloscope	0.13-9.el7
osinfo-db	20200529-1.el7
osinfo-db-tools	1.1.0-1.el7
overpass-fonts	2.1-1.el7
oxygen-cursor-themes	4.11.19-16.el7_9
oxygen-gtk	1.2.0-6.el7
oxygen-gtk2	1.3.4-3.el7
oxygen-gtk3	1.1.4-5.el7
oxygen-icon-theme	4.10.5-2.el7
p11-kit	0.23.5-3.el7
p11-kit-devel	0.23.5-3.el7
p11-kit-doc	0.23.5-3.el7
p11-kit-trust	0.23.5-3.el7
pacemaker	1.1.23-1.el7_9.1
pacemaker-cli	1.1.23-1.el7_9.1
pacemaker-cluster-libs	1.1.23-1.el7_9.1
pacemaker-cts	1.1.23-1.el7_9.1
pacemaker-doc	1.1.23-1.el7_9.1
pacemaker-libs	1.1.23-1.el7_9.1
pacemaker-libs-devel	1.1.23-1.el7_9.1
pacemaker-nagios-plugins-metadata	1.1.23-1.el7_9.1
pacemaker-remote	1.1.23-1.el7_9.1
pakchois	0.4-10.el7
pakchois-devel	0.4-10.el7
paktype-naqsh-fonts	4.1-2.el7
paktype-naskh-basic-fonts	4.1-3.el7
paktype-tehreer-fonts	4.1-2.el7
pam	1.1.8-23.el7
pam-devel	1.1.8-23.el7
pam_krb5	2.4.8-6.el7
pam_pkcs11	0.6.2-30.el7
pam_snapper	0.2.8-4.el7
pam_ssh_agent_auth	0.10.3-2.23.el7_9
pango	1.42.4-4.el7_7
pango-devel	1.42.4-4.el7_7
pango-tests	1.42.4-4.el7_7
pangomm	2.40.1-1.el7
pangomm-devel	2.40.1-1.el7
pangomm-doc	2.40.1-1.el7
papi	5.2.0-26.el7
papi-devel	5.2.0-26.el7
papi-static	5.2.0-26.el7
papi-testsuite	5.2.0-26.el7
paps	0.6.8-28.el7.1
paps-devel	0.6.8-28.el7.1
paps-libs	0.6.8-28.el7.1
paratype-pt-sans-caption-fonts	20101909-3.el7
paratype-pt-sans-fonts	20101909-3.el7
parfait	0.5.4-2.el7
parfait-examples	0.5.4-2.el7
parfait-javadoc	0.5.4-2.el7
parted	3.1-32.el7
parted-devel	3.1-32.el7
passivetex	1.25-17.el7
passwd	0.79-6.el7
patch	2.7.1-12.el7_7
patchutils	0.3.3-5.el7_9
pavucontrol	3.0-5.el7
pax	3.4-19.el7
pciutils	3.5.1-3.el7
pciutils-devel	3.5.1-3.el7
pciutils-devel-static	3.5.1-3.el7
pciutils-libs	3.5.1-3.el7
pcp	4.3.2-13.el7_9
pcp-conf	4.3.2-13.el7_9
pcp-devel	4.3.2-13.el7_9
pcp-doc	4.3.2-13.el7_9
pcp-export-pcp2elasticsearch	4.3.2-13.el7_9
pcp-export-pcp2graphite	4.3.2-13.el7_9
pcp-export-pcp2influxdb	4.3.2-13.el7_9
pcp-export-pcp2json	4.3.2-13.el7_9
pcp-export-pcp2spark	4.3.2-13.el7_9
pcp-export-pcp2xml	4.3.2-13.el7_9
pcp-export-pcp2zabbix	4.3.2-13.el7_9
pcp-export-zabbix-agent	4.3.2-13.el7_9
pcp-gui	4.3.2-13.el7_9
pcp-import-collectl2pcp	4.3.2-13.el7_9
pcp-import-ganglia2pcp	4.3.2-13.el7_9
pcp-import-iostat2pcp	4.3.2-13.el7_9
pcp-import-mrtg2pcp	4.3.2-13.el7_9
pcp-import-sar2pcp	4.3.2-13.el7_9
pcp-libs	4.3.2-13.el7_9
pcp-libs-devel	4.3.2-13.el7_9
pcp-manager	4.3.2-13.el7_9
pcp-parfait-agent	0.5.4-2.el7
pcp-pmda-activemq	4.3.2-13.el7_9
pcp-pmda-apache	4.3.2-13.el7_9
pcp-pmda-bash	4.3.2-13.el7_9
pcp-pmda-bcc	4.3.2-13.el7_9
pcp-pmda-bind2	4.3.2-13.el7_9
pcp-pmda-bonding	4.3.2-13.el7_9
pcp-pmda-cifs	4.3.2-13.el7_9
pcp-pmda-cisco	4.3.2-13.el7_9
pcp-pmda-dbping	4.3.2-13.el7_9
pcp-pmda-dm	4.3.2-13.el7_9
pcp-pmda-docker	4.3.2-13.el7_9
pcp-pmda-ds389	4.3.2-13.el7_9
pcp-pmda-ds389log	4.3.2-13.el7_9
pcp-pmda-elasticsearch	4.3.2-13.el7_9
pcp-pmda-gfs2	4.3.2-13.el7_9
pcp-pmda-gluster	4.3.2-13.el7_9
pcp-pmda-gpfs	4.3.2-13.el7_9
pcp-pmda-gpsd	4.3.2-13.el7_9
pcp-pmda-haproxy	4.3.2-13.el7_9
pcp-pmda-infiniband	4.3.2-13.el7_9
pcp-pmda-json	4.3.2-13.el7_9
pcp-pmda-libvirt	4.3.2-13.el7_9
pcp-pmda-lio	4.3.2-13.el7_9
pcp-pmda-lmsensors	4.3.2-13.el7_9
pcp-pmda-logger	4.3.2-13.el7_9
pcp-pmda-lustre	4.3.2-13.el7_9
pcp-pmda-lustrecomm	4.3.2-13.el7_9
pcp-pmda-mailq	4.3.2-13.el7_9
pcp-pmda-memcache	4.3.2-13.el7_9
pcp-pmda-mic	4.3.2-13.el7_9
pcp-pmda-mounts	4.3.2-13.el7_9
pcp-pmda-mysql	4.3.2-13.el7_9
pcp-pmda-named	4.3.2-13.el7_9
pcp-pmda-netfilter	4.3.2-13.el7_9
pcp-pmda-news	4.3.2-13.el7_9
pcp-pmda-nfsclient	4.3.2-13.el7_9
pcp-pmda-nginx	4.3.2-13.el7_9
pcp-pmda-nvidia-gpu	4.3.2-13.el7_9
pcp-pmda-oracle	4.3.2-13.el7_9
pcp-pmda-pdns	4.3.2-13.el7_9
pcp-pmda-perfevent	4.3.2-13.el7_9
pcp-pmda-postfix	4.3.2-13.el7_9
pcp-pmda-postgresql	4.3.2-13.el7_9
pcp-pmda-prometheus	4.3.2-13.el7_9
pcp-pmda-redis	4.3.2-13.el7_9
pcp-pmda-roomtemp	4.3.2-13.el7_9
pcp-pmda-rpm	4.3.2-13.el7_9
pcp-pmda-rsyslog	4.3.2-13.el7_9
pcp-pmda-samba	4.3.2-13.el7_9
pcp-pmda-sendmail	4.3.2-13.el7_9
pcp-pmda-shping	4.3.2-13.el7_9
pcp-pmda-slurm	4.3.2-13.el7_9
pcp-pmda-smart	4.3.2-13.el7_9
pcp-pmda-snmp	4.3.2-13.el7_9
pcp-pmda-summary	4.3.2-13.el7_9
pcp-pmda-systemd	4.3.2-13.el7_9
pcp-pmda-trace	4.3.2-13.el7_9
pcp-pmda-unbound	4.3.2-13.el7_9
pcp-pmda-vmware	4.3.2-13.el7_9
pcp-pmda-weblog	4.3.2-13.el7_9
pcp-pmda-zimbra	4.3.2-13.el7_9
pcp-pmda-zswap	4.3.2-13.el7_9
pcp-selinux	4.3.2-13.el7_9
pcp-system-tools	4.3.2-13.el7_9
pcp-testsuite	4.3.2-13.el7_9
pcp-webapi	4.3.2-13.el7_9
pcp-webapp-blinkenlights	4.3.2-13.el7_9
pcp-webapp-grafana	4.3.2-13.el7_9
pcp-webapp-graphite	4.3.2-13.el7_9
pcp-webapp-vector	4.3.2-13.el7_9
pcp-webjs	4.3.2-13.el7_9
pcp-zeroconf	4.3.2-13.el7_9
pcre	8.32-17.el7
pcre-devel	8.32-17.el7
pcre-static	8.32-17.el7
pcre-tools	8.32-17.el7
pcre2	10.23-2.el7
pcre2-devel	10.23-2.el7
pcre2-static	10.23-2.el7
pcre2-tools	10.23-2.el7
pcre2-utf16	10.23-2.el7
pcre2-utf32	10.23-2.el7
pcs	0.9.169-3.el7.centos.3
pcs-snmp	0.9.169-3.el7.centos.3
pcsc-lite	1.8.8-8.el7
pcsc-lite-ccid	1.4.10-15.el7
pcsc-lite-devel	1.8.8-8.el7
pcsc-lite-doc	1.8.8-8.el7
pcsc-lite-libs	1.8.8-8.el7
pentaho-libxml	1.1.3-10.el7
pentaho-libxml-javadoc	1.1.3-10.el7
pentaho-reporting-flow-engine	0.9.4-8.el7
pentaho-reporting-flow-engine-javadoc	0.9.4-8.el7
perf	3.10.0-1160.119.1.el7
perftest	4.2-2.el7
perl	5.16.3-299.el7_9
perl-Algorithm-Diff	1.1902-17.el7
perl-App-cpanminus	1.6922-2.el7
perl-AppConfig	1.66-20.el7
perl-Archive-Extract	0.68-3.el7
perl-Archive-Tar	1.92-3.el7
perl-Archive-Zip	1.30-11.el7
perl-Authen-SASL	2.15-10.el7
perl-B-Keywords	1.13-2.el7
perl-B-Lint	1.17-3.el7
perl-Bit-Vector	7.3-3.el7
perl-Browser-Open	0.04-6.el7
perl-Business-ISBN	2.06-2.el7
perl-Business-ISBN-Data	20120719.001-2.el7
perl-CGI	3.63-4.el7
perl-CGI-Session	4.35-16.el7
perl-CPAN	1.9800-299.el7_9
perl-CPAN-Changes	0.20-2.el7
perl-CPAN-Meta	2.120921-5.el7
perl-CPAN-Meta-Requirements	2.122-7.el7
perl-CPAN-Meta-YAML	0.008-14.el7
perl-CPANPLUS	0.91.38-4.el7
perl-CPANPLUS-Dist-Build	0.70-3.el7
perl-CSS-Tiny	1.19-5.el7
perl-Capture-Tiny	0.24-1.el7
perl-Carp	1.26-244.el7
perl-Carp-Clan	6.04-10.el7
perl-Class-Data-Inheritable	0.08-14.el7
perl-Class-ISA	0.36-1010.el7
perl-Class-Inspector	1.28-2.el7
perl-Class-Load	0.20-3.el7
perl-Class-Load-XS	0.06-3.el7
perl-Class-Singleton	1.4-14.el7
perl-Clone	0.34-5.el7
perl-Compress-Raw-Bzip2	2.061-3.el7
perl-Compress-Raw-Zlib	2.061-4.el7
perl-Config-Simple	4.59-15.el7
perl-Config-Tiny	2.14-7.el7
perl-Convert-ASN1	0.26-4.el7
perl-Crypt-CBC	2.33-2.el7
perl-Crypt-DES	2.05-20.el7
perl-Crypt-OpenSSL-Bignum	0.04-18.el7
perl-Crypt-OpenSSL-RSA	0.28-7.el7
perl-Crypt-OpenSSL-Random	0.04-21.el7
perl-Crypt-PasswdMD5	1.3-17.el7
perl-Crypt-SSLeay	0.64-5.el7
perl-DBD-MySQL	4.023-6.el7
perl-DBD-Pg	2.19.3-5.el7_9
perl-DBD-Pg-tests	2.19.3-5.el7_9
perl-DBD-SQLite	1.39-3.el7
perl-DBI	1.627-4.el7
perl-DBIx-Simple	1.35-7.el7
perl-DB_File	1.830-6.el7
perl-Data-Dumper	2.145-3.el7
perl-Data-OptList	0.107-9.el7
perl-Data-Peek	0.38-3.el7
perl-Date-Calc	6.3-14.el7
perl-Date-Manip	6.41-2.el7
perl-DateTime	1.04-6.el7
perl-DateTime-Format-DateParse	0.05-5.el7
perl-DateTime-Locale	0.45-6.el7
perl-DateTime-TimeZone	1.70-2.el7
perl-Devel-CheckLib	0.99-2.el7
perl-Devel-Cover	1.03-3.el7
perl-Devel-Cycle	1.11-13.el7
perl-Devel-EnforceEncapsulation	0.50-8.el7
perl-Devel-Leak	0.03-22.el7
perl-Devel-StackTrace	1.30-2.el7
perl-Devel-Symdump	2.10-2.el7
perl-Digest	1.17-245.el7
perl-Digest-HMAC	1.03-5.el7
perl-Digest-MD5	2.52-3.el7
perl-Digest-SHA	5.85-4.el7
perl-Digest-SHA1	2.13-9.el7
perl-Dist-CheckConflicts	0.06-2.el7
perl-Email-Address	1.898-3.el7
perl-Encode	2.51-7.el7
perl-Encode-Detect	1.01-13.el7
perl-Encode-Locale	1.03-5.el7
perl-Encode-devel	2.51-7.el7
perl-Env	1.04-2.el7
perl-Error	0.17020-2.el7
perl-Exception-Class	1.37-3.el7
perl-Exporter	5.68-3.el7
perl-ExtUtils-CBuilder	0.28.2.6-299.el7_9
perl-ExtUtils-Embed	1.30-299.el7_9
perl-ExtUtils-Install	1.58-299.el7_9
perl-ExtUtils-MakeMaker	6.68-3.el7
perl-ExtUtils-Manifest	1.61-244.el7
perl-ExtUtils-ParseXS	3.18-3.el7
perl-FCGI	0.74-8.el7
perl-File-CheckTree	4.42-3.el7
perl-File-Copy-Recursive	0.38-14.el7
perl-File-Fetch	0.42-2.el7
perl-File-Find-Rule	0.33-5.el7
perl-File-Find-Rule-Perl	1.13-2.el7
perl-File-HomeDir	1.00-4.el7
perl-File-Inplace	0.20-8.el7
perl-File-Listing	6.04-7.el7
perl-File-Path	2.09-2.el7
perl-File-Remove	1.52-6.el7
perl-File-ShareDir	1.03-8.el7
perl-File-Slurp	9999.19-6.el7
perl-File-Temp	0.23.01-3.el7
perl-File-Which	1.09-12.el7
perl-File-pushd	1.005-2.el7
perl-Filter	1.49-3.el7
perl-Font-AFM	1.20-13.el7
perl-Font-TTF	1.02-3.el7
perl-FreezeThaw	0.5001-10.el7
perl-GD	2.49-3.el7
perl-GD-Barcode	1.15-15.el7
perl-GSSAPI	0.28-9.el7
perl-Getopt-Long	2.40-3.el7
perl-Git	1.8.3.1-25.el7_9
perl-Git-SVN	1.8.3.1-25.el7_9
perl-HTML-Format	2.10-7.el7
perl-HTML-FormatText-WithLinks	0.14-8.el7
perl-HTML-FormatText-WithLinks-AndTables	0.02-4.el7
perl-HTML-Parser	3.71-4.el7
perl-HTML-Tagset	3.20-15.el7
perl-HTML-Tree	5.03-2.el7
perl-HTTP-Cookies	6.01-5.el7
perl-HTTP-Daemon	6.01-8.el7
perl-HTTP-Date	6.02-8.el7
perl-HTTP-Message	6.06-6.el7
perl-HTTP-Negotiate	6.01-5.el7
perl-HTTP-Tiny	0.033-3.el7
perl-Hook-LexWrap	0.24-2.el7
perl-IO-CaptureOutput	1.1102-9.el7
perl-IO-Compress	2.061-2.el7
perl-IO-HTML	1.00-2.el7
perl-IO-Socket-INET6	2.69-5.el7
perl-IO-Socket-IP	0.21-5.el7
perl-IO-Socket-SSL	1.94-7.el7
perl-IO-String	1.08-19.el7
perl-IO-Tty	1.10-11.el7
perl-IO-Zlib	1.10-299.el7_9
perl-IO-stringy	2.110-22.el7
perl-IPC-Cmd	0.80-4.el7
perl-IPC-Run	0.92-2.el7
perl-IPC-Run3	0.045-6.el7
perl-Image-Base	1.07-23.el7
perl-Image-Info	1.33-3.el7
perl-Image-Xbm	1.08-21.el7
perl-Image-Xpm	1.09-21.el7
perl-Inline	0.53-4.el7
perl-Inline-Files	0.68-6.el7
perl-JSON	2.59-2.el7
perl-JSON-PP	2.27202-2.el7
perl-JSON-tests	2.59-2.el7
perl-LDAP	0.56-6.el7
perl-LWP-MediaTypes	6.02-2.el7
perl-LWP-Protocol-https	6.04-4.el7
perl-List-MoreUtils	0.33-9.el7
perl-Locale-Codes	3.26-2.el7
perl-Locale-Maketext	1.23-3.el7
perl-Locale-Maketext-Gettext	1.27-13.el7
perl-Locale-Maketext-Simple	0.21-299.el7_9
perl-Locale-PO	0.23-2.el7
perl-Log-Message	0.08-3.el7
perl-Log-Message-Simple	0.10-2.el7
perl-Mail-DKIM	0.39-8.el7
perl-Mail-SPF	2.8.0-4.el7
perl-MailTools	2.12-2.el7
perl-Mixin-Linewise	0.004-2.el7
perl-Module-Build	0.40.05-2.el7
perl-Module-CoreList	2.76.02-299.el7_9
perl-Module-Implementation	0.06-6.el7
perl-Module-Install	1.06-4.el7
perl-Module-Load	0.24-3.el7
perl-Module-Load-Conditional	0.54-3.el7
perl-Module-Loaded	0.08-299.el7_9
perl-Module-Manifest	1.08-10.el7
perl-Module-Metadata	1.000018-2.el7
perl-Module-Pluggable	4.8-3.el7
perl-Module-Runtime	0.013-4.el7
perl-Module-ScanDeps	1.10-3.el7
perl-Module-Signature	0.73-2.el7
perl-Mozilla-CA	20130114-5.el7
perl-Mozilla-LDAP	1.5.3-12.el7
perl-Net-DNS	0.72-6.el7
perl-Net-DNS-Nameserver	0.72-6.el7
perl-Net-DNS-Resolver-Programmable	0.003-15.el7
perl-Net-Daemon	0.48-5.el7
perl-Net-HTTP	6.06-2.el7
perl-Net-LibIDN	0.12-15.el7
perl-Net-SMTP-SSL	1.01-13.el7
perl-Net-SSLeay	1.55-6.el7
perl-Net-Telnet	3.03-19.el7
perl-NetAddr-IP	4.069-3.el7
perl-Newt	1.08-36.el7
perl-Number-Compare	0.03-6.el7
perl-Object-Accessor	0.42-299.el7_9
perl-Object-Deadly	0.09-15.el7
perl-PAR-Dist	0.49-2.el7
perl-PCP-LogImport	4.3.2-13.el7_9
perl-PCP-LogSummary	4.3.2-13.el7_9
perl-PCP-MMV	4.3.2-13.el7_9
perl-PCP-PMDA	4.3.2-13.el7_9
perl-PPI	1.215-12.el7
perl-PPI-HTML	1.08-4.el7
perl-PPIx-Regexp	0.034-3.el7
perl-PPIx-Utilities	1.001000-8.el7
perl-Package-Constants	0.02-299.el7_9
perl-Package-DeprecationManager	0.13-7.el7
perl-Package-Generator	0.103-14.el7
perl-Package-Stash	0.34-2.el7
perl-Package-Stash-XS	0.26-3.el7
perl-PadWalker	1.96-3.el7
perl-Parallel-Iterator	1.00-8.el7
perl-Params-Check	0.38-2.el7
perl-Params-Util	1.07-6.el7
perl-Params-Validate	1.08-4.el7
perl-Parse-CPAN-Meta	1.4404-5.el7
perl-Parse-RecDescent	1.967009-5.el7
perl-Parse-Yapp	1.05-50.el7
perl-PathTools	3.40-5.el7
perl-Perl-Critic	1.118-5.el7
perl-Perl-Critic-More	1.000-9.el7
perl-Perl-MinimumVersion	1.32-2.el7
perl-Perl-OSType	1.003-3.el7
perl-Perl4-CoreLibs	0.003-7.el7
perl-PlRPC	0.2020-14.el7
perl-Pod-Checker	1.60-2.el7
perl-Pod-Coverage	0.23-3.el7
perl-Pod-Coverage-TrustPod	0.100002-5.el7
perl-Pod-Escapes	1.04-299.el7_9
perl-Pod-Eventual	0.093330-12.el7
perl-Pod-LaTeX	0.61-2.el7
perl-Pod-POM	0.27-10.el7
perl-Pod-Parser	1.61-2.el7
perl-Pod-Perldoc	3.20-4.el7
perl-Pod-Plainer	1.03-4.el7
perl-Pod-Simple	3.28-4.el7
perl-Pod-Spell	1.04-4.el7
perl-Pod-Usage	1.63-3.el7
perl-Probe-Perl	0.02-3.el7
perl-Readonly	1.03-22.el7
perl-Readonly-XS	1.05-15.el7
perl-SGMLSpm	1.03ii-31.el7
perl-SNMP_Session	1.13-5.el7
perl-Scalar-List-Utils	1.27-248.el7
perl-Socket	2.010-5.el7
perl-Socket6	0.23-15.el7
perl-Sort-Versions	1.5-22.el7
perl-Storable	2.45-3.el7
perl-String-CRC32	1.4-19.el7
perl-String-Format	1.16-11.el7
perl-String-ShellQuote	1.04-10.el7
perl-String-Similarity	1.04-10.el7
perl-Sub-Exporter	0.986-2.el7
perl-Sub-Install	0.926-6.el7
perl-Sub-Uplevel	0.24-4.el7
perl-Switch	2.16-7.el7
perl-Syntax-Highlight-Engine-Kate	0.07-5.el7
perl-Sys-CPU	0.54-4.el7
perl-Sys-Guestfs	1.40.2-10.el7
perl-Sys-MemInfo	0.91-7.el7
perl-Sys-Syslog	0.33-3.el7
perl-Sys-Virt	4.5.0-2.el7
perl-Taint-Runtime	0.03-19.el7
perl-Task-Weaken	1.04-6.el7
perl-Template-Toolkit	2.24-5.el7
perl-Term-UI	0.36-2.el7
perl-TermReadKey	2.30-20.el7
perl-Test-CPAN-Meta	0.23-2.el7
perl-Test-ClassAPI	1.06-14.el7
perl-Test-Deep	0.110-2.el7
perl-Test-Differences	0.5000-10.el7
perl-Test-DistManifest	1.012-6.el7
perl-Test-EOL	1.3-7.el7
perl-Test-Exception	0.32-2.el7
perl-Test-Fatal	0.010-5.el7
perl-Test-Harness	3.28-3.el7
perl-Test-HasVersion	0.012-7.el7
perl-Test-Inter	1.05-2.el7
perl-Test-Manifest	1.23-2.el7
perl-Test-Memory-Cycle	1.04-17.el7
perl-Test-MinimumVersion	0.101080-10.el7
perl-Test-MockObject	1.20120301-3.el7
perl-Test-NoTabs	1.3-5.el7
perl-Test-NoWarnings	1.04-2.el7
perl-Test-Object	0.07-17.el7
perl-Test-Output	1.01-7.el7
perl-Test-Perl-Critic	1.02-10.el7
perl-Test-Perl-Critic-Policy	1.118-5.el7
perl-Test-Pod	1.48-3.el7
perl-Test-Pod-Coverage	1.08-21.el7
perl-Test-Portability-Files	0.05-18.el7
perl-Test-Requires	0.06-10.el7
perl-Test-Script	1.07-12.el7
perl-Test-Simple	0.98-243.el7
perl-Test-Spelling	0.19-2.el7
perl-Test-SubCalls	1.09-14.el7
perl-Test-Synopsis	0.06-16.el7
perl-Test-Taint	1.06-5.el7
perl-Test-Tester	0.109-3.el7
perl-Test-Vars	0.005-3.el7
perl-Test-Warn	0.24-6.el7
perl-Test-Without-Module	0.17-12.el7
perl-Text-CSV_XS	1.00-3.el7
perl-Text-CharWidth	0.04-18.el7
perl-Text-Diff	1.41-5.el7
perl-Text-Glob	0.09-7.el7
perl-Text-Iconv	1.7-18.el7
perl-Text-ParseWords	3.29-4.el7
perl-Text-Soundex	3.04-4.el7
perl-Text-Unidecode	0.04-20.el7
perl-Text-WrapI18N	0.06-17.el7
perl-Thread-Queue	3.02-2.el7
perl-Tie-IxHash	1.22-11.el7
perl-Time-HiRes	1.9725-3.el7
perl-Time-Local	1.2300-2.el7
perl-Time-Piece	1.20.1-299.el7_9
perl-TimeDate	2.30-2.el7
perl-Tk	804.030-6.el7
perl-Tk-devel	804.030-6.el7
perl-Tree-DAG_Node	1.12-2.el7
perl-Try-Tiny	0.12-2.el7
perl-UNIVERSAL-can	1.20120726-3.el7
perl-UNIVERSAL-isa	1.20120726-3.el7
perl-URI	1.60-9.el7
perl-Unicode-Map8	0.13-13.el7
perl-Unicode-String	2.09-29.el7
perl-Version-Requirements	0.101022-244.el7
perl-WWW-Curl	4.15-13.el7
perl-WWW-RobotRules	6.02-5.el7
perl-XML-Catalog	1.0.1-1.el7
perl-XML-DOM	1.44-19.el7
perl-XML-Dumper	0.81-17.el7
perl-XML-Filter-BufferText	1.01-17.el7
perl-XML-Grove	0.46alpha-52.el7
perl-XML-Handler-YAWriter	0.23-18.el7
perl-XML-LibXML	2.0018-5.el7
perl-XML-LibXSLT	1.80-4.el7
perl-XML-NamespaceSupport	1.11-10.el7
perl-XML-Parser	2.41-10.el7
perl-XML-RegExp	0.04-2.el7
perl-XML-SAX	0.99-9.el7
perl-XML-SAX-Base	1.08-7.el7
perl-XML-SAX-Writer	0.53-4.el7
perl-XML-Simple	2.20-5.el7
perl-XML-TokeParser	0.05-12.el7
perl-XML-TreeBuilder	4.2-1.el7
perl-XML-Twig	3.44-2.el7
perl-XML-Writer	0.623-3.el7
perl-XML-XPath	1.13-22.el7
perl-XML-XPathEngine	0.14-3.el7
perl-YAML	0.84-5.el7
perl-YAML-Syck	1.27-3.el7
perl-YAML-Tiny	1.51-6.el7
perl-autodie	2.16-2.el7
perl-constant	1.27-2.el7
perl-core	5.16.3-299.el7_9
perl-devel	5.16.3-299.el7_9
perl-gettext	1.05-28.el7
perl-hivex	1.3.10-6.12.el7_9
perl-homedir	1.008010-4.el7
perl-libintl	1.20-12.el7
perl-libs	5.16.3-299.el7_9
perl-libwww-perl	6.05-2.el7
perl-libxml-perl	0.08-19.el7
perl-local-lib	1.008010-4.el7
perl-macros	5.16.3-299.el7_9
perl-parent	0.225-244.el7
perl-podlators	2.5.1-3.el7
perl-prefork	1.04-11.el7
perl-srpm-macros	1-8.el7
perl-tests	5.16.3-299.el7_9
perl-threads	1.87-4.el7
perl-threads-shared	1.43-6.el7
perl-version	0.99.07-6.el7
perltidy	20121207-3.el7
pesign	0.109-11.el7_9
pexpect	2.3-11.el7
phonon	4.6.0-10.el7
phonon-backend-gstreamer	4.6.3-3.el7
phonon-devel	4.6.0-10.el7
php	5.4.16-48.el7
php-bcmath	5.4.16-48.el7
php-cli	5.4.16-48.el7
php-common	5.4.16-48.el7
php-dba	5.4.16-48.el7
php-devel	5.4.16-48.el7
php-embedded	5.4.16-48.el7
php-enchant	5.4.16-48.el7
php-fpm	5.4.16-48.el7
php-gd	5.4.16-48.el7
php-intl	5.4.16-48.el7
php-ldap	5.4.16-48.el7
php-mbstring	5.4.16-48.el7
php-mysql	5.4.16-48.el7
php-mysqlnd	5.4.16-48.el7
php-odbc	5.4.16-48.el7
php-pdo	5.4.16-48.el7
php-pear	1.9.4-23.el7_9
php-pecl-memcache	3.0.8-4.el7
php-pgsql	5.4.16-48.el7
php-process	5.4.16-48.el7
php-pspell	5.4.16-48.el7
php-recode	5.4.16-48.el7
php-snmp	5.4.16-48.el7
php-soap	5.4.16-48.el7
php-xml	5.4.16-48.el7
php-xmlrpc	5.4.16-48.el7
pidgin	2.10.11-9.el7
pidgin-devel	2.10.11-9.el7
pidgin-perl	2.10.11-9.el7
pidgin-sipe	1.20.1-2.el7
pinentry	0.8.1-17.el7
pinentry-gtk	0.8.1-17.el7
pinentry-qt	0.8.1-17.el7
pinentry-qt4	0.8.1-17.el7
pinfo	0.6.10-9.el7
pixman	0.34.0-1.el7
pixman-devel	0.34.0-1.el7
pkgconfig	0.27.1-4.el7
pki-base	10.5.18-27.el7_9
pki-base-java	10.5.18-27.el7_9
pki-ca	10.5.18-27.el7_9
pki-javadoc	10.5.18-27.el7_9
pki-kra	10.5.18-27.el7_9
pki-server	10.5.18-27.el7_9
pki-symkey	10.5.18-27.el7_9
pki-tools	10.5.18-27.el7_9
plasma-scriptengine-python	4.11.19-16.el7_9
plasma-scriptengine-ruby	4.11.19-16.el7_9
plexus-ant-factory	1.0-0.12.a2.3.el7
plexus-ant-factory-javadoc	1.0-0.12.a2.3.el7
plexus-archiver	2.4.2-5.el7_5
plexus-archiver-javadoc	2.4.2-5.el7_5
plexus-bsh-factory	1.0-0.14.a7.el7
plexus-bsh-factory-javadoc	1.0-0.14.a7.el7
plexus-build-api	0.0.7-11.el7
plexus-build-api-javadoc	0.0.7-11.el7
plexus-cdc	1.0-0.20.a14.el7
plexus-cdc-javadoc	1.0-0.20.a14.el7
plexus-cipher	1.7-5.el7
plexus-cipher-javadoc	1.7-5.el7
plexus-classworlds	2.4.2-8.el7
plexus-classworlds-javadoc	2.4.2-8.el7
plexus-cli	1.2-20.el7
plexus-cli-javadoc	1.2-20.el7
plexus-compiler	2.2-7.el7
plexus-compiler-extras	2.2-7.el7
plexus-compiler-javadoc	2.2-7.el7
plexus-compiler-pom	2.2-7.el7
plexus-component-api	1.0-0.16.alpha15.el7
plexus-component-api-javadoc	1.0-0.16.alpha15.el7
plexus-component-factories-pom	1.0-0.7.alpha11.el7
plexus-components-pom	1.2-7.el7
plexus-containers	1.5.5-14.el7
plexus-containers-component-annotations	1.5.5-14.el7
plexus-containers-component-javadoc	1.5.5-14.el7
plexus-containers-component-metadata	1.5.5-14.el7
plexus-containers-container-default	1.5.5-14.el7
plexus-containers-javadoc	1.5.5-14.el7
plexus-digest	1.1-15.el7
plexus-digest-javadoc	1.1-15.el7
plexus-i18n	1.0-0.6.b10.4.el7
plexus-i18n-javadoc	1.0-0.6.b10.4.el7
plexus-interactivity	1.0-0.14.alpha6.el7
plexus-interactivity-javadoc	1.0-0.14.alpha6.el7
plexus-interpolation	1.15-8.el7
plexus-interpolation-javadoc	1.15-8.el7
plexus-io	2.0.5-9.el7
plexus-io-javadoc	2.0.5-9.el7
plexus-mail-sender	1.0-1.a2.25.el7
plexus-mail-sender-javadoc	1.0-1.a2.25.el7
plexus-pom	3.3.1-5.el7
plexus-resources	1.0-0.15.a7.el7
plexus-resources-javadoc	1.0-0.15.a7.el7
plexus-sec-dispatcher	1.4-13.el7
plexus-sec-dispatcher-javadoc	1.4-13.el7
plexus-tools-pom	1.0.11-8.el7
plexus-utils	3.0.9-9.el7
plexus-utils-javadoc	3.0.9-9.el7
plexus-velocity	1.1.8-16.el7
plexus-velocity-javadoc	1.1.8-16.el7
plymouth	0.8.9-0.34.20140113.el7.centos
plymouth-core-libs	0.8.9-0.34.20140113.el7.centos
plymouth-devel	0.8.9-0.34.20140113.el7.centos
plymouth-graphics-libs	0.8.9-0.34.20140113.el7.centos
plymouth-plugin-fade-throbber	0.8.9-0.34.20140113.el7.centos
plymouth-plugin-label	0.8.9-0.34.20140113.el7.centos
plymouth-plugin-script	0.8.9-0.34.20140113.el7.centos
plymouth-plugin-space-flares	0.8.9-0.34.20140113.el7.centos
plymouth-plugin-throbgress	0.8.9-0.34.20140113.el7.centos
plymouth-plugin-two-step	0.8.9-0.34.20140113.el7.centos
plymouth-scripts	0.8.9-0.34.20140113.el7.centos
plymouth-system-theme	0.8.9-0.34.20140113.el7.centos
plymouth-theme-charge	0.8.9-0.34.20140113.el7.centos
plymouth-theme-fade-in	0.8.9-0.34.20140113.el7.centos
plymouth-theme-script	0.8.9-0.34.20140113.el7.centos
plymouth-theme-solar	0.8.9-0.34.20140113.el7.centos
plymouth-theme-spinfinity	0.8.9-0.34.20140113.el7.centos
plymouth-theme-spinner	0.8.9-0.34.20140113.el7.centos
pm-utils	1.4.1-27.el7
pm-utils-devel	1.4.1-27.el7
pmdk-convert	1.5-1.el7
pmempool	1.5.1-2.1.el7
pngcrush	1.7.59-4.el7
pngnq	1.1-9.el7
pnm2ppa	1.04-28.el7
po4a	0.44-10.el7
policycoreutils	2.5-34.el7
policycoreutils-devel	2.5-34.el7
policycoreutils-gui	2.5-34.el7
policycoreutils-newrole	2.5-34.el7
policycoreutils-python	2.5-34.el7
policycoreutils-restorecond	2.5-34.el7
policycoreutils-sandbox	2.5-34.el7
polkit	0.112-26.el7_9.1
polkit-devel	0.112-26.el7_9.1
polkit-docs	0.112-26.el7_9.1
polkit-kde	0.99.1-4.20130311git.el7
polkit-pkla-compat	0.1-4.el7
polkit-qt	0.103.0-10.el7_0
polkit-qt-devel	0.103.0-10.el7_0
polkit-qt-doc	0.103.0-10.el7_0
poppler	0.26.5-43.el7.1
poppler-cpp	0.26.5-43.el7.1
poppler-cpp-devel	0.26.5-43.el7.1
poppler-data	0.4.6-3.el7
poppler-demos	0.26.5-43.el7.1
poppler-devel	0.26.5-43.el7.1
poppler-glib	0.26.5-43.el7.1
poppler-glib-devel	0.26.5-43.el7.1
poppler-qt	0.26.5-43.el7.1
poppler-qt-devel	0.26.5-43.el7.1
poppler-utils	0.26.5-43.el7.1
popt	1.13-16.el7
popt-devel	1.13-16.el7
popt-static	1.13-16.el7
portreserve	0.0.5-11.el7
postfix	2.10.1-9.el7
postfix-perl-scripts	2.10.1-9.el7
postfix-sysvinit	2.10.1-9.el7
postgresql	9.2.24-9.el7_9
postgresql-contrib	9.2.24-9.el7_9
postgresql-devel	9.2.24-9.el7_9
postgresql-docs	9.2.24-9.el7_9
postgresql-jdbc	9.2.1002-8.el7_8
postgresql-jdbc-javadoc	9.2.1002-8.el7_8
postgresql-libs	9.2.24-9.el7_9
postgresql-odbc	09.03.0100-2.el7
postgresql-plperl	9.2.24-9.el7_9
postgresql-plpython	9.2.24-9.el7_9
postgresql-pltcl	9.2.24-9.el7_9
postgresql-server	9.2.24-9.el7_9
postgresql-static	9.2.24-9.el7_9
postgresql-test	9.2.24-9.el7_9
postgresql-upgrade	9.2.24-9.el7_9
pothana2000-fonts	1.3.3-6.el7
powertop	2.9-1.el7
ppp	2.4.5-34.el7_7
ppp-devel	2.4.5-34.el7_7
pprof	2.6.1-1.el7
pps-tools	0-0.9.20120407git0deb9c.el7
pps-tools-devel	0-0.9.20120407git0deb9c.el7
pptp	1.7.2-22.el7
pptp-setup	1.7.2-22.el7
prelink	0.5.0-9.el7
procmail	3.22-36.el7_4.1
procps-ng	3.3.10-28.el7
procps-ng-devel	3.3.10-28.el7
procps-ng-i18n	3.3.10-28.el7
protobuf	2.5.0-8.el7
protobuf-c	1.0.2-3.el7
protobuf-c-compiler	1.0.2-3.el7
protobuf-c-devel	1.0.2-3.el7
protobuf-compiler	2.5.0-8.el7
protobuf-devel	2.5.0-8.el7
protobuf-emacs	2.5.0-8.el7
protobuf-emacs-el	2.5.0-8.el7
protobuf-java	2.5.0-8.el7
protobuf-javadoc	2.5.0-8.el7
protobuf-lite	2.5.0-8.el7
protobuf-lite-devel	2.5.0-8.el7
protobuf-lite-static	2.5.0-8.el7
protobuf-python	2.5.0-8.el7
protobuf-static	2.5.0-8.el7
protobuf-vim	2.5.0-8.el7
ps_mem	3.1-7.el7
psacct	6.6.1-13.el7
psmisc	22.20-17.el7
psutils	1.17-44.el7
psutils-perl	1.17-44.el7
pth	2.0.7-23.el7
pth-devel	2.0.7-23.el7
ptlib	2.10.10-6.el7
ptlib-devel	2.10.10-6.el7
publican	3.2.0-4.el7
publican-common-db5-web	3.2.0-4.el7
publican-common-web	3.2.0-4.el7
publican-doc	3.2.0-4.el7
publican-redhat	2.7-6.el7
pulseaudio	10.0-6.el7_9
pulseaudio-esound-compat	10.0-6.el7_9
pulseaudio-gdm-hooks	10.0-6.el7_9
pulseaudio-libs	10.0-6.el7_9
pulseaudio-libs-devel	10.0-6.el7_9
pulseaudio-libs-glib2	10.0-6.el7_9
pulseaudio-module-bluetooth	10.0-6.el7_9
pulseaudio-module-gconf	10.0-6.el7_9
pulseaudio-module-x11	10.0-6.el7_9
pulseaudio-module-zeroconf	10.0-6.el7_9
pulseaudio-qpaeq	10.0-6.el7_9
pulseaudio-utils	10.0-6.el7_9
purple-sipe	1.20.1-2.el7
pyOpenSSL	0.13.1-4.el7
pyOpenSSL-doc	0.13.1-4.el7
pycairo	1.8.10-8.el7
pycairo-devel	1.8.10-8.el7
pygobject2	2.28.6-11.el7
pygobject2-codegen	2.28.6-11.el7
pygobject2-devel	2.28.6-11.el7
pygobject2-doc	2.28.6-11.el7
pygobject3-devel	3.22.0-1.el7_4.1
pygpgme	0.3-9.el7
pygtk2	2.24.0-9.el7
pygtk2-codegen	2.24.0-9.el7
pygtk2-devel	2.24.0-9.el7
pygtk2-doc	2.24.0-9.el7
pygtk2-libglade	2.24.0-9.el7
pykde4	4.10.5-6.el7
pykde4-akonadi	4.10.5-6.el7
pykde4-devel	4.10.5-6.el7
pykickstart	1.99.66.22-1.el7
pyldb	1.5.4-2.el7
pyldb-devel	1.5.4-2.el7
pyliblzma	0.5.3-11.el7
pyorbit	2.24.0-15.el7
pyorbit-devel	2.24.0-15.el7
pyparsing	1.5.6-9.el7
pyparsing-doc	1.5.6-9.el7
pyparted	3.9-15.el7
pyserial	2.6-6.el7
pytalloc	2.1.16-1.el7
pytalloc-devel	2.1.16-1.el7
pytest	2.7.0-2.el7
python	2.7.5-94.el7_9
python-IPy	0.75-6.el7
python-adal	0.6.0-1.el7
python-appindicator	12.10.0-13.el7
python-augeas	0.5.0-2.el7
python-azure-sdk	4.0.0-1.el7
python-babel	0.9.6-8.el7
python-backports	1.0-8.el7
python-backports-ssl_match_hostname	3.5.0.1-1.el7
python-bcc	0.10.0-1.el7
python-beaker	1.5.4-10.el7
python-blivet	0.61.15.76-1.el7_9
python-boto3	1.4.6-5.el7
python-brlapi	0.6.0-16.el7
python-cffi	1.6.0-5.el7
python-cffi-doc	1.6.0-5.el7
python-chardet	2.2.1-3.el7
python-cherrypy	3.2.2-4.el7
python-clufter	0.77.1-1.el7
python-configobj	4.7.2-7.el7
python-configshell	1.1.26-1.el7
python-coverage	3.6-0.5.b3.el7
python-cpio	0.1-16.el7
python-criu	3.12-2.el7
python-cups	1.9.63-6.el7
python-cups-doc	1.9.63-6.el7
python-custodia	0.3.1-4.el7
python-custodia-ipa	0.3.1-4.el7
python-dateutil	1.5-7.el7
python-debug	2.7.5-94.el7_9
python-decorator	3.4.0-3.el7
python-deltarpm	3.6-3.el7
python-devel	2.7.5-94.el7_9
python-di	0.3-2.el7
python-dmidecode	3.12.2-4.el7
python-dns	1.12.0-4.20150617git465785f.el7
python-docs	2.7.5-3.el7
python-docutils	0.11-0.3.20130715svn7687.el7
python-dtopt	0.1-13.el7
python-enum34	1.0.4-1.el7
python-ethtool	0.8-8.el7
python-firewall	0.6.3-13.el7_9
python-fpconst	0.7.3-12.el7
python-gobject	3.22.0-1.el7_4.1
python-gobject-base	3.22.0-1.el7_4.1
python-gpod	0.8.2-12.el7
python-gssapi	1.2.0-3.el7
python-gudev	147.2-7.el7
python-hivex	1.3.10-6.12.el7_9
python-hwdata	1.7.3-4.el7
python-idna	2.4-1.el7
python-iniparse	0.4-9.el7
python-inotify	0.9.4-4.el7
python-inotify-examples	0.9.4-4.el7
python-ipaddr	2.1.11-2.el7
python-ipaddress	1.0.16-2.el7
python-isodate	0.5.4-8.el7
python-isomd5sum	1.0.10-5.el7
python-javapackages	3.4.1-11.el7
python-jinja2	2.7.2-4.el7
python-jsonpatch	1.2-4.el7
python-jsonpointer	1.9-2.el7
python-jwcrypto	0.4.2-1.el7
python-jwt	1.5.3-1.el7
python-kdcproxy	0.3.2-3.el7
python-kerberos	1.1-15.el7
python-kitchen	1.1.1-5.el7
python-kitchen-doc	1.1.1-5.el7
python-kmod	0.9-4.el7
python-krbV	1.0.90-8.el7
python-ldap	2.4.15-2.el7
python-libguestfs	1.40.2-10.el7
python-libipa_hbac	1.16.5-10.el7_9.16
python-librepo	1.8.1-8.el7_9
python-libs	2.7.5-94.el7_9
python-libsss_nss_idmap	1.16.5-10.el7_9.16
python-libteam	1.29-3.el7
python-libvoikko	3.6-5.el7
python-linux-procfs	0.4.11-4.el7
python-lxml	3.2.1-4.el7
python-lxml-docs	3.2.1-4.el7
python-magic	5.11-37.el7
python-mako	0.8.1-2.el7
python-markupsafe	0.11-10.el7
python-matplotlib	1.2.0-16.el7
python-matplotlib-doc	1.2.0-16.el7
python-matplotlib-qt4	1.2.0-16.el7
python-matplotlib-tk	1.2.0-16.el7
python-meh	0.25.3-1.el7
python-meh-gui	0.25.3-1.el7
python-memcached	1.48-4.el7
python-msrest	0.5.4-1.el7
python-msrestazure	0.5.1-1.el7
python-mutagen	1.20-6.el7
python-netaddr	0.7.5-9.el7
python-netifaces	0.10.4-3.el7
python-nose	1.3.7-1.el7
python-nose-docs	1.3.7-1.el7
python-nss	0.16.0-3.el7
python-nss-doc	0.16.0-3.el7
python-ntplib	0.3.2-1.el7
python-paramiko	2.1.1-9.el7
python-paramiko-doc	2.1.1-9.el7
python-paste	1.7.5.1-9.20111221hg1498.el7
python-pcp	4.3.2-13.el7_9
python-perf	3.10.0-1160.119.1.el7
python-pillow	2.0.0-25.gitd1c6db8.el7_9
python-pillow-devel	2.0.0-25.gitd1c6db8.el7_9
python-pillow-doc	2.0.0-25.gitd1c6db8.el7_9
python-pillow-qt	2.0.0-25.gitd1c6db8.el7_9
python-pillow-sane	2.0.0-25.gitd1c6db8.el7_9
python-pillow-tk	2.0.0-25.gitd1c6db8.el7_9
python-ply	3.4-11.el7
python-prettytable	0.7.2-3.el7
python-psycopg2	2.5.1-4.el7
python-psycopg2-debug	2.5.1-4.el7
python-psycopg2-doc	2.5.1-4.el7
python-pwquality	1.2.3-5.el7
python-py	1.4.32-1.el7
python-pyblock	0.53-6.el7
python-pycparser	2.14-1.el7
python-pycurl	7.19.0-19.el7
python-pygments	1.4-10.el7
python-pyudev	0.15-9.el7
python-qrcode	5.0.1-1.el7
python-qrcode-core	5.0.1-1.el7
python-rados	10.2.5-4.el7
python-rbd	10.2.5-4.el7
python-reportlab	2.5-11.el7_9
python-reportlab-docs	2.5-11.el7_9
python-requests	2.6.0-10.el7
python-rhsm	1.19.10-1.el7_4
python-rhsm-certificates	1.19.10-1.el7_4
python-rpm-macros	3-34.el7
python-rtslib	2.1.74-1.el7_9
python-rtslib-doc	2.1.74-1.el7_9
python-s3transfer	0.1.13-1.el7_9.2
python-schedutils	0.4-6.el7
python-setproctitle	1.1.6-5.el7
python-setuptools	0.9.8-7.el7
python-six	1.9.0-2.el7
python-slip	0.4.0-4.el7
python-slip-dbus	0.4.0-4.el7
python-slip-gtk	0.4.0-4.el7
python-smbc	1.0.13-8.el7
python-smbc-doc	1.0.13-8.el7
python-smbios	2.3.3-8.el7
python-sphinx	1.1.3-11.el7
python-sphinx-doc	1.1.3-11.el7
python-sphinx-theme-openlmi	0.5.0-4.el7
python-sqlalchemy	0.9.8-2.el7
python-srpm-macros	3-34.el7
python-sss	1.16.5-10.el7_9.16
python-sss-murmur	1.16.5-10.el7_9.16
python-sssdconfig	1.16.5-10.el7_9.16
python-suds	0.4.1-5.el7
python-syspurpose	1.24.54-1.el7.centos
python-tdb	1.3.18-1.el7
python-tempita	0.5.1-6.el7
python-test	2.7.5-94.el7_9
python-tevent	0.9.39-1.el7
python-tools	2.7.5-94.el7_9
python-tornado	4.2.1-5.el7
python-tornado-doc	4.2.1-5.el7
python-twisted-core	12.2.0-5.el7
python-twisted-core-doc	12.2.0-5.el7
python-twisted-web	12.1.0-8.el7_9
python-twisted-words	12.2.0-4.el7
python-urlgrabber	3.10-10.el7
python-urllib3	1.10.2-7.el7
python-urwid	1.1.1-3.el7
python-virtualenv	15.1.0-7.el7_9
python-volume_key	0.3.9-9.el7
python-webob	1.2.3-7.el7
python-webtest	1.3.4-6.el7
python-which	1.1.0-12.el7
python-yubico	1.2.3-1.el7
python-zope-interface	4.0.5-4.el7
python2-blivet3	3.1.3-3.el7
python2-blockdev	2.18-5.el7
python2-bytesize	1.2-1.el7
python2-caribou	0.4.21-1.el7
python2-cryptography	1.7.2-2.el7
python2-futures	3.1.1-5.el7
python2-gexiv2	0.10.8-1.el7
python2-gluster	6.0-61.el7
python2-hawkey	0.6.3-4.el7
python2-ipaclient	4.6.8-5.el7.centos.17
python2-ipalib	4.6.8-5.el7.centos.17
python2-ipaserver	4.6.8-5.el7.centos.17
python2-keycloak-httpd-client-install	0.8-1.el7
python2-oauthlib	2.0.1-8.el7
python2-pyasn1	0.1.9-7.el7
python2-pyasn1-modules	0.1.9-7.el7
python2-pyatspi	2.26.0-3.el7
python2-requests-oauthlib	0.8.0-5.el7
python2-rpm-macros	3-34.el7
python2-solv	0.6.34-4.el7
python2-subprocess32	3.2.6-14.el7
python3	3.6.8-21.el7_9
python3-debug	3.6.8-21.el7_9
python3-devel	3.6.8-21.el7_9
python3-idle	3.6.8-21.el7_9
python3-libs	3.6.8-21.el7_9
python3-pip	9.0.3-8.el7
python3-rpm-generators	6-2.el7
python3-rpm-macros	3-34.el7
python3-setuptools	39.2.0-10.el7
python3-test	3.6.8-21.el7_9
python3-tkinter	3.6.8-21.el7_9
python3-wheel	0.31.1-5.el7_7
pytz	2016.10-2.el7
pyusb	1.0.0-0.11.b1.el7
pywbem	0.7.0-25.20130827svn625.el7
pyxattr	0.5.1-5.el7
qca-ossl	2.0.0-0.19.beta3.el7
qca2	2.0.3-7.el7
qca2-devel	2.0.3-7.el7
qdox	1.12.1-10.el7
qdox-javadoc	1.12.1-10.el7
qemu-guest-agent	2.12.0-3.el7
qemu-img	1.5.3-175.el7_9.6
qemu-kvm	1.5.3-175.el7_9.6
qemu-kvm-common	1.5.3-175.el7_9.6
qemu-kvm-tools	1.5.3-175.el7_9.6
qgnomeplatform	0.3-5.el7
qimageblitz	0.0.6-7.el7
qimageblitz-devel	0.0.6-7.el7
qimageblitz-examples	0.0.6-7.el7
qjson	0.8.1-4.el7
qjson-devel	0.8.1-4.el7
qpdf	5.0.1-4.el7
qpdf-devel	5.0.1-4.el7
qpdf-doc	5.0.1-4.el7
qpdf-libs	5.0.1-4.el7
qperf	0.4.9-3.el7
qrencode	3.4.1-3.el7
qrencode-devel	3.4.1-3.el7
qrencode-libs	3.4.1-3.el7
qt	4.8.7-9.el7_9
qt-assistant	4.8.7-9.el7_9
qt-config	4.8.7-9.el7_9
qt-demos	4.8.7-9.el7_9
qt-devel	4.8.7-9.el7_9
qt-devel-private	4.8.7-9.el7_9
qt-doc	4.8.7-9.el7_9
qt-examples	4.8.7-9.el7_9
qt-mysql	4.8.7-9.el7_9
qt-odbc	4.8.7-9.el7_9
qt-postgresql	4.8.7-9.el7_9
qt-qdbusviewer	4.8.7-9.el7_9
qt-qvfb	4.8.7-9.el7_9
qt-settings	19-23.12.el7.centos
qt-x11	4.8.7-9.el7_9
qt3	3.3.8b-51.el7
qt3-MySQL	3.3.8b-51.el7
qt3-ODBC	3.3.8b-51.el7
qt3-PostgreSQL	3.3.8b-51.el7
qt3-config	3.3.8b-51.el7
qt3-designer	3.3.8b-51.el7
qt3-devel	3.3.8b-51.el7
qt3-devel-docs	3.3.8b-51.el7
qt5-assistant	5.9.7-1.el7
qt5-designer	5.9.7-1.el7
qt5-doctools	5.9.7-1.el7
qt5-linguist	5.9.7-1.el7
qt5-qdbusviewer	5.9.7-1.el7
qt5-qt3d	5.9.7-1.el7
qt5-qt3d-devel	5.9.7-1.el7
qt5-qt3d-doc	5.9.7-1.el7
qt5-qt3d-examples	5.9.7-1.el7
qt5-qtbase	5.9.7-5.el7_9
qt5-qtbase-common	5.9.7-5.el7_9
qt5-qtbase-devel	5.9.7-5.el7_9
qt5-qtbase-doc	5.9.7-5.el7_9
qt5-qtbase-examples	5.9.7-5.el7_9
qt5-qtbase-gui	5.9.7-5.el7_9
qt5-qtbase-mysql	5.9.7-5.el7_9
qt5-qtbase-odbc	5.9.7-5.el7_9
qt5-qtbase-postgresql	5.9.7-5.el7_9
qt5-qtbase-static	5.9.7-5.el7_9
qt5-qtcanvas3d	5.9.7-1.el7
qt5-qtcanvas3d-doc	5.9.7-1.el7
qt5-qtcanvas3d-examples	5.9.7-1.el7
qt5-qtconnectivity	5.9.7-1.el7
qt5-qtconnectivity-devel	5.9.7-1.el7
qt5-qtconnectivity-doc	5.9.7-1.el7
qt5-qtconnectivity-examples	5.9.7-1.el7
qt5-qtdeclarative	5.9.7-1.el7
qt5-qtdeclarative-devel	5.9.7-1.el7
qt5-qtdeclarative-doc	5.9.7-1.el7
qt5-qtdeclarative-examples	5.9.7-1.el7
qt5-qtdeclarative-static	5.9.7-1.el7
qt5-qtdoc	5.9.7-1.el7
qt5-qtenginio	1.6.2-2.el7
qt5-qtenginio-devel	1.6.2-2.el7
qt5-qtenginio-doc	1.6.2-2.el7
qt5-qtenginio-examples	1.6.2-2.el7
qt5-qtgraphicaleffects	5.9.7-1.el7
qt5-qtgraphicaleffects-doc	5.9.7-1.el7
qt5-qtimageformats	5.9.7-2.el7_9
qt5-qtimageformats-doc	5.9.7-2.el7_9
qt5-qtlocation	5.9.7-1.el7
qt5-qtlocation-devel	5.9.7-1.el7
qt5-qtlocation-doc	5.9.7-1.el7
qt5-qtlocation-examples	5.9.7-1.el7
qt5-qtmultimedia	5.9.7-1.el7
qt5-qtmultimedia-devel	5.9.7-1.el7
qt5-qtmultimedia-doc	5.9.7-1.el7
qt5-qtmultimedia-examples	5.9.7-1.el7
qt5-qtquickcontrols	5.9.7-1.el7
qt5-qtquickcontrols-doc	5.9.7-1.el7
qt5-qtquickcontrols-examples	5.9.7-1.el7
qt5-qtquickcontrols2	5.9.7-1.el7
qt5-qtquickcontrols2-devel	5.9.7-1.el7
qt5-qtquickcontrols2-doc	5.9.7-1.el7
qt5-qtquickcontrols2-examples	5.9.7-1.el7
qt5-qtscript	5.9.7-1.el7
qt5-qtscript-devel	5.9.7-1.el7
qt5-qtscript-doc	5.9.7-1.el7
qt5-qtscript-examples	5.9.7-1.el7
qt5-qtsensors	5.9.7-1.el7
qt5-qtsensors-devel	5.9.7-1.el7
qt5-qtsensors-doc	5.9.7-1.el7
qt5-qtsensors-examples	5.9.7-1.el7
qt5-qtserialbus	5.9.7-1.el7
qt5-qtserialbus-devel	5.9.7-1.el7
qt5-qtserialbus-doc	5.9.7-1.el7
qt5-qtserialbus-examples	5.9.7-1.el7
qt5-qtserialport	5.9.7-1.el7
qt5-qtserialport-devel	5.9.7-1.el7
qt5-qtserialport-doc	5.9.7-1.el7
qt5-qtserialport-examples	5.9.7-1.el7
qt5-qtsvg	5.9.7-1.el7
qt5-qtsvg-devel	5.9.7-1.el7
qt5-qtsvg-doc	5.9.7-1.el7
qt5-qtsvg-examples	5.9.7-1.el7
qt5-qttools	5.9.7-1.el7
qt5-qttools-common	5.9.7-1.el7
qt5-qttools-devel	5.9.7-1.el7
qt5-qttools-doc	5.9.7-1.el7
qt5-qttools-examples	5.9.7-1.el7
qt5-qttools-libs-designer	5.9.7-1.el7
qt5-qttools-libs-designercomponents	5.9.7-1.el7
qt5-qttools-libs-help	5.9.7-1.el7
qt5-qttools-static	5.9.7-1.el7
qt5-qttranslations	5.9.7-1.el7
qt5-qtwayland	5.9.7-1.el7
qt5-qtwayland-devel	5.9.7-1.el7
qt5-qtwayland-doc	5.9.7-1.el7
qt5-qtwayland-examples	5.9.7-1.el7
qt5-qtwebchannel	5.9.7-1.el7
qt5-qtwebchannel-devel	5.9.7-1.el7
qt5-qtwebchannel-doc	5.9.7-1.el7
qt5-qtwebchannel-examples	5.9.7-1.el7
qt5-qtwebsockets	5.9.7-1.el7
qt5-qtwebsockets-devel	5.9.7-1.el7
qt5-qtwebsockets-doc	5.9.7-1.el7
qt5-qtwebsockets-examples	5.9.7-1.el7
qt5-qtx11extras	5.9.7-1.el7
qt5-qtx11extras-devel	5.9.7-1.el7
qt5-qtx11extras-doc	5.9.7-1.el7
qt5-qtxmlpatterns	5.9.7-1.el7
qt5-qtxmlpatterns-devel	5.9.7-1.el7
qt5-qtxmlpatterns-doc	5.9.7-1.el7
qt5-qtxmlpatterns-examples	5.9.7-1.el7
qt5-rpm-macros	5.9.7-5.el7_9
quagga	0.99.22.4-5.el7_4
quagga-contrib	0.99.22.4-5.el7_4
quagga-devel	0.99.22.4-5.el7_4
quota	4.01-19.el7
quota-devel	4.01-19.el7
quota-doc	4.01-19.el7
quota-nld	4.01-19.el7
quota-nls	4.01-19.el7
quota-warnquota	4.01-19.el7
qv4l2	0.9.5-4.el7
radvd	2.17-3.el7
raptor2	2.0.9-3.el7
raptor2-devel	2.0.9-3.el7
rarian	0.8.1-11.el7
rarian-compat	0.8.1-11.el7
rarian-devel	0.8.1-11.el7
ras-utils	7.0-6.el7
rasdaemon	0.4.1-37.el7
rasqal	0.9.30-4.el7
rasqal-devel	0.9.30-4.el7
rcs	5.9.0-7.el7
rdate	1.4-25.el7
rdist	6.1.5-61.el7
rdma-core	22.4-6.el7_9
rdma-core-devel	22.4-6.el7_9
readline	6.2-11.el7
readline-devel	6.2-11.el7
readline-static	6.2-11.el7
realmd	0.16.1-12.el7_9.1
realmd-devel-docs	0.16.1-12.el7_9.1
rear	2.4-17.el7_9
recode	3.6-38.el7
recode-devel	3.6-38.el7
redfish-finder	0.3-4.el7
redhat-lsb	4.1-27.el7.centos.1
redhat-lsb-core	4.1-27.el7.centos.1
redhat-lsb-cxx	4.1-27.el7.centos.1
redhat-lsb-desktop	4.1-27.el7.centos.1
redhat-lsb-languages	4.1-27.el7.centos.1
redhat-lsb-printing	4.1-27.el7.centos.1
redhat-lsb-submod-multimedia	4.1-27.el7.centos.1
redhat-lsb-submod-security	4.1-27.el7.centos.1
redhat-lsb-supplemental	4.1-27.el7.centos.1
redhat-lsb-trialuse	4.1-27.el7.centos.1
redhat-menus	12.0.2-8.el7
redhat-rpm-config	9.1.0-88.el7.centos
redhat-support-lib-python	0.14.0-1.el7_9
redhat-support-tool	0.14.0-1.el7_9
redhat-upgrade-dracut	0.8.10-1.el7
redhat-upgrade-dracut-plymouth	0.8.10-1.el7
redland	1.0.16-6.el7
redland-devel	1.0.16-6.el7
redland-mysql	1.0.16-6.el7
redland-pgsql	1.0.16-6.el7
redland-virtuoso	1.0.16-6.el7
regexp	1.5-13.el7
regexp-javadoc	1.5-13.el7
relaxngDatatype	1.0-11.el7
relaxngDatatype-javadoc	1.0-11.el7
relaxngcc	1.12-6.el7
relaxngcc-javadoc	1.12-6.el7
resource-agents	4.1.1-61.el7_9.20
resource-agents-aliyun	4.1.1-61.el7_9.20
resource-agents-gcp	4.1.1-61.el7_9.20
rest	0.8.1-2.el7
rest-devel	0.8.1-2.el7
resteasy-base	3.0.6-4.el7
resteasy-base-atom-provider	3.0.6-4.el7
resteasy-base-client	3.0.6-4.el7
resteasy-base-jackson-provider	3.0.6-4.el7
resteasy-base-javadoc	3.0.6-4.el7
resteasy-base-jaxb-provider	3.0.6-4.el7
resteasy-base-jaxrs	3.0.6-4.el7
resteasy-base-jaxrs-all	3.0.6-4.el7
resteasy-base-jaxrs-api	3.0.6-4.el7
resteasy-base-jettison-provider	3.0.6-4.el7
resteasy-base-providers-pom	3.0.6-4.el7
resteasy-base-resteasy-pom	3.0.6-4.el7
resteasy-base-tjws	3.0.6-4.el7
rfkill	0.4-10.el7
rhdb-utils	9.2.0-5.el7
rhino	1.7R5-1.el7
rhino-demo	1.7R5-1.el7
rhino-javadoc	1.7R5-1.el7
rhino-manual	1.7R5-1.el7
rhn-check	2.0.2-24.el7
rhn-client-tools	2.0.2-24.el7
rhn-setup	2.0.2-24.el7
rhn-setup-gnome	2.0.2-24.el7
rhnlib	2.5.65-8.el7
rhnsd	5.0.13-10.el7
rhsm-gtk	1.24.54-1.el7.centos
rhythmbox	3.4.2-2.el7
rhythmbox-devel	3.4.2-2.el7
rmt	1.5.2-13.el7
rng-tools	6.3.1-5.el7
rngom	201103-0.8.20120119svn.el7
rngom-javadoc	201103-0.8.20120119svn.el7
rootfiles	8.1-11.el7
rp-pppoe	3.11-7.el7
rpcbind	0.2.0-49.el7
rpm	4.11.3-48.el7_9
rpm-apidocs	4.11.3-48.el7_9
rpm-build	4.11.3-48.el7_9
rpm-build-libs	4.11.3-48.el7_9
rpm-cron	4.11.3-48.el7_9
rpm-devel	4.11.3-48.el7_9
rpm-libs	4.11.3-48.el7_9
rpm-plugin-systemd-inhibit	4.11.3-48.el7_9
rpm-python	4.11.3-48.el7_9
rpm-sign	4.11.3-48.el7_9
rpmdevtools	8.3-8.el7_9
rpmemd	1.5.1-2.1.el7
rpmlint	1.5-4.el7
rrdtool	1.4.8-9.el7
rrdtool-devel	1.4.8-9.el7
rrdtool-doc	1.4.8-9.el7
rrdtool-lua	1.4.8-9.el7
rrdtool-perl	1.4.8-9.el7
rrdtool-php	1.4.8-9.el7
rrdtool-python	1.4.8-9.el7
rrdtool-ruby	1.4.8-9.el7
rrdtool-tcl	1.4.8-9.el7
rsh	0.17-80.el7
rsh-server	0.17-80.el7
rsync	3.1.2-12.el7_9
rsyslog	8.24.0-57.el7_9.3
rsyslog-crypto	8.24.0-57.el7_9.3
rsyslog-doc	8.24.0-57.el7_9.3
rsyslog-elasticsearch	8.24.0-57.el7_9.3
rsyslog-gnutls	8.24.0-57.el7_9.3
rsyslog-gssapi	8.24.0-57.el7_9.3
rsyslog-kafka	8.24.0-57.el7_9.3
rsyslog-libdbi	8.24.0-57.el7_9.3
rsyslog-mmaudit	8.24.0-57.el7_9.3
rsyslog-mmjsonparse	8.24.0-57.el7_9.3
rsyslog-mmkubernetes	8.24.0-57.el7_9.3
rsyslog-mmnormalize	8.24.0-57.el7_9.3
rsyslog-mmsnmptrapd	8.24.0-57.el7_9.3
rsyslog-mysql	8.24.0-57.el7_9.3
rsyslog-pgsql	8.24.0-57.el7_9.3
rsyslog-relp	8.24.0-57.el7_9.3
rsyslog-snmp	8.24.0-57.el7_9.3
rsyslog-udpspoof	8.24.0-57.el7_9.3
rtkit	0.11-10.el7
ruby	2.0.0.648-39.el7_9
ruby-devel	2.0.0.648-39.el7_9
ruby-doc	2.0.0.648-39.el7_9
ruby-hivex	1.3.10-6.12.el7_9
ruby-irb	2.0.0.648-39.el7_9
ruby-libguestfs	1.40.2-10.el7
ruby-libs	2.0.0.648-39.el7_9
ruby-tcltk	2.0.0.648-39.el7_9
rubygem-abrt	0.3.0-1.el7
rubygem-abrt-doc	0.3.0-1.el7
rubygem-bigdecimal	1.2.0-39.el7_9
rubygem-bundler	1.7.8-3.el7
rubygem-bundler-doc	1.7.8-3.el7
rubygem-io-console	0.4.2-39.el7_9
rubygem-json	1.7.7-39.el7_9
rubygem-minitest	4.3.2-39.el7_9
rubygem-net-http-persistent	2.8-5.el7
rubygem-net-http-persistent-doc	2.8-5.el7
rubygem-psych	2.0.0-39.el7_9
rubygem-rake	0.9.6-39.el7_9
rubygem-rdoc	4.0.0-39.el7_9
rubygem-thor	0.19.1-1.el7
rubygem-thor-doc	0.19.1-1.el7
rubygems	2.0.14.1-39.el7_9
rubygems-devel	2.0.14.1-39.el7_9
rusers	0.17-81.el7
rusers-server	0.17-81.el7
rwho	0.17-54.el7
saab-fonts	0.91-10.el7
sac	1.3-17.el7
sac-javadoc	1.3-17.el7
samba	4.10.16-25.el7_9
samba-client	4.10.16-25.el7_9
samba-client-libs	4.10.16-25.el7_9
samba-common	4.10.16-25.el7_9
samba-common-libs	4.10.16-25.el7_9
samba-common-tools	4.10.16-25.el7_9
samba-dc	4.10.16-25.el7_9
samba-dc-libs	4.10.16-25.el7_9
samba-devel	4.10.16-25.el7_9
samba-krb5-printing	4.10.16-25.el7_9
samba-libs	4.10.16-25.el7_9
samba-pidl	4.10.16-25.el7_9
samba-python	4.10.16-25.el7_9
samba-python-test	4.10.16-25.el7_9
samba-test	4.10.16-25.el7_9
samba-test-libs	4.10.16-25.el7_9
samba-vfs-glusterfs	4.10.16-25.el7_9
samba-winbind	4.10.16-25.el7_9
samba-winbind-clients	4.10.16-25.el7_9
samba-winbind-krb5-locator	4.10.16-25.el7_9
samba-winbind-modules	4.10.16-25.el7_9
samyak-devanagari-fonts	1.2.2-12.el7
samyak-fonts-common	1.2.2-12.el7
samyak-gujarati-fonts	1.2.2-12.el7
samyak-malayalam-fonts	1.2.2-12.el7
samyak-oriya-fonts	1.2.2-12.el7
samyak-tamil-fonts	1.2.2-12.el7
sane-backends	1.0.24-12.el7
sane-backends-devel	1.0.24-12.el7
sane-backends-doc	1.0.24-12.el7
sane-backends-drivers-cameras	1.0.24-12.el7
sane-backends-drivers-scanners	1.0.24-12.el7
sane-backends-libs	1.0.24-12.el7
sane-frontends	1.0.14-19.el7
sanlk-reset	3.7.3-1.el7
sanlock	3.7.3-1.el7
sanlock-devel	3.7.3-1.el7
sanlock-lib	3.7.3-1.el7
sanlock-python	3.7.3-1.el7
sassist	0.8.5-2.el7
satyr	0.13-15.el7
satyr-devel	0.13-15.el7
satyr-python	0.13-15.el7
saxon	9.3.0.4-11.el7
saxon-demo	9.3.0.4-11.el7
saxon-javadoc	9.3.0.4-11.el7
saxon-manual	9.3.0.4-11.el7
saxon-scripts	9.3.0.4-11.el7
sbc	1.0-5.el7
sbc-devel	1.0-5.el7
sbd	1.4.0-15.el7
sblim-cim-client2	2.2.1-3.el7
sblim-cim-client2-javadoc	2.2.1-3.el7
sblim-cim-client2-manual	2.2.1-3.el7
sblim-cmpi-base	1.6.2-8.el7
sblim-cmpi-base-devel	1.6.2-8.el7
sblim-cmpi-base-test	1.6.2-8.el7
sblim-cmpi-devel	2.0.3-5.el7
sblim-cmpi-fsvol	1.5.1-12.el7
sblim-cmpi-fsvol-devel	1.5.1-12.el7
sblim-cmpi-fsvol-test	1.5.1-12.el7
sblim-cmpi-network	1.4.0-11.el7
sblim-cmpi-network-devel	1.4.0-11.el7
sblim-cmpi-network-test	1.4.0-11.el7
sblim-cmpi-nfsv3	1.1.1-9.el7
sblim-cmpi-nfsv3-test	1.1.1-9.el7
sblim-cmpi-nfsv4	1.1.0-10.el7
sblim-cmpi-nfsv4-test	1.1.0-10.el7
sblim-cmpi-params	1.3.0-10.el7
sblim-cmpi-params-test	1.3.0-10.el7
sblim-cmpi-sysfs	1.2.0-10.el7
sblim-cmpi-sysfs-test	1.2.0-10.el7
sblim-cmpi-syslog	0.9.0-4.el7
sblim-cmpi-syslog-test	0.9.0-4.el7
sblim-gather	2.2.8-9.el7
sblim-gather-devel	2.2.8-9.el7
sblim-gather-provider	2.2.8-9.el7
sblim-gather-test	2.2.8-9.el7
sblim-indication_helper	0.4.2-12.el7
sblim-indication_helper-devel	0.4.2-12.el7
sblim-sfcb	1.3.16-12.el7_0
sblim-sfcc	2.2.5-6.el7
sblim-sfcc-devel	2.2.5-6.el7
sblim-smis-hba	1.0.0-10.el7
sblim-testsuite	1.3.0-8.el7
sblim-wbemcli	1.6.2-11.el7
scannotation	1.0.3-0.7.r12.el7
scannotation-javadoc	1.0.3-0.7.r12.el7
scap-security-guide	0.1.73-1.el7.centos
scap-security-guide-doc	0.1.73-1.el7.centos
scap-security-guide-rule-playbooks	0.1.73-1.el7.centos
scap-workbench	1.1.6-1.el7
scipy	0.12.1-6.el7
scl-utils	20130529-19.el7
scl-utils-build	20130529-19.el7
scpio	1.5.2-13.el7
screen	4.1.0-0.27.20120314git3c2946.el7_9
scrub	2.5.2-7.el7
sdparm	1.08-3.el7
seabios	1.11.0-2.el7
seabios-bin	1.11.0-2.el7
seahorse	3.20.0-1.el7
seahorse-nautilus	3.11.92-11.el7
seahorse-sharing	3.8.0-3.el7
seavgabios-bin	1.11.0-2.el7
sed	4.2.2-7.el7
selinux-policy	3.13.1-268.el7_9.2
selinux-policy-devel	3.13.1-268.el7_9.2
selinux-policy-doc	3.13.1-268.el7_9.2
selinux-policy-minimum	3.13.1-268.el7_9.2
selinux-policy-mls	3.13.1-268.el7_9.2
selinux-policy-sandbox	3.13.1-268.el7_9.2
selinux-policy-targeted	3.13.1-268.el7_9.2
sendmail	8.14.7-6.el7
sendmail-cf	8.14.7-6.el7
sendmail-devel	8.14.7-6.el7
sendmail-doc	8.14.7-6.el7
sendmail-milter	8.14.7-6.el7
sendmail-sysvinit	8.14.7-6.el7
setools	3.3.8-4.el7
setools-console	3.3.8-4.el7
setools-devel	3.3.8-4.el7
setools-gui	3.3.8-4.el7
setools-libs	3.3.8-4.el7
setools-libs-tcl	3.3.8-4.el7
setroubleshoot	3.2.30-8.el7
setroubleshoot-plugins	3.0.67-4.el7
setroubleshoot-server	3.2.30-8.el7
setserial	2.17-33.el7
setup	2.8.71-11.el7
setuptool	1.19.11-8.el7
sg3_utils	1.37-19.el7
sg3_utils-devel	1.37-19.el7
sg3_utils-libs	1.37-19.el7
sgabios	0.20110622svn-4.el7
sgabios-bin	0.20110622svn-4.el7
sgml-common	0.6.3-39.el7
sgpio	1.2.0.10-13.el7
shadow-utils	4.6-5.el7
shared-desktop-ontologies	0.11.0-2.el7
shared-desktop-ontologies-devel	0.11.0-2.el7
shared-mime-info	1.8-5.el7
sharutils	4.13.3-8.el7
shim-ia32	15-8.el7
shim-unsigned-ia32	15-8.el7
shim-unsigned-x64	15-8.el7
shim-x64	15-8.el7
shotwell	0.28.4-2.el7
si-units	0.6.5-1.el7
si-units-javadoc	0.6.5-1.el7
sil-abyssinica-fonts	1.200-6.el7
sil-nuosu-fonts	2.1.1-5.el7
sil-padauk-book-fonts	2.8-5.el7
sil-padauk-fonts	2.8-5.el7
sip	4.14.6-4.el7
sip-devel	4.14.6-4.el7
sip-macros	4.14.6-4.el7
sisu	2.3.0-11.el7
sisu-bean	2.3.0-11.el7
sisu-bean-binders	2.3.0-11.el7
sisu-bean-containers	2.3.0-11.el7
sisu-bean-converters	2.3.0-11.el7
sisu-bean-inject	2.3.0-11.el7
sisu-bean-locators	2.3.0-11.el7
sisu-bean-reflect	2.3.0-11.el7
sisu-bean-scanners	2.3.0-11.el7
sisu-containers	2.3.0-11.el7
sisu-inject	2.3.0-11.el7
sisu-inject-bean	2.3.0-11.el7
sisu-inject-plexus	2.3.0-11.el7
sisu-javadoc	2.3.0-11.el7
sisu-maven-plugin	1.1-8.el7
sisu-maven-plugin-javadoc	1.1-8.el7
sisu-osgi-registry	2.3.0-11.el7
sisu-parent	2.3.0-11.el7
sisu-plexus	2.3.0-11.el7
sisu-plexus-binders	2.3.0-11.el7
sisu-plexus-converters	2.3.0-11.el7
sisu-plexus-lifecycles	2.3.0-11.el7
sisu-plexus-locators	2.3.0-11.el7
sisu-plexus-metadata	2.3.0-11.el7
sisu-plexus-scanners	2.3.0-11.el7
sisu-plexus-shim	2.3.0-11.el7
sisu-registries	2.3.0-11.el7
sisu-spi-registry	2.3.0-11.el7
skkdic	20130104-6.T1435.el7
slang	2.2.4-11.el7
slang-devel	2.2.4-11.el7
slang-slsh	2.2.4-11.el7
slang-static	2.2.4-11.el7
slapi-nis	0.60.0-4.el7_9
slf4j	1.7.4-4.el7_4
slf4j-javadoc	1.7.4-4.el7_4
slf4j-manual	1.7.4-4.el7_4
smartmontools	7.0-2.el7
smbios-utils	2.3.3-8.el7
smbios-utils-bin	2.3.3-8.el7
smbios-utils-python	2.3.3-8.el7
smc-anjalioldlipi-fonts	6.0-7.el7
smc-dyuthi-fonts	6.0-7.el7
smc-fonts-common	6.0-7.el7
smc-kalyani-fonts	6.0-7.el7
smc-meera-fonts	6.0-7.el7
smc-rachana-fonts	6.0-7.el7
smc-raghumalayalam-fonts	6.0-7.el7
smc-suruma-fonts	6.0-7.el7
snakeyaml	1.11-8.el7
snakeyaml-javadoc	1.11-8.el7
snapper	0.2.8-4.el7
snapper-devel	0.2.8-4.el7
snapper-libs	0.2.8-4.el7
snappy	1.1.0-3.el7
snappy-devel	1.1.0-3.el7
sntp	4.2.6p5-29.el7.centos.2
socat	1.7.3.2-2.el7
softhsm	2.1.0-3.el7
softhsm-devel	2.1.0-3.el7
sonatype-oss-parent	7-6.el7
sonatype-plugins-parent	8-6.el7
soprano	2.9.2-3.el7
soprano-apidocs	2.9.2-3.el7
soprano-devel	2.9.2-3.el7
sos	3.9-5.el7.centos.12
sos-collector	1.8-2.el7_8
sound-theme-freedesktop	0.8-3.el7
soundtouch	1.4.0-9.el7
soundtouch-devel	1.4.0-9.el7
source-highlight	3.1.6-6.el7
source-highlight-devel	3.1.6-6.el7
sox	14.4.1-7.el7
sox-devel	14.4.1-7.el7
spamassassin	3.4.0-6.el7
spausedd	2.4.5-7.el7_9.2
spax	1.5.2-13.el7
speech-dispatcher	0.7.1-15.el7
speech-dispatcher-devel	0.7.1-15.el7
speech-dispatcher-doc	0.7.1-15.el7
speech-dispatcher-python	0.7.1-15.el7
speex	1.2-0.19.rc1.el7
speex-devel	1.2-0.19.rc1.el7
speex-tools	1.2-0.19.rc1.el7
spice-glib	0.35-5.el7_9.1
spice-glib-devel	0.35-5.el7_9.1
spice-gtk-tools	0.35-5.el7_9.1
spice-gtk3	0.35-5.el7_9.1
spice-gtk3-devel	0.35-5.el7_9.1
spice-gtk3-vala	0.35-5.el7_9.1
spice-parent	15-11.el7
spice-protocol	0.12.14-1.el7
spice-server	0.14.0-9.el7_9.1
spice-server-devel	0.14.0-9.el7_9.1
spice-streaming-agent	0.2-4.el7
spice-streaming-agent-devel	0.2-4.el7
spice-vdagent	0.14.0-18.el7
spice-xpi	2.8-8.el7
sqlite	3.7.17-8.el7_7.1
sqlite-devel	3.7.17-8.el7_7.1
sqlite-doc	3.7.17-8.el7_7.1
sqlite-tcl	3.7.17-8.el7_7.1
squashfs-tools	4.3-0.21.gitaae0aff4.el7
squid	3.5.20-17.el7_9.10
squid-migration-script	3.5.20-17.el7_9.10
squid-sysvinit	3.5.20-17.el7_9.10
srp_daemon	22.4-6.el7_9
sssd	1.16.5-10.el7_9.16
sssd-ad	1.16.5-10.el7_9.16
sssd-client	1.16.5-10.el7_9.16
sssd-common	1.16.5-10.el7_9.16
sssd-common-pac	1.16.5-10.el7_9.16
sssd-dbus	1.16.5-10.el7_9.16
sssd-ipa	1.16.5-10.el7_9.16
sssd-kcm	1.16.5-10.el7_9.16
sssd-krb5	1.16.5-10.el7_9.16
sssd-krb5-common	1.16.5-10.el7_9.16
sssd-ldap	1.16.5-10.el7_9.16
sssd-libwbclient	1.16.5-10.el7_9.16
sssd-libwbclient-devel	1.16.5-10.el7_9.16
sssd-polkit-rules	1.16.5-10.el7_9.16
sssd-proxy	1.16.5-10.el7_9.16
sssd-tools	1.16.5-10.el7_9.16
sssd-winbind-idmap	1.16.5-10.el7_9.16
star	1.5.2-13.el7
startup-notification	0.12-8.el7
startup-notification-devel	0.12-8.el7
stax-ex	1.7.1-6.el7
stax-ex-javadoc	1.7.1-6.el7
stax2-api	3.1.1-10.el7
stax2-api-javadoc	3.1.1-10.el7
stix-fonts	1.1.0-5.el7
stix-math-fonts	1.1.0-5.el7
strace	4.24-7.el7_9
strigi	0.7.7-13.20120626.el7
strigi-devel	0.7.7-13.20120626.el7
strigi-libs	0.7.7-13.20120626.el7
strongimcv	5.2.0-3.el7
stunnel	4.56-6.el7
subscription-manager	1.24.54-1.el7.centos
subscription-manager-cockpit	1.24.54-1.el7.centos
subscription-manager-gui	1.24.54-1.el7.centos
subscription-manager-initial-setup-addon	1.24.54-1.el7.centos
subscription-manager-plugin-container	1.24.54-1.el7.centos
subscription-manager-plugin-ostree	1.24.54-1.el7.centos
subscription-manager-rhsm	1.24.54-1.el7.centos
subscription-manager-rhsm-certificates	1.24.54-1.el7.centos
subversion	1.7.14-16.el7
subversion-devel	1.7.14-16.el7
subversion-gnome	1.7.14-16.el7
subversion-javahl	1.7.14-16.el7
subversion-kde	1.7.14-16.el7
subversion-libs	1.7.14-16.el7
subversion-perl	1.7.14-16.el7
subversion-python	1.7.14-16.el7
subversion-ruby	1.7.14-16.el7
subversion-tools	1.7.14-16.el7
sudo	1.8.23-10.el7_9.3
sudo-devel	1.8.23-10.el7_9.3
suitesparse	4.0.2-10.el7
suitesparse-devel	4.0.2-10.el7
suitesparse-doc	4.0.2-10.el7
suitesparse-static	4.0.2-10.el7
supermin	5.1.19-1.el7
supermin-helper	5.1.19-1.el7
supermin5	5.1.19-1.el7
supermin5-devel	5.1.19-1.el7
sushi	3.28.3-1.el7
svgpart	4.10.5-3.el7
svrcore	4.1.3-2.el7
svrcore-devel	4.1.3-2.el7
sweeper	4.10.5-4.el7
swig	2.0.10-5.el7
swig-doc	2.0.10-5.el7
symlinks	1.4-10.el7
sysfsutils	2.1.0-16.el7
syslinux	4.05-15.el7
syslinux-devel	4.05-15.el7
syslinux-extlinux	4.05-15.el7
syslinux-perl	4.05-15.el7
syslinux-tftpboot	4.05-15.el7
sysstat	10.1.5-20.el7_9
system-config-date	1.10.6-3.el7.centos
system-config-date-docs	1.0.11-4.el7
system-config-firewall	1.2.29-10.el7
system-config-firewall-base	1.2.29-10.el7
system-config-firewall-tui	1.2.29-10.el7
system-config-kdump	2.0.13-21.el7.centos
system-config-keyboard	1.4.0-5.el7
system-config-keyboard-base	1.4.0-5.el7
system-config-kickstart	2.9.7-1.el7
system-config-language	1.4.0-9.el7
system-config-printer	1.4.1-23.el7
system-config-printer-libs	1.4.1-23.el7
system-config-printer-udev	1.4.1-23.el7
system-config-users	1.3.5-5.el7_9
system-config-users-docs	1.0.9-6.el7
system-storage-manager	0.4-9.el7
system-switch-java	1.1.7.1-0.el7
systemd	219-78.el7_9.9
systemd-devel	219-78.el7_9.9
systemd-journal-gateway	219-78.el7_9.9
systemd-libs	219-78.el7_9.9
systemd-networkd	219-78.el7_9.9
systemd-python	219-78.el7_9.9
systemd-resolved	219-78.el7_9.9
systemd-sysv	219-78.el7_9.9
systemtap	4.0-13.el7
systemtap-client	4.0-13.el7
systemtap-devel	4.0-13.el7
systemtap-initscript	4.0-13.el7
systemtap-runtime	4.0-13.el7
systemtap-runtime-java	4.0-13.el7
systemtap-runtime-python2	4.0-13.el7
systemtap-runtime-virtguest	4.0-13.el7
systemtap-runtime-virthost	4.0-13.el7
systemtap-sdt-devel	4.0-13.el7
systemtap-server	4.0-13.el7
systemtap-testsuite	4.0-13.el7
sysvinit-tools	2.88-14.dsf.el7
t1lib	5.1.2-14.el7
t1lib-apps	5.1.2-14.el7
t1lib-devel	5.1.2-14.el7
t1lib-static	5.1.2-14.el7
t1utils	1.37-6.el7
taglib	1.8-8.20130218git.el7
taglib-devel	1.8-8.20130218git.el7
taglib-doc	1.8-8.20130218git.el7
tagsoup	1.2.1-8.el7
tagsoup-javadoc	1.2.1-8.el7
talk	0.17-46.el7
talk-server	0.17-46.el7
tang	6-2.el7
tang-nagios	6-2.el7
tar	1.26-35.el7
targetcli	2.1.53-1.el7_9
targetd	0.8.6-1.el7
tbb	4.1-9.20130314.el7
tbb-devel	4.1-9.20130314.el7
tbb-doc	4.1-9.20130314.el7
tboot	1.9.9-1.el7
tcl	8.5.13-8.el7
tcl-brlapi	0.6.0-16.el7
tcl-devel	8.5.13-8.el7
tcl-pgtcl	2.0.0-5.el7
tclx	8.4.0-22.el7
tclx-devel	8.4.0-22.el7
tcp_wrappers	7.6-77.el7
tcp_wrappers-devel	7.6-77.el7
tcp_wrappers-libs	7.6-77.el7
tcpdump	4.9.2-4.el7_7.1
tcsh	6.18.01-17.el7_9.1
tdb-tools	1.3.18-1.el7
teamd	1.29-3.el7
teamd-devel	1.29-3.el7
teckit	2.5.1-11.el7
teckit-devel	2.5.1-11.el7
telepathy-farstream	0.6.0-5.el7
telepathy-farstream-devel	0.6.0-5.el7
telepathy-filesystem	0.0.2-6.el7
telepathy-gabble	0.18.1-4.el7
telepathy-glib	0.24.1-1.el7
telepathy-glib-devel	0.24.1-1.el7
telepathy-glib-vala	0.24.1-1.el7
telepathy-haze	0.8.0-1.el7
telepathy-logger	0.8.0-5.el7
telepathy-logger-devel	0.8.0-5.el7
telepathy-mission-control	5.16.3-3.el7
telepathy-mission-control-devel	5.16.3-3.el7
telepathy-salut	0.8.1-6.el7
telnet	0.17-66.el7
telnet-server	0.17-66.el7
testng	6.8.7-3.el7
testng-javadoc	6.8.7-3.el7
tex-fonts-hebrew	0.1-21.el7
tex-preview	11.87-4.el7
texi2html	1.82-10.el7
texinfo	5.1-5.el7
texinfo-tex	5.1-5.el7
texlive	2012-45.20130427_r30134.el7
texlive-adjustbox	svn26555.0-45.el7
texlive-adjustbox-doc	svn26555.0-45.el7
texlive-ae	svn15878.1.4-45.el7
texlive-ae-doc	svn15878.1.4-45.el7
texlive-algorithms	svn15878.0.1-45.el7
texlive-algorithms-doc	svn15878.0.1-45.el7
texlive-amscls	svn29207.0-45.el7
texlive-amscls-doc	svn29207.0-45.el7
texlive-amsfonts	svn29208.3.04-45.el7
texlive-amsfonts-doc	svn29208.3.04-45.el7
texlive-amsmath	svn29327.2.14-45.el7
texlive-amsmath-doc	svn29327.2.14-45.el7
texlive-anysize	svn15878.0-45.el7
texlive-anysize-doc	svn15878.0-45.el7
texlive-appendix	svn15878.1.2b-45.el7
texlive-appendix-doc	svn15878.1.2b-45.el7
texlive-arabxetex	svn17470.v1.1.4-45.el7
texlive-arabxetex-doc	svn17470.v1.1.4-45.el7
texlive-arphic	svn15878.0-45.el7
texlive-arphic-doc	svn15878.0-45.el7
texlive-attachfile	svn21866.v1.5b-45.el7
texlive-attachfile-doc	svn21866.v1.5b-45.el7
texlive-avantgar	svn28614.0-45.el7
texlive-babel	svn24756.3.8m-45.el7
texlive-babel-doc	svn24756.3.8m-45.el7
texlive-babelbib	svn25245.1.31-45.el7
texlive-babelbib-doc	svn25245.1.31-45.el7
texlive-base	2012-45.20130427_r30134.el7
texlive-beamer	svn29349.3.26-45.el7
texlive-beamer-doc	svn29349.3.26-45.el7
texlive-bera	svn20031.0-45.el7
texlive-bera-doc	svn20031.0-45.el7
texlive-beton	svn15878.0-45.el7
texlive-beton-doc	svn15878.0-45.el7
texlive-bibtex	svn26689.0.99d-45.el7
texlive-bibtex-bin	svn26509.0-45.20130427_r30134.el7
texlive-bibtex-doc	svn26689.0.99d-45.el7
texlive-bibtopic	svn15878.1.1a-45.el7
texlive-bibtopic-doc	svn15878.1.1a-45.el7
texlive-bidi	svn29650.12.2-45.el7
texlive-bidi-doc	svn29650.12.2-45.el7
texlive-bigfoot	svn15878.0-45.el7
texlive-bigfoot-doc	svn15878.0-45.el7
texlive-bookman	svn28614.0-45.el7
texlive-booktabs	svn15878.1.61803-45.el7
texlive-booktabs-doc	svn15878.1.61803-45.el7
texlive-breakurl	svn15878.1.30-45.el7
texlive-breakurl-doc	svn15878.1.30-45.el7
texlive-caption	svn29026.3.3__2013_02_03_-45.el7
texlive-caption-doc	svn29026.3.3__2013_02_03_-45.el7
texlive-carlisle	svn18258.0-45.el7
texlive-carlisle-doc	svn18258.0-45.el7
texlive-changebar	svn29349.3.5c-45.el7
texlive-changebar-doc	svn29349.3.5c-45.el7
texlive-changepage	svn15878.1.0c-45.el7
texlive-changepage-doc	svn15878.1.0c-45.el7
texlive-charter	svn15878.0-45.el7
texlive-charter-doc	svn15878.0-45.el7
texlive-chngcntr	svn17157.1.0a-45.el7
texlive-chngcntr-doc	svn17157.1.0a-45.el7
texlive-cite	svn19955.5.3-45.el7
texlive-cite-doc	svn19955.5.3-45.el7
texlive-cjk	svn26296.4.8.3-45.el7
texlive-cjk-doc	svn26296.4.8.3-45.el7
texlive-cm	svn29581.0-45.el7
texlive-cm-doc	svn29581.0-45.el7
texlive-cm-lgc	svn28250.0.5-45.el7
texlive-cm-lgc-doc	svn28250.0.5-45.el7
texlive-cm-super	svn15878.0-45.el7
texlive-cm-super-doc	svn15878.0-45.el7
texlive-cmap	svn26568.0-45.el7
texlive-cmap-doc	svn26568.0-45.el7
texlive-cmextra	svn14075.0-45.el7
texlive-cns	svn15878.0-45.el7
texlive-cns-doc	svn15878.0-45.el7
texlive-collectbox	svn26557.0-45.el7
texlive-collectbox-doc	svn26557.0-45.el7
texlive-collection-basic	svn26314.0-45.20130427_r30134.el7
texlive-collection-documentation-base	svn17091.0-45.20130427_r30134.el7
texlive-collection-fontsrecommended	svn28082.0-45.20130427_r30134.el7
texlive-collection-htmlxml	svn28251.0-45.20130427_r30134.el7
texlive-collection-latex	svn25030.0-45.20130427_r30134.el7
texlive-collection-latexrecommended	svn25795.0-45.20130427_r30134.el7
texlive-collection-xetex	svn29634.0-45.20130427_r30134.el7
texlive-colortbl	svn25394.v1.0a-45.el7
texlive-colortbl-doc	svn25394.v1.0a-45.el7
texlive-courier	svn28614.0-45.el7
texlive-crop	svn15878.1.5-45.el7
texlive-crop-doc	svn15878.1.5-45.el7
texlive-csquotes	svn24393.5.1d-45.el7
texlive-csquotes-doc	svn24393.5.1d-45.el7
texlive-ctable	svn26694.1.23-45.el7
texlive-ctable-doc	svn26694.1.23-45.el7
texlive-currfile	svn29012.0.7b-45.el7
texlive-currfile-doc	svn29012.0.7b-45.el7
texlive-datetime	svn19834.2.58-45.el7
texlive-datetime-doc	svn19834.2.58-45.el7
texlive-dvipdfm	svn26689.0.13.2d-45.el7
texlive-dvipdfm-bin	svn13663.0-45.20130427_r30134.el7
texlive-dvipdfm-doc	svn26689.0.13.2d-45.el7
texlive-dvipdfmx	svn26765.0-45.el7
texlive-dvipdfmx-bin	svn26509.0-45.20130427_r30134.el7
texlive-dvipdfmx-def	svn15878.0-45.el7
texlive-dvipdfmx-doc	svn26765.0-45.el7
texlive-dvipng	svn26689.1.14-45.el7
texlive-dvipng-bin	svn26509.0-45.20130427_r30134.el7
texlive-dvipng-doc	svn26689.1.14-45.el7
texlive-dvips	svn29585.0-45.el7
texlive-dvips-bin	svn26509.0-45.20130427_r30134.el7
texlive-dvips-doc	svn29585.0-45.el7
texlive-ec	svn25033.1.0-45.el7
texlive-ec-doc	svn25033.1.0-45.el7
texlive-eepic	svn15878.1.1e-45.el7
texlive-eepic-doc	svn15878.1.1e-45.el7
texlive-enctex	svn28602.0-45.el7
texlive-enctex-doc	svn28602.0-45.el7
texlive-enumitem	svn24146.3.5.2-45.el7
texlive-enumitem-doc	svn24146.3.5.2-45.el7
texlive-epsf	svn21461.2.7.4-45.el7
texlive-epsf-doc	svn21461.2.7.4-45.el7
texlive-epstopdf	svn26577.0-45.el7
texlive-epstopdf-bin	svn18336.0-45.20130427_r30134.el7
texlive-epstopdf-doc	svn26577.0-45.el7
texlive-eso-pic	svn21515.2.0c-45.el7
texlive-eso-pic-doc	svn21515.2.0c-45.el7
texlive-etex	svn22198.2.1-45.el7
texlive-etex-doc	svn22198.2.1-45.el7
texlive-etex-pkg	svn15878.2.0-45.el7
texlive-etex-pkg-doc	svn15878.2.0-45.el7
texlive-etoolbox	svn20922.2.1-45.el7
texlive-etoolbox-doc	svn20922.2.1-45.el7
texlive-euenc	svn19795.0.1h-45.el7
texlive-euenc-doc	svn19795.0.1h-45.el7
texlive-euler	svn17261.2.5-45.el7
texlive-euler-doc	svn17261.2.5-45.el7
texlive-euro	svn22191.1.1-45.el7
texlive-euro-doc	svn22191.1.1-45.el7
texlive-eurosym	svn17265.1.4_subrfix-45.el7
texlive-eurosym-doc	svn17265.1.4_subrfix-45.el7
texlive-extsizes	svn17263.1.4a-45.el7
texlive-extsizes-doc	svn17263.1.4a-45.el7
texlive-fancybox	svn18304.1.4-45.el7
texlive-fancybox-doc	svn18304.1.4-45.el7
texlive-fancyhdr	svn15878.3.1-45.el7
texlive-fancyhdr-doc	svn15878.3.1-45.el7
texlive-fancyref	svn15878.0.9c-45.el7
texlive-fancyref-doc	svn15878.0.9c-45.el7
texlive-fancyvrb	svn18492.2.8-45.el7
texlive-fancyvrb-doc	svn18492.2.8-45.el7
texlive-filecontents	svn24250.1.3-45.el7
texlive-filecontents-doc	svn24250.1.3-45.el7
texlive-filehook	svn24280.0.5d-45.el7
texlive-filehook-doc	svn24280.0.5d-45.el7
texlive-fix2col	svn17133.0-45.el7
texlive-fix2col-doc	svn17133.0-45.el7
texlive-fixlatvian	svn21631.1a-45.el7
texlive-fixlatvian-doc	svn21631.1a-45.el7
texlive-float	svn15878.1.3d-45.el7
texlive-float-doc	svn15878.1.3d-45.el7
texlive-fmtcount	svn28068.2.02-45.el7
texlive-fmtcount-doc	svn28068.2.02-45.el7
texlive-fncychap	svn20710.v1.34-45.el7
texlive-fncychap-doc	svn20710.v1.34-45.el7
texlive-fontbook	svn23608.0.2-45.el7
texlive-fontbook-doc	svn23608.0.2-45.el7
texlive-fontspec	svn29412.v2.3a-45.el7
texlive-fontspec-doc	svn29412.v2.3a-45.el7
texlive-fontware	svn26689.0-45.el7
texlive-fontware-bin	svn26509.0-45.20130427_r30134.el7
texlive-fontwrap	svn15878.0-45.el7
texlive-fontwrap-doc	svn15878.0-45.el7
texlive-footmisc	svn23330.5.5b-45.el7
texlive-footmisc-doc	svn23330.5.5b-45.el7
texlive-fp	svn15878.0-45.el7
texlive-fp-doc	svn15878.0-45.el7
texlive-fpl	svn15878.1.002-45.el7
texlive-fpl-doc	svn15878.1.002-45.el7
texlive-framed	svn26789.0.96-45.el7
texlive-framed-doc	svn26789.0.96-45.el7
texlive-garuda-c90	svn15878.0-45.el7
texlive-geometry	svn19716.5.6-45.el7
texlive-geometry-doc	svn19716.5.6-45.el7
texlive-glyphlist	svn28576.0-45.el7
texlive-graphics	svn25405.1.0o-45.el7
texlive-graphics-doc	svn25405.1.0o-45.el7
texlive-gsftopk	svn26689.1.19.2-45.el7
texlive-gsftopk-bin	svn26509.0-45.20130427_r30134.el7
texlive-helvetic	svn28614.0-45.el7
texlive-hyperref	svn28213.6.83m-45.el7
texlive-hyperref-doc	svn28213.6.83m-45.el7
texlive-hyph-utf8	svn29641.0-45.el7
texlive-hyph-utf8-doc	svn29641.0-45.el7
texlive-hyphen-base	svn29197.0-45.el7
texlive-hyphenat	svn15878.2.3c-45.el7
texlive-hyphenat-doc	svn15878.2.3c-45.el7
texlive-ifetex	svn24853.1.2-45.el7
texlive-ifetex-doc	svn24853.1.2-45.el7
texlive-ifluatex	svn26725.1.3-45.el7
texlive-ifluatex-doc	svn26725.1.3-45.el7
texlive-ifmtarg	svn19363.1.2a-45.el7
texlive-ifmtarg-doc	svn19363.1.2a-45.el7
texlive-ifoddpage	svn23979.0-45.el7
texlive-ifoddpage-doc	svn23979.0-45.el7
texlive-iftex	svn29654.0.2-45.el7
texlive-iftex-doc	svn29654.0.2-45.el7
texlive-ifxetex	svn19685.0.5-45.el7
texlive-ifxetex-doc	svn19685.0.5-45.el7
texlive-index	svn24099.4.1beta-45.el7
texlive-index-doc	svn24099.4.1beta-45.el7
texlive-jadetex	svn23409.3.13-45.el7
texlive-jadetex-bin	svn3006.0-45.20130427_r30134.el7
texlive-jadetex-doc	svn23409.3.13-45.el7
texlive-jknapltx	svn19440.0-45.el7
texlive-jknapltx-doc	svn19440.0-45.el7
texlive-kastrup	svn15878.0-45.el7
texlive-kastrup-doc	svn15878.0-45.el7
texlive-kerkis	svn15878.0-45.el7
texlive-kerkis-doc	svn15878.0-45.el7
texlive-koma-script	svn27255.3.11b-45.el7
texlive-kpathsea	svn28792.0-45.el7
texlive-kpathsea-bin	svn27347.0-45.20130427_r30134.el7
texlive-kpathsea-doc	svn28792.0-45.el7
texlive-kpathsea-lib	2012-45.20130427_r30134.el7
texlive-kpathsea-lib-devel	2012-45.20130427_r30134.el7
texlive-l3experimental	svn29361.SVN_4467-45.el7
texlive-l3experimental-doc	svn29361.SVN_4467-45.el7
texlive-l3kernel	svn29409.SVN_4469-45.el7
texlive-l3kernel-doc	svn29409.SVN_4469-45.el7
texlive-l3packages	svn29361.SVN_4467-45.el7
texlive-l3packages-doc	svn29361.SVN_4467-45.el7
texlive-lastpage	svn28985.1.2l-45.el7
texlive-lastpage-doc	svn28985.1.2l-45.el7
texlive-latex	svn27907.0-45.el7
texlive-latex-bin	svn26689.0-45.el7
texlive-latex-bin-bin	svn14050.0-45.20130427_r30134.el7
texlive-latex-doc	svn27907.0-45.el7
texlive-latex-fonts	svn28888.0-45.el7
texlive-latex-fonts-doc	svn28888.0-45.el7
texlive-latexconfig	svn28991.0-45.el7
texlive-lettrine	svn29391.1.64-45.el7
texlive-lettrine-doc	svn29391.1.64-45.el7
texlive-listings	svn15878.1.4-45.el7
texlive-listings-doc	svn15878.1.4-45.el7
texlive-lm	svn28119.2.004-45.el7
texlive-lm-doc	svn28119.2.004-45.el7
texlive-lm-math	svn29044.1.958-45.el7
texlive-lm-math-doc	svn29044.1.958-45.el7
texlive-ltxmisc	svn21927.0-45.el7
texlive-lua-alt-getopt	svn29349.0.7.0-45.el7
texlive-lua-alt-getopt-doc	svn29349.0.7.0-45.el7
texlive-lualatex-math	svn29346.1.2-45.el7
texlive-lualatex-math-doc	svn29346.1.2-45.el7
texlive-luaotfload	svn26718.1.26-45.el7
texlive-luaotfload-bin	svn18579.0-45.20130427_r30134.el7
texlive-luaotfload-doc	svn26718.1.26-45.el7
texlive-luatex	svn26689.0.70.1-45.el7
texlive-luatex-bin	svn26912.0-45.20130427_r30134.el7
texlive-luatex-doc	svn26689.0.70.1-45.el7
texlive-luatexbase	svn22560.0.31-45.el7
texlive-luatexbase-doc	svn22560.0.31-45.el7
texlive-makecmds	svn15878.0-45.el7
texlive-makecmds-doc	svn15878.0-45.el7
texlive-makeindex	svn26689.2.12-45.el7
texlive-makeindex-bin	svn26509.0-45.20130427_r30134.el7
texlive-makeindex-doc	svn26689.2.12-45.el7
texlive-marginnote	svn25880.v1.1i-45.el7
texlive-marginnote-doc	svn25880.v1.1i-45.el7
texlive-marvosym	svn29349.2.2a-45.el7
texlive-marvosym-doc	svn29349.2.2a-45.el7
texlive-mathpazo	svn15878.1.003-45.el7
texlive-mathpazo-doc	svn15878.1.003-45.el7
texlive-mathspec	svn15878.0.2-45.el7
texlive-mathspec-doc	svn15878.0.2-45.el7
texlive-mdwtools	svn15878.1.05.4-45.el7
texlive-mdwtools-doc	svn15878.1.05.4-45.el7
texlive-memoir	svn21638.3.6j_patch_6.0g-45.el7
texlive-memoir-doc	svn21638.3.6j_patch_6.0g-45.el7
texlive-metafont	svn26689.2.718281-45.el7
texlive-metafont-bin	svn26912.0-45.20130427_r30134.el7
texlive-metalogo	svn18611.0.12-45.el7
texlive-metalogo-doc	svn18611.0.12-45.el7
texlive-metapost	svn26689.1.212-45.el7
texlive-metapost-bin	svn26509.0-45.20130427_r30134.el7
texlive-metapost-doc	svn26689.1.212-45.el7
texlive-metapost-examples-doc	svn15878.0-45.el7
texlive-mflogo	svn17487.0-45.el7
texlive-mflogo-doc	svn17487.0-45.el7
texlive-mfnfss	svn19410.0-45.el7
texlive-mfnfss-doc	svn19410.0-45.el7
texlive-mfware	svn26689.0-45.el7
texlive-mfware-bin	svn26509.0-45.20130427_r30134.el7
texlive-mh	svn29420.0-45.el7
texlive-mh-doc	svn29420.0-45.el7
texlive-microtype	svn29392.2.5-45.el7
texlive-microtype-doc	svn29392.2.5-45.el7
texlive-misc	svn24955.0-45.el7
texlive-mnsymbol	svn18651.1.4-45.el7
texlive-mnsymbol-doc	svn18651.1.4-45.el7
texlive-mparhack	svn15878.1.4-45.el7
texlive-mparhack-doc	svn15878.1.4-45.el7
texlive-mptopdf	svn26689.0-45.el7
texlive-mptopdf-bin	svn18674.0-45.20130427_r30134.el7
texlive-ms	svn24467.0-45.el7
texlive-ms-doc	svn24467.0-45.el7
texlive-multido	svn18302.1.42-45.el7
texlive-multido-doc	svn18302.1.42-45.el7
texlive-multirow	svn17256.1.6-45.el7
texlive-multirow-doc	svn17256.1.6-45.el7
texlive-natbib	svn20668.8.31b-45.el7
texlive-natbib-doc	svn20668.8.31b-45.el7
texlive-ncctools	svn15878.3.5-45.el7
texlive-ncctools-doc	svn15878.3.5-45.el7
texlive-ncntrsbk	svn28614.0-45.el7
texlive-norasi-c90	svn15878.0-45.el7
texlive-ntgclass	svn15878.0-45.el7
texlive-ntgclass-doc	svn15878.0-45.el7
texlive-oberdiek	svn26725.0-45.el7
texlive-oberdiek-doc	svn26725.0-45.el7
texlive-overpic	svn19712.0.53-45.el7
texlive-overpic-doc	svn19712.0.53-45.el7
texlive-palatino	svn28614.0-45.el7
texlive-paralist	svn15878.2.3b-45.el7
texlive-paralist-doc	svn15878.2.3b-45.el7
texlive-parallel	svn15878.0-45.el7
texlive-parallel-doc	svn15878.0-45.el7
texlive-parskip	svn19963.2.0-45.el7
texlive-parskip-doc	svn19963.2.0-45.el7
texlive-passivetex	svn15878.0-45.el7
texlive-pdfpages	svn27574.0.4t-45.el7
texlive-pdfpages-doc	svn27574.0.4t-45.el7
texlive-pdftex	svn29585.1.40.11-45.el7
texlive-pdftex-bin	svn27321.0-45.20130427_r30134.el7
texlive-pdftex-def	svn22653.0.06d-45.el7
texlive-pdftex-doc	svn29585.1.40.11-45.el7
texlive-pgf	svn22614.2.10-45.el7
texlive-pgf-doc	svn22614.2.10-45.el7
texlive-philokalia	svn18651.1.1-45.el7
texlive-philokalia-doc	svn18651.1.1-45.el7
texlive-placeins	svn19848.2.2-45.el7
texlive-placeins-doc	svn19848.2.2-45.el7
texlive-plain	svn26647.0-45.el7
texlive-polyglossia	svn26163.v1.2.1-45.el7
texlive-polyglossia-doc	svn26163.v1.2.1-45.el7
texlive-powerdot	svn25656.1.4i-45.el7
texlive-powerdot-doc	svn25656.1.4i-45.el7
texlive-preprint	svn16085.0-45.el7
texlive-preprint-doc	svn16085.0-45.el7
texlive-psfrag	svn15878.3.04-45.el7
texlive-psfrag-doc	svn15878.3.04-45.el7
texlive-pslatex	svn16416.0-45.el7
texlive-psnfss	svn23394.9.2a-45.el7
texlive-psnfss-doc	svn23394.9.2a-45.el7
texlive-pspicture	svn15878.0-45.el7
texlive-pspicture-doc	svn15878.0-45.el7
texlive-pst-3d	svn17257.1.10-45.el7
texlive-pst-3d-doc	svn17257.1.10-45.el7
texlive-pst-blur	svn15878.2.0-45.el7
texlive-pst-blur-doc	svn15878.2.0-45.el7
texlive-pst-coil	svn24020.1.06-45.el7
texlive-pst-coil-doc	svn24020.1.06-45.el7
texlive-pst-eps	svn15878.1.0-45.el7
texlive-pst-eps-doc	svn15878.1.0-45.el7
texlive-pst-fill	svn15878.1.01-45.el7
texlive-pst-fill-doc	svn15878.1.01-45.el7
texlive-pst-grad	svn15878.1.06-45.el7
texlive-pst-grad-doc	svn15878.1.06-45.el7
texlive-pst-math	svn20176.0.61-45.el7
texlive-pst-math-doc	svn20176.0.61-45.el7
texlive-pst-node	svn27799.1.25-45.el7
texlive-pst-node-doc	svn27799.1.25-45.el7
texlive-pst-plot	svn28729.1.44-45.el7
texlive-pst-plot-doc	svn28729.1.44-45.el7
texlive-pst-slpe	svn24391.1.31-45.el7
texlive-pst-slpe-doc	svn24391.1.31-45.el7
texlive-pst-text	svn15878.1.00-45.el7
texlive-pst-text-doc	svn15878.1.00-45.el7
texlive-pst-tree	svn24142.1.12-45.el7
texlive-pst-tree-doc	svn24142.1.12-45.el7
texlive-pstricks	svn29678.2.39-45.el7
texlive-pstricks-add	svn28750.3.59-45.el7
texlive-pstricks-add-doc	svn28750.3.59-45.el7
texlive-pstricks-doc	svn29678.2.39-45.el7
texlive-ptext	svn28124.1-45.el7
texlive-ptext-doc	svn28124.1-45.el7
texlive-pxfonts	svn15878.0-45.el7
texlive-pxfonts-doc	svn15878.0-45.el7
texlive-qstest	svn15878.0-45.el7
texlive-qstest-doc	svn15878.0-45.el7
texlive-rcs	svn15878.0-45.el7
texlive-rcs-doc	svn15878.0-45.el7
texlive-realscripts	svn29423.0.3b-45.el7
texlive-realscripts-doc	svn29423.0.3b-45.el7
texlive-rotating	svn16832.2.16b-45.el7
texlive-rotating-doc	svn16832.2.16b-45.el7
texlive-rsfs	svn15878.0-45.el7
texlive-rsfs-doc	svn15878.0-45.el7
texlive-sansmath	svn17997.1.1-45.el7
texlive-sansmath-doc	svn17997.1.1-45.el7
texlive-sauerj	svn15878.0-45.el7
texlive-sauerj-doc	svn15878.0-45.el7
texlive-scheme-basic	svn25923.0-45.20130427_r30134.el7
texlive-section	svn20180.0-45.el7
texlive-section-doc	svn20180.0-45.el7
texlive-sectsty	svn15878.2.0.2-45.el7
texlive-sectsty-doc	svn15878.2.0.2-45.el7
texlive-seminar	svn18322.1.5-45.el7
texlive-seminar-doc	svn18322.1.5-45.el7
texlive-sepnum	svn20186.2.0-45.el7
texlive-sepnum-doc	svn20186.2.0-45.el7
texlive-setspace	svn24881.6.7a-45.el7
texlive-setspace-doc	svn24881.6.7a-45.el7
texlive-showexpl	svn27790.v0.3j-45.el7
texlive-showexpl-doc	svn27790.v0.3j-45.el7
texlive-soul	svn15878.2.4-45.el7
texlive-soul-doc	svn15878.2.4-45.el7
texlive-stmaryrd	svn22027.0-45.el7
texlive-stmaryrd-doc	svn22027.0-45.el7
texlive-subfig	svn15878.1.3-45.el7
texlive-subfig-doc	svn15878.1.3-45.el7
texlive-subfigure	svn15878.2.1.5-45.el7
texlive-subfigure-doc	svn15878.2.1.5-45.el7
texlive-svn-prov	svn18017.3.1862-45.el7
texlive-svn-prov-doc	svn18017.3.1862-45.el7
texlive-symbol	svn28614.0-45.el7
texlive-t2	svn29349.0-45.el7
texlive-t2-doc	svn29349.0-45.el7
texlive-tetex	svn29585.3.0-45.el7
texlive-tetex-bin	svn27344.0-45.20130427_r30134.el7
texlive-tetex-doc	svn29585.3.0-45.el7
texlive-tex	svn26689.3.1415926-45.el7
texlive-tex-bin	svn26912.0-45.20130427_r30134.el7
texlive-tex-gyre	svn18651.2.004-45.el7
texlive-tex-gyre-doc	svn18651.2.004-45.el7
texlive-tex-gyre-math	svn29045.0-45.el7
texlive-tex-gyre-math-doc	svn29045.0-45.el7
texlive-tex4ht	svn29474.0-45.el7
texlive-tex4ht-bin	svn26509.0-45.20130427_r30134.el7
texlive-tex4ht-doc	svn29474.0-45.el7
texlive-texconfig	svn29349.0-45.el7
texlive-texconfig-bin	svn27344.0-45.20130427_r30134.el7
texlive-texlive.infra	svn28217.0-45.el7
texlive-texlive.infra-bin	svn22566.0-45.20130427_r30134.el7
texlive-texlive.infra-doc	svn28217.0-45.el7
texlive-textcase	svn15878.0-45.el7
texlive-textcase-doc	svn15878.0-45.el7
texlive-textpos	svn28261.1.7h-45.el7
texlive-textpos-doc	svn28261.1.7h-45.el7
texlive-thailatex	svn29349.0.5.1-45.el7
texlive-thailatex-doc	svn29349.0.5.1-45.el7
texlive-threeparttable	svn17383.0-45.el7
texlive-threeparttable-doc	svn17383.0-45.el7
texlive-thumbpdf	svn26689.3.15-45.el7
texlive-thumbpdf-bin	svn6898.0-45.20130427_r30134.el7
texlive-thumbpdf-doc	svn26689.3.15-45.el7
texlive-times	svn28614.0-45.el7
texlive-tipa	svn29349.1.3-45.el7
texlive-tipa-doc	svn29349.1.3-45.el7
texlive-titlesec	svn24852.2.10.0-45.el7
texlive-titlesec-doc	svn24852.2.10.0-45.el7
texlive-titling	svn15878.2.1d-45.el7
texlive-titling-doc	svn15878.2.1d-45.el7
texlive-tocloft	svn20084.2.3e-45.el7
texlive-tocloft-doc	svn20084.2.3e-45.el7
texlive-tools	svn26263.0-45.el7
texlive-tools-doc	svn26263.0-45.el7
texlive-txfonts	svn15878.0-45.el7
texlive-txfonts-doc	svn15878.0-45.el7
texlive-type1cm	svn21820.0-45.el7
texlive-type1cm-doc	svn21820.0-45.el7
texlive-typehtml	svn17134.0-45.el7
texlive-typehtml-doc	svn17134.0-45.el7
texlive-ucharclasses	svn27820.2.0-45.el7
texlive-ucharclasses-doc	svn27820.2.0-45.el7
texlive-ucs	svn27549.2.1-45.el7
texlive-ucs-doc	svn27549.2.1-45.el7
texlive-uhc	svn16791.0-45.el7
texlive-uhc-doc	svn16791.0-45.el7
texlive-ulem	svn26785.0-45.el7
texlive-ulem-doc	svn26785.0-45.el7
texlive-underscore	svn18261.0-45.el7
texlive-underscore-doc	svn18261.0-45.el7
texlive-unicode-math	svn29413.0.7d-45.el7
texlive-unicode-math-doc	svn29413.0.7d-45.el7
texlive-unisugar	svn22357.0.92-45.el7
texlive-unisugar-doc	svn22357.0.92-45.el7
texlive-url	svn16864.3.2-45.el7
texlive-url-doc	svn16864.3.2-45.el7
texlive-utopia	svn15878.0-45.el7
texlive-utopia-doc	svn15878.0-45.el7
texlive-varwidth	svn24104.0.92-45.el7
texlive-varwidth-doc	svn24104.0.92-45.el7
texlive-wadalab	svn22576.0-45.el7
texlive-wadalab-doc	svn22576.0-45.el7
texlive-was	svn21439.0-45.el7
texlive-was-doc	svn21439.0-45.el7
texlive-wasy	svn15878.0-45.el7
texlive-wasy-doc	svn15878.0-45.el7
texlive-wasysym	svn15878.2.0-45.el7
texlive-wasysym-doc	svn15878.2.0-45.el7
texlive-wrapfig	svn22048.3.6-45.el7
texlive-wrapfig-doc	svn22048.3.6-45.el7
texlive-xcolor	svn15878.2.11-45.el7
texlive-xcolor-doc	svn15878.2.11-45.el7
texlive-xdvi	svn26689.22.85-45.el7
texlive-xdvi-bin	svn26509.0-45.20130427_r30134.el7
texlive-xecjk	svn28816.3.1.2-45.el7
texlive-xecjk-doc	svn28816.3.1.2-45.el7
texlive-xecolor	svn29660.0.1-45.el7
texlive-xecolor-doc	svn29660.0.1-45.el7
texlive-xecyr	svn20221.1.1-45.el7
texlive-xecyr-doc	svn20221.1.1-45.el7
texlive-xeindex	svn16760.0.2-45.el7
texlive-xeindex-doc	svn16760.0.2-45.el7
texlive-xepersian	svn29661.12.1-45.el7
texlive-xepersian-doc	svn29661.12.1-45.el7
texlive-xesearch	svn16041.0-45.el7
texlive-xesearch-doc	svn16041.0-45.el7
texlive-xetex	svn26330.0.9997.5-45.el7
texlive-xetex-bin	svn26912.0-45.20130427_r30134.el7
texlive-xetex-def	svn29154.0.95-45.el7
texlive-xetex-doc	svn26330.0.9997.5-45.el7
texlive-xetex-itrans	svn24105.4.0-45.el7
texlive-xetex-itrans-doc	svn24105.4.0-45.el7
texlive-xetex-pstricks	svn17055.0-45.el7
texlive-xetex-pstricks-doc	svn17055.0-45.el7
texlive-xetex-tibetan	svn28847.0.1-45.el7
texlive-xetex-tibetan-doc	svn28847.0.1-45.el7
texlive-xetexconfig	svn28819.0-45.el7
texlive-xetexfontinfo	svn15878.0-45.el7
texlive-xetexfontinfo-doc	svn15878.0-45.el7
texlive-xifthen	svn15878.1.3-45.el7
texlive-xifthen-doc	svn15878.1.3-45.el7
texlive-xkeyval	svn27995.2.6a-45.el7
texlive-xkeyval-doc	svn27995.2.6a-45.el7
texlive-xltxtra	svn19809.0.5e-45.el7
texlive-xltxtra-doc	svn19809.0.5e-45.el7
texlive-xmltex	svn28273.0.8-45.el7
texlive-xmltex-bin	svn3006.0-45.20130427_r30134.el7
texlive-xmltex-doc	svn28273.0.8-45.el7
texlive-xstring	svn29258.1.7a-45.el7
texlive-xstring-doc	svn29258.1.7a-45.el7
texlive-xtab	svn23347.2.3f-45.el7
texlive-xtab-doc	svn23347.2.3f-45.el7
texlive-xunicode	svn23897.0.981-45.el7
texlive-xunicode-doc	svn23897.0.981-45.el7
texlive-zapfchan	svn28614.0-45.el7
texlive-zapfding	svn28614.0-45.el7
tftp	5.2-22.el7
tftp-server	5.2-22.el7
thai-scalable-fonts-common	0.5.0-7.el7
thai-scalable-garuda-fonts	0.5.0-7.el7
thai-scalable-kinnari-fonts	0.5.0-7.el7
thai-scalable-loma-fonts	0.5.0-7.el7
thai-scalable-norasi-fonts	0.5.0-7.el7
thai-scalable-purisa-fonts	0.5.0-7.el7
thai-scalable-sawasdee-fonts	0.5.0-7.el7
thai-scalable-tlwgmono-fonts	0.5.0-7.el7
thai-scalable-tlwgtypewriter-fonts	0.5.0-7.el7
thai-scalable-tlwgtypist-fonts	0.5.0-7.el7
thai-scalable-tlwgtypo-fonts	0.5.0-7.el7
thai-scalable-umpush-fonts	0.5.0-7.el7
thai-scalable-waree-fonts	0.5.0-7.el7
theora-tools	1.1.1-8.el7
thunderbird	115.12.1-1.el7.centos
tibetan-machine-uni-fonts	1.901-12.el7
tigervnc	1.8.0-33.el7_9
tigervnc-icons	1.8.0-33.el7_9
tigervnc-license	1.8.0-33.el7_9
tigervnc-server	1.8.0-33.el7_9
tigervnc-server-applet	1.8.0-33.el7_9
tigervnc-server-minimal	1.8.0-33.el7_9
tigervnc-server-module	1.8.0-33.el7_9
time	1.7-45.el7
tix	8.4.3-12.el7
tix-devel	8.4.3-12.el7
tix-doc	8.4.3-12.el7
tk	8.5.13-6.el7
tk-devel	8.5.13-6.el7
tkinter	2.7.5-94.el7_9
tmpwatch	2.11-6.el7
tmux	1.8-4.el7
tn5250	0.17.4-10.el7
tn5250-devel	0.17.4-10.el7
tncfhh	0.8.3-16.el7
tncfhh-devel	0.8.3-16.el7
tncfhh-examples	0.8.3-16.el7
tncfhh-libs	0.8.3-16.el7
tncfhh-utils	0.8.3-16.el7
tog-pegasus	2.14.1-8.el7
tog-pegasus-devel	2.14.1-8.el7
tog-pegasus-libs	2.14.1-8.el7
tog-pegasus-test	2.14.1-8.el7
tokyocabinet	1.4.48-3.el7
tokyocabinet-devel	1.4.48-3.el7
tokyocabinet-devel-doc	1.4.48-3.el7
tomcat	7.0.76-16.el7_9
tomcat-admin-webapps	7.0.76-16.el7_9
tomcat-docs-webapp	7.0.76-16.el7_9
tomcat-el-2.2-api	7.0.76-16.el7_9
tomcat-javadoc	7.0.76-16.el7_9
tomcat-jsp-2.2-api	7.0.76-16.el7_9
tomcat-jsvc	7.0.76-16.el7_9
tomcat-lib	7.0.76-16.el7_9
tomcat-servlet-3.0-api	7.0.76-16.el7_9
tomcat-webapps	7.0.76-16.el7_9
tomcatjss	7.2.5-1.el7
totem	3.26.2-1.el7
totem-devel	3.26.2-1.el7
totem-nautilus	3.26.2-1.el7
totem-pl-parser	3.26.1-1.el7
totem-pl-parser-devel	3.26.1-1.el7
tpm-quote-tools	1.0.2-3.el7
tpm-tools	1.3.9-6.el7
tpm-tools-devel	1.3.9-6.el7
tpm-tools-pkcs11	1.3.9-6.el7
tpm2-abrmd	1.1.0-11.el7
tpm2-abrmd-devel	1.1.0-11.el7
tpm2-tools	3.0.4-3.el7
tpm2-tss	1.4.0-3.el7
tpm2-tss-devel	1.4.0-3.el7
trace-cmd	2.7.0-3.el7
traceroute	2.0.22-2.el7
tracker	1.10.5-8.el7
tracker-devel	1.10.5-8.el7
tracker-docs	1.10.5-8.el7
tracker-needle	1.10.5-8.el7
tracker-preferences	1.10.5-8.el7
trang	20091111-14.el7
transfig	3.2.5d-13.el7
tree	1.6.0-10.el7
trousers	0.3.14-2.el7
trousers-devel	0.3.14-2.el7
trousers-static	0.3.14-2.el7
ttmkfdir	3.0.9-42.el7
tuna	0.13-9.el7
tuned	2.11.0-12.el7_9
tuned-gtk	2.11.0-12.el7_9
tuned-profiles-atomic	2.11.0-12.el7_9
tuned-profiles-compat	2.11.0-12.el7_9
tuned-profiles-cpu-partitioning	2.11.0-12.el7_9
tuned-profiles-mssql	2.11.0-12.el7_9
tuned-profiles-oracle	2.11.0-12.el7_9
tuned-utils	2.11.0-12.el7_9
tuned-utils-systemtap	2.11.0-12.el7_9
turbojpeg	1.2.90-8.el7
turbojpeg-devel	1.2.90-8.el7
txw2	20110809-8.el7
txw2-javadoc	20110809-8.el7
tzdata	2024a-1.el7
tzdata-java	2024a-1.el7
ucs-miscfixed-fonts	0.3-11.el7
ucx	1.5.2-1.el7
ucx-devel	1.5.2-1.el7
ucx-static	1.5.2-1.el7
udftools	1.0.0b3-26.el7
udisks2	2.8.4-1.el7
udisks2-iscsi	2.8.4-1.el7
udisks2-lsm	2.8.4-1.el7
udisks2-lvm2	2.8.4-1.el7
unbound	1.6.6-5.el7_8
unbound-devel	1.6.6-5.el7_8
unbound-libs	1.6.6-5.el7_8
unbound-python	1.6.6-5.el7_8
unicode-ucd	6.3.0-2.el7
unique3	3.0.2-8.el7
unique3-devel	3.0.2-8.el7
unique3-docs	3.0.2-8.el7
unit-api	1.0-3.el7
unit-api-javadoc	1.0-3.el7
units	2.01-5.el7
unixODBC	2.3.1-14.el7
unixODBC-devel	2.3.1-14.el7
unoconv	0.6-8.el7
unzip	6.0-24.el7_9
uom-lib	1.0.1-5.el7
uom-lib-javadoc	1.0.1-5.el7
uom-parent	1.0.3-2.el7
uom-se	1.0.4-3.el7
uom-se-javadoc	1.0.4-3.el7
uom-systems	0.7-1.el7
uom-systems-javadoc	0.7-1.el7
upower	0.99.7-1.el7
upower-devel	0.99.7-1.el7
upower-devel-docs	0.99.7-1.el7
uriparser	0.7.5-10.el7
uriparser-devel	0.7.5-10.el7
urlview	0.9-15.20121210git6cfcad.el7
urw-base35-bookman-fonts	20170801-10.el7
urw-base35-c059-fonts	20170801-10.el7
urw-base35-d050000l-fonts	20170801-10.el7
urw-base35-fonts	20170801-10.el7
urw-base35-fonts-common	20170801-10.el7
urw-base35-fonts-devel	20170801-10.el7
urw-base35-fonts-legacy	20170801-10.el7
urw-base35-gothic-fonts	20170801-10.el7
urw-base35-nimbus-mono-ps-fonts	20170801-10.el7
urw-base35-nimbus-roman-fonts	20170801-10.el7
urw-base35-nimbus-sans-fonts	20170801-10.el7
urw-base35-p052-fonts	20170801-10.el7
urw-base35-standard-symbols-ps-fonts	20170801-10.el7
urw-base35-z003-fonts	20170801-10.el7
urw-fonts	2.4-16.el7
usb_modeswitch	2.5.1-1.el7
usb_modeswitch-data	20170806-1.el7
usbguard	0.7.4-3.el7
usbguard-devel	0.7.4-3.el7
usbguard-tools	0.7.4-3.el7
usbmuxd	1.1.0-1.el7
usbredir	0.7.1-3.el7
usbredir-devel	0.7.1-3.el7
usbredir-server	0.7.1-3.el7
usbutils	007-5.el7
usermode	1.111-6.el7
usermode-gtk	1.111-6.el7
usnic-tools	1.1.2.0-1.el7
ustr	1.0.4-16.el7
ustr-debug	1.0.4-16.el7
ustr-debug-static	1.0.4-16.el7
ustr-devel	1.0.4-16.el7
ustr-static	1.0.4-16.el7
util-linux	2.23.2-65.el7_9.1
uuid	1.6.2-26.el7
uuid-c++	1.6.2-26.el7
uuid-c++-devel	1.6.2-26.el7
uuid-dce	1.6.2-26.el7
uuid-dce-devel	1.6.2-26.el7
uuid-devel	1.6.2-26.el7
uuid-perl	1.6.2-26.el7
uuid-php	1.6.2-26.el7
uuidd	2.23.2-65.el7_9.1
v4l-utils	0.9.5-4.el7
v4l-utils-devel-tools	0.9.5-4.el7
vala	0.40.8-1.el7
vala-devel	0.40.8-1.el7
vala-doc	0.40.8-1.el7
valadoc	0.40.8-1.el7
valadoc-devel	0.40.8-1.el7
valgrind	3.15.0-11.el7
valgrind-devel	3.15.0-11.el7
valgrind-openmpi	3.15.0-11.el7
vdo	6.1.3.23-5.el7
velocity	1.7-10.el7
velocity-demo	1.7-10.el7
velocity-javadoc	1.7-10.el7
velocity-manual	1.7-10.el7
vemana2000-fonts	1.1.3-6.el7
veritysetup	2.0.3-6.el7
vigra	1.9.0-11.el7
vigra-devel	1.9.0-11.el7
vim-X11	7.4.629-8.el7_9
vim-common	7.4.629-8.el7_9
vim-enhanced	7.4.629-8.el7_9
vim-filesystem	7.4.629-8.el7_9
vim-minimal	7.4.629-8.el7_9
vinagre	3.22.0-14.el7
vino	3.22.0-7.el7
virt-dib	1.40.2-10.el7
virt-install	1.5.0-7.el7
virt-manager	1.5.0-7.el7
virt-manager-common	1.5.0-7.el7
virt-p2v-maker	1.40.2-10.el7
virt-top	1.0.8-24.el7
virt-v2v	1.40.2-10.el7
virt-viewer	5.0-18.el7
virt-what	1.18-4.el7_9.1
virt-who	0.28.10-1.el7_9
virtuoso-opensource	6.1.6-7.el7
virtuoso-opensource-utils	6.1.6-7.el7
vlgothic-fonts	20130607-2.el7
vlgothic-p-fonts	20130607-2.el7
voikko-tools	3.6-5.el7
volume_key	0.3.9-9.el7
volume_key-devel	0.3.9-9.el7
volume_key-libs	0.3.9-9.el7
vorbis-tools	1.4.0-13.el7
vsftpd	3.0.2-29.el7_9
vsftpd-sysvinit	3.0.2-29.el7_9
vte-profile	0.52.4-1.el7
vte291	0.52.4-1.el7
vte291-devel	0.52.4-1.el7
vte3	0.36.5-1.el7
vte3-devel	0.36.5-1.el7
vulkan	1.1.97.0-1.el7
vulkan-devel	1.1.97.0-1.el7
vulkan-filesystem	1.1.97.0-1.el7
watchdog	5.13-12.el7
wavpack	4.60.1-9.el7
wavpack-devel	4.60.1-9.el7
wayland-devel	1.15.0-1.el7
wayland-doc	1.15.0-1.el7
wayland-protocols-devel	1.14-1.el7
webkitgtk3	2.4.11-2.el7
webkitgtk3-devel	2.4.11-2.el7
webkitgtk3-doc	2.4.11-2.el7
webkitgtk4	2.28.2-3.el7
webkitgtk4-devel	2.28.2-3.el7
webkitgtk4-doc	2.28.2-3.el7
webkitgtk4-jsc	2.28.2-3.el7
webkitgtk4-jsc-devel	2.28.2-3.el7
webrtc-audio-processing	0.3-1.el7
webrtc-audio-processing-devel	0.3-1.el7
weld-parent	17-9.el7
wget	1.14-18.el7_6.1
which	2.20-7.el7
whois	5.1.1-2.el7
wireshark	1.10.14-25.el7
wireshark-devel	1.10.14-25.el7
wireshark-gnome	1.10.14-25.el7
wodim	1.1.11-25.el7
woodstox-core	4.1.2-8.el7
woodstox-core-javadoc	4.1.2-8.el7
wordnet	3.0-21.el7
wordnet-browser	3.0-21.el7
wordnet-devel	3.0-21.el7
wordnet-doc	3.0-21.el7
words	3.0-22.el7
wpa_supplicant	2.6-12.el7_9.2
wqy-microhei-fonts	0.2.0-0.12.beta.el7
wqy-unibit-fonts	1.1.0-13.el7
wqy-zenhei-fonts	0.9.46-11.el7
ws-commons-util	1.0.1-29.el7
ws-commons-util-javadoc	1.0.1-29.el7
ws-jaxme	0.5.2-10.el7
ws-jaxme-javadoc	0.5.2-10.el7
ws-jaxme-manual	0.5.2-10.el7
wsdl4j	1.6.3-3.el7
wsdl4j-javadoc	1.6.3-3.el7
wsmancli	2.6.0-2.el7
wvdial	1.61-9.el7
x3270	3.3.12ga12-5.el7_9
x3270-text	3.3.12ga12-5.el7_9
x3270-x11	3.3.12ga12-5.el7_9
x86info	1.30-6.el7
xalan-j2	2.7.1-23.el7
xalan-j2-demo	2.7.1-23.el7
xalan-j2-javadoc	2.7.1-23.el7
xalan-j2-manual	2.7.1-23.el7
xalan-j2-xsltc	2.7.1-23.el7
xbean	3.13-6.el7
xbean-javadoc	3.13-6.el7
xcb-proto	1.13-1.el7
xcb-util	0.4.0-2.el7
xcb-util-devel	0.4.0-2.el7
xcb-util-image	0.4.0-2.el7
xcb-util-image-devel	0.4.0-2.el7
xcb-util-keysyms	0.4.0-1.el7
xcb-util-keysyms-devel	0.4.0-1.el7
xcb-util-renderutil	0.3.9-3.el7
xcb-util-renderutil-devel	0.3.9-3.el7
xcb-util-wm	0.4.1-5.el7
xcb-util-wm-devel	0.4.1-5.el7
xchat	2.8.8-25.el7
xchat-tcl	2.8.8-25.el7
xdelta	3.0.7-4.el7
xdg-desktop-portal	1.0.2-1.el7
xdg-desktop-portal-devel	1.0.2-1.el7
xdg-desktop-portal-gtk	1.0.2-1.el7
xdg-user-dirs	0.15-5.el7
xdg-user-dirs-gtk	0.10-4.el7
xdg-utils	1.1.0-0.17.20120809git.el7
xerces-c	3.1.1-10.el7_7
xerces-c-devel	3.1.1-10.el7_7
xerces-c-doc	3.1.1-10.el7_7
xerces-j2	2.11.0-17.el7_0
xerces-j2-demo	2.11.0-17.el7_0
xerces-j2-javadoc	2.11.0-17.el7_0
xferstats	2.16-28.el7
xfsdump	3.1.7-4.el7_9
xfsprogs	4.5.0-22.el7
xfsprogs-devel	4.5.0-22.el7
xguest	1.0.10-32.el7
xhtml1-dtds	1.0-20020801.11.el7
xhtml2fo-style-xsl	20051222-9.el7
xhtml2ps	1.0-0.14.b7.el7
xinetd	2.3.15-14.el7
xisdnload	3.2-99.el7
xkeyboard-config	2.24-1.el7
xkeyboard-config-devel	2.24-1.el7
xml-common	0.6.3-39.el7
xml-commons-apis	1.4.01-16.el7
xml-commons-apis-javadoc	1.4.01-16.el7
xml-commons-apis-manual	1.4.01-16.el7
xml-commons-apis12	1.2.04-10.el7
xml-commons-apis12-javadoc	1.2.04-10.el7
xml-commons-apis12-manual	1.2.04-10.el7
xml-commons-resolver	1.2-15.el7
xml-commons-resolver-javadoc	1.2-15.el7
xml-stylebook	1.0-0.14.b3_xalan2.svn313293.el7
xml-stylebook-demo	1.0-0.14.b3_xalan2.svn313293.el7
xml-stylebook-javadoc	1.0-0.14.b3_xalan2.svn313293.el7
xmlgraphics-commons	1.5-3.el7
xmlgraphics-commons-javadoc	1.5-3.el7
xmlrpc-c	1.32.5-1905.svn2451.el7
xmlrpc-c-apps	1.32.5-1905.svn2451.el7
xmlrpc-c-c++	1.32.5-1905.svn2451.el7
xmlrpc-c-client	1.32.5-1905.svn2451.el7
xmlrpc-c-client++	1.32.5-1905.svn2451.el7
xmlrpc-c-devel	1.32.5-1905.svn2451.el7
xmlrpc-client	3.1.3-9.el7_5
xmlrpc-common	3.1.3-9.el7_5
xmlrpc-javadoc	3.1.3-9.el7_5
xmlrpc-server	3.1.3-9.el7_5
xmlsec1	1.2.20-8.el7_9
xmlsec1-devel	1.2.20-8.el7_9
xmlsec1-gcrypt	1.2.20-8.el7_9
xmlsec1-gcrypt-devel	1.2.20-8.el7_9
xmlsec1-gnutls	1.2.20-8.el7_9
xmlsec1-gnutls-devel	1.2.20-8.el7_9
xmlsec1-nss	1.2.20-8.el7_9
xmlsec1-nss-devel	1.2.20-8.el7_9
xmlsec1-openssl	1.2.20-8.el7_9
xmlsec1-openssl-devel	1.2.20-8.el7_9
xmlto	0.0.25-7.el7
xmlto-tex	0.0.25-7.el7
xmlto-xhtml	0.0.25-7.el7
xmltoman	0.4-9.el7
xmlunit	1.4-6.el7
xmlunit-javadoc	1.4-6.el7
xmvn	1.3.0-6.el7_3
xmvn-javadoc	1.3.0-6.el7_3
xorg-sgml-doctools	1.10-5.el7
xorg-x11-apps	7.7-7.el7
xorg-x11-docs	1.6-7.el7
xorg-x11-drivers	7.7-6.el7
xorg-x11-drv-ati	19.0.1-3.el7_7
xorg-x11-drv-dummy	0.3.7-1.el7.1
xorg-x11-drv-evdev	2.10.6-1.el7
xorg-x11-drv-evdev-devel	2.10.6-1.el7
xorg-x11-drv-fbdev	0.5.0-1.el7
xorg-x11-drv-intel	2.99.917-28.20180530.el7
xorg-x11-drv-intel-devel	2.99.917-28.20180530.el7
xorg-x11-drv-keyboard	1.9.0-1.el7
xorg-x11-drv-libinput	0.27.1-2.el7
xorg-x11-drv-libinput-devel	0.27.1-2.el7
xorg-x11-drv-mouse	1.9.2-2.el7
xorg-x11-drv-mouse-devel	1.9.2-2.el7
xorg-x11-drv-nouveau	1.0.15-1.el7
xorg-x11-drv-openchrome	0.5.0-3.el7.1
xorg-x11-drv-openchrome-devel	0.5.0-3.el7.1
xorg-x11-drv-qxl	0.1.5-5.el7
xorg-x11-drv-synaptics	1.9.0-2.el7
xorg-x11-drv-synaptics-devel	1.9.0-2.el7
xorg-x11-drv-v4l	0.2.0-49.el7
xorg-x11-drv-vesa	2.4.0-3.el7
xorg-x11-drv-vmmouse	13.1.0-1.el7.1
xorg-x11-drv-vmware	13.2.1-1.el7.1
xorg-x11-drv-void	1.4.1-2.el7.1
xorg-x11-drv-wacom	0.36.1-3.el7
xorg-x11-drv-wacom-devel	0.36.1-3.el7
xorg-x11-font-utils	7.5-21.el7
xorg-x11-fonts-100dpi	7.5-9.el7
xorg-x11-fonts-75dpi	7.5-9.el7
xorg-x11-fonts-ISO8859-1-100dpi	7.5-9.el7
xorg-x11-fonts-ISO8859-1-75dpi	7.5-9.el7
xorg-x11-fonts-ISO8859-14-100dpi	7.5-9.el7
xorg-x11-fonts-ISO8859-14-75dpi	7.5-9.el7
xorg-x11-fonts-ISO8859-15-100dpi	7.5-9.el7
xorg-x11-fonts-ISO8859-15-75dpi	7.5-9.el7
xorg-x11-fonts-ISO8859-2-100dpi	7.5-9.el7
xorg-x11-fonts-ISO8859-2-75dpi	7.5-9.el7
xorg-x11-fonts-ISO8859-9-100dpi	7.5-9.el7
xorg-x11-fonts-ISO8859-9-75dpi	7.5-9.el7
xorg-x11-fonts-Type1	7.5-9.el7
xorg-x11-fonts-cyrillic	7.5-9.el7
xorg-x11-fonts-ethiopic	7.5-9.el7
xorg-x11-fonts-misc	7.5-9.el7
xorg-x11-proto-devel	2018.4-1.el7
xorg-x11-server-Xdmx	1.20.4-29.el7_9
xorg-x11-server-Xephyr	1.20.4-29.el7_9
xorg-x11-server-Xnest	1.20.4-29.el7_9
xorg-x11-server-Xorg	1.20.4-29.el7_9
xorg-x11-server-Xspice	0.1.5-5.el7
xorg-x11-server-Xvfb	1.20.4-29.el7_9
xorg-x11-server-Xwayland	1.20.4-29.el7_9
xorg-x11-server-common	1.20.4-29.el7_9
xorg-x11-server-devel	1.20.4-29.el7_9
xorg-x11-server-source	1.20.4-29.el7_9
xorg-x11-server-utils	7.7-20.el7
xorg-x11-util-macros	1.19.0-3.el7
xorg-x11-utils	7.5-23.el7
xorg-x11-xauth	1.0.9-1.el7
xorg-x11-xbitmaps	1.1.1-6.el7
xorg-x11-xinit	1.3.4-2.el7
xorg-x11-xinit-session	1.3.4-2.el7
xorg-x11-xkb-extras	7.7-14.el7
xorg-x11-xkb-utils	7.7-14.el7
xorg-x11-xkb-utils-devel	7.7-14.el7
xorg-x11-xtrans-devel	1.3.5-1.el7
xorriso	1.4.8-3.el7
xpp3	1.1.3.8-11.el7
xpp3-javadoc	1.1.3.8-11.el7
xpp3-minimal	1.1.3.8-11.el7
xrestop	0.4-14.el7
xsane	0.999-9.el7
xsane-common	0.999-9.el7
xsane-gimp	0.999-9.el7
xsettings-kde	0.12.3-7.el7
xsom	0-10.20110809svn.el7
xsom-javadoc	0-10.20110809svn.el7
xstream	1.3.1-14.el7_9
xstream-javadoc	1.3.1-14.el7_9
xterm	295-3.el7_9.1
xulrunner	31.6.0-2.el7.centos
xulrunner-devel	31.6.0-2.el7.centos
xvattr	1.3-27.el7
xz	5.2.2-2.el7_9
xz-compat-libs	5.2.2-2.el7_9
xz-devel	5.2.2-2.el7_9
xz-java	1.3-3.el7
xz-java-javadoc	1.3-3.el7
xz-libs	5.2.2-2.el7_9
xz-lzma-compat	5.2.2-2.el7_9
yajl	2.0.4-4.el7
yajl-devel	2.0.4-4.el7
yelp	3.28.1-1.el7
yelp-devel	3.28.1-1.el7
yelp-libs	3.28.1-1.el7
yelp-tools	3.28.0-1.el7
yelp-xsl	3.28.0-1.el7
yelp-xsl-devel	3.28.0-1.el7
yp-tools	2.14-5.el7
ypbind	1.37.1-9.el7
ypserv	2.31-12.el7
yum	3.4.3-168.el7.centos
yum-NetworkManager-dispatcher	1.1.31-54.el7_8
yum-cron	3.4.3-168.el7.centos
yum-langpacks	0.4.2-7.el7
yum-metadata-parser	1.1.4-10.el7
yum-plugin-aliases	1.1.31-54.el7_8
yum-plugin-auto-update-debug-info	1.1.31-54.el7_8
yum-plugin-changelog	1.1.31-54.el7_8
yum-plugin-copr	1.1.31-54.el7_8
yum-plugin-fastestmirror	1.1.31-54.el7_8
yum-plugin-filter-data	1.1.31-54.el7_8
yum-plugin-fs-snapshot	1.1.31-54.el7_8
yum-plugin-keys	1.1.31-54.el7_8
yum-plugin-list-data	1.1.31-54.el7_8
yum-plugin-local	1.1.31-54.el7_8
yum-plugin-merge-conf	1.1.31-54.el7_8
yum-plugin-ovl	1.1.31-54.el7_8
yum-plugin-post-transaction-actions	1.1.31-54.el7_8
yum-plugin-pre-transaction-actions	1.1.31-54.el7_8
yum-plugin-priorities	1.1.31-54.el7_8
yum-plugin-protectbase	1.1.31-54.el7_8
yum-plugin-ps	1.1.31-54.el7_8
yum-plugin-remove-with-leaves	1.1.31-54.el7_8
yum-plugin-rpm-warm-cache	1.1.31-54.el7_8
yum-plugin-show-leaves	1.1.31-54.el7_8
yum-plugin-tmprepo	1.1.31-54.el7_8
yum-plugin-tsflags	1.1.31-54.el7_8
yum-plugin-upgrade-helper	1.1.31-54.el7_8
yum-plugin-verify	1.1.31-54.el7_8
yum-plugin-versionlock	1.1.31-54.el7_8
yum-rhn-plugin	2.0.1-10.el7
yum-updateonboot	1.1.31-54.el7_8
yum-utils	1.1.31-54.el7_8
zenity	3.28.1-2.el7_9
zip	3.0-11.el7
zlib	1.2.7-21.el7_9
zlib-devel	1.2.7-21.el7_9
zlib-static	1.2.7-21.el7_9
zsh	5.0.2-34.el7_8.2
zsh-html	5.0.2-34.el7_8.2
zziplib	0.13.62-12.el7
zziplib-devel	0.13.62-12.el7
zziplib-utils	0.13.62-12.el7
