# CentOS 6.10 final package versions in vault.centos.org/6.10/{os,updates}/x86_64/Packages/
# name<TAB>version-release (no epoch: vault file names carry none). Generated 2026-10-08; CentOS 6 is frozen.
389-ds-base	1.2.11.15-97.el6_10
389-ds-base-devel	1.2.11.15-97.el6_10
389-ds-base-libs	1.2.11.15-97.el6_10
ConsoleKit	0.4.1-6.el6
ConsoleKit-devel	0.4.1-6.el6
ConsoleKit-docs	0.4.1-6.el6
ConsoleKit-libs	0.4.1-6.el6
ConsoleKit-x11	0.4.1-6.el6
DeviceKit-power	014-3.el6
DeviceKit-power-devel	014-3.el6
DeviceKit-power-devel-docs	014-3.el6
ElectricFence	2.2.2-28.el6
GConf2	2.28.0-7.el6
GConf2-devel	2.28.0-7.el6
GConf2-gtk	2.28.0-7.el6
ImageMagick	6.7.2.7-6.el6
ImageMagick-c++	6.7.2.7-6.el6
ImageMagick-c++-devel	6.7.2.7-6.el6
ImageMagick-devel	6.7.2.7-6.el6
ImageMagick-doc	6.7.2.7-6.el6
ImageMagick-perl	6.7.2.7-6.el6
MAKEDEV	3.24-6.el6
ModemManager	0.4.0-5.git20100628.el6
MySQL-python	1.2.3-0.3.c1.1.el6
NetworkManager	0.8.1-113.el6
NetworkManager-devel	0.8.1-113.el6
NetworkManager-glib	0.8.1-113.el6
NetworkManager-glib-devel	0.8.1-113.el6
NetworkManager-gnome	0.8.1-113.el6
NetworkManager-openswan	0.8.0-11.el6
ORBit2	2.14.17-7.el6
ORBit2-devel	2.14.17-7.el6
OpenEXR	1.6.1-8.1.el6
OpenEXR-devel	1.6.1-8.1.el6
OpenEXR-libs	1.6.1-8.1.el6
OpenIPMI	2.0.16-14.el6
OpenIPMI-devel	2.0.16-14.el6
OpenIPMI-libs	2.0.16-14.el6
OpenIPMI-perl	2.0.16-14.el6
OpenIPMI-python	2.0.16-14.el6
PackageKit	0.5.8-26.el6
PackageKit-backend-devel	0.5.8-26.el6
PackageKit-browser-plugin	0.5.8-26.el6
PackageKit-command-not-found	0.5.8-26.el6
PackageKit-cron	0.5.8-26.el6
PackageKit-debug-install	0.5.8-26.el6
PackageKit-device-rebind	0.5.8-26.el6
PackageKit-docs	0.5.8-26.el6
PackageKit-glib	0.5.8-26.el6
PackageKit-glib-devel	0.5.8-26.el6
PackageKit-gstreamer-plugin	0.5.8-26.el6
PackageKit-gtk-module	0.5.8-26.el6
PackageKit-qt	0.5.8-26.el6
PackageKit-qt-devel	0.5.8-26.el6
PackageKit-yum	0.5.8-26.el6
PackageKit-yum-plugin	0.5.8-26.el6
PyGreSQL	3.8.1-2.el6
PyKDE4	4.3.4-5.el6
PyKDE4-akonadi	4.3.4-5.el6
PyKDE4-devel	4.3.4-5.el6
PyOpenGL	3.0.0-2.1.el6
PyOpenGL-Tk	3.0.0-2.1.el6
PyPAM	0.5.0-12.el6
PyQt4	4.6.2-9.el6
PyQt4-devel	4.6.2-9.el6
PyXML	0.8.4-19.el6
PyYAML	3.10-3.1.el6
Pyrex	0.9.8.4-4.1.el6
SDL	1.2.14-7.el6_7.1
SDL-devel	1.2.14-7.el6_7.1
SDL-static	1.2.14-7.el6_7.1
SOAPpy	0.11.6-11.el6
TurboGears2	2.0.3-4.el6
Xaw3d	1.5E-15.1.el6
Xaw3d-devel	1.5E-15.1.el6
a2ps	4.14-13.el6
abrt	2.0.8-44.el6.centos
abrt-addon-ccpp	2.0.8-44.el6.centos
abrt-addon-kerneloops	2.0.8-44.el6.centos
abrt-addon-python	2.0.8-44.el6.centos
abrt-addon-vmcore	2.0.8-44.el6.centos
abrt-cli	2.0.8-44.el6.centos
abrt-console-notification	2.0.8-44.el6.centos
abrt-desktop	2.0.8-44.el6.centos
abrt-devel	2.0.8-44.el6.centos
abrt-gui	2.0.8-44.el6.centos
abrt-libs	2.0.8-44.el6.centos
abrt-python	2.0.8-44.el6.centos
abrt-python-doc	2.0.8-44.el6.centos
abrt-tui	2.0.8-44.el6.centos
abyssinica-fonts	1.0-5.1.el6
acl	2.2.49-7.el6_9.1
acpid	1.0.10-3.el6
adaptx	0.9.13-8.1.el6
adaptx-doc	0.9.13-8.1.el6
adaptx-javadoc	0.9.13-8.1.el6
adcli	0.8.1-3.el6_10
aic94xx-firmware	30-2.el6
aide	0.14-11.el6
akonadi	1.2.1-3.el6
akonadi-devel	1.2.1-3.el6
alacarte	0.12.4-1.el6
alsa-lib	1.1.0-4.el6
alsa-lib-devel	1.1.0-4.el6
alsa-plugins-arcamav	1.1.0-1.el6
alsa-plugins-maemo	1.1.0-1.el6
alsa-plugins-oss	1.1.0-1.el6
alsa-plugins-pulseaudio	1.1.0-1.el6
alsa-plugins-samplerate	1.1.0-1.el6
alsa-plugins-speex	1.1.0-1.el6
alsa-plugins-upmix	1.1.0-1.el6
alsa-plugins-usbstream	1.1.0-1.el6
alsa-plugins-vdownmix	1.1.0-1.el6
alsa-utils	1.1.0-10.el6
amanda	2.6.1p2-9.el6_6
amanda-client	2.6.1p2-9.el6_6
amanda-devel	2.6.1p2-9.el6_6
amanda-server	2.6.1p2-9.el6_6
amtu	1.0.8-11.el6
anaconda	13.21.263-1.el6.centos
anaconda-yum-plugins	1.0-5.1.el6
ant	1.7.1-15.el6
ant-antlr	1.7.1-15.el6
ant-apache-bcel	1.7.1-15.el6
ant-apache-bsf	1.7.1-15.el6
ant-apache-log4j	1.7.1-15.el6
ant-apache-oro	1.7.1-15.el6
ant-apache-regexp	1.7.1-15.el6
ant-apache-resolver	1.7.1-15.el6
ant-commons-logging	1.7.1-15.el6
ant-commons-net	1.7.1-15.el6
ant-contrib	1.0-0.10.b2.el6
ant-contrib-javadoc	1.0-0.10.b2.el6
ant-javadoc	1.7.1-15.el6
ant-javamail	1.7.1-15.el6
ant-jdepend	1.7.1-15.el6
ant-jmf	1.7.1-15.el6
ant-jsch	1.7.1-15.el6
ant-junit	1.7.1-15.el6
ant-manual	1.7.1-15.el6
ant-nodeps	1.7.1-15.el6
ant-scripts	1.7.1-15.el6
ant-swing	1.7.1-15.el6
ant-trax	1.7.1-15.el6
anthy	9100h-10.1.el6
anthy-devel	9100h-10.1.el6
antlr	2.7.7-6.5.el6
antlr-javadoc	2.7.7-6.5.el6
antlr-manual	2.7.7-6.5.el6
apache-jasper	5.5.28-5.el6
apache-jasper-javadoc	5.5.28-5.el6
apache-tomcat-apis	0.1-1.el6
apr	1.3.9-5.el6_9.1
apr-devel	1.3.9-5.el6_9.1
apr-util	1.3.9-3.el6_0.1
apr-util-devel	1.3.9-3.el6_0.1
apr-util-ldap	1.3.9-3.el6_0.1
apr-util-mysql	1.3.9-3.el6_0.1
apr-util-odbc	1.3.9-3.el6_0.1
apr-util-pgsql	1.3.9-3.el6_0.1
apr-util-sqlite	1.3.9-3.el6_0.1
arptables_jf	0.0.8-23.el6
arpwatch	2.1a15-16.el6
arts	1.5.10-10.el6
arts-devel	1.5.10-10.el6
asciidoc	8.4.5-4.1.el6
aspell	0.60.6-12.el6
aspell-devel	0.60.6-12.el6
at	3.1.10-49.el6
at-spi	1.28.1-2.el6.centos
at-spi-devel	1.28.1-2.el6.centos
at-spi-python	1.28.1-2.el6.centos
atk	1.30.0-1.el6
atk-devel	1.30.0-1.el6
atlas	3.8.4-2.el6
atlas-3dnow	3.8.4-2.el6
atlas-3dnow-devel	3.8.4-2.el6
atlas-devel	3.8.4-2.el6
atlas-sse	3.8.4-2.el6
atlas-sse-devel	3.8.4-2.el6
atlas-sse2	3.8.4-2.el6
atlas-sse2-devel	3.8.4-2.el6
atlas-sse3	3.8.4-2.el6
atlas-sse3-devel	3.8.4-2.el6
atmel-firmware	1.3-7.el6
attr	2.4.44-7.el6
audiofile	0.2.6-11.1.el6
audiofile-devel	0.2.6-11.1.el6
audispd-plugins	2.4.5-6.el6
audit	2.4.5-6.el6
audit-libs	2.4.5-6.el6
audit-libs-devel	2.4.5-6.el6
audit-libs-python	2.4.5-6.el6
audit-libs-static	2.4.5-6.el6
audit-viewer	0.5.1-3.el6
augeas	1.0.0-10.el6
augeas-devel	1.0.0-10.el6
augeas-libs	1.0.0-10.el6
authconfig	6.1.12-23.el6
authconfig-gtk	6.1.12-23.el6
authd	1.4.3-31.el6_4
autoconf	2.63-5.1.el6
autoconf213	2.13-20.1.el6
autocorr-af	4.3.7.2-2.el6_9.2
autocorr-bg	4.3.7.2-2.el6_9.2
autocorr-ca	4.3.7.2-2.el6_9.2
autocorr-cs	4.3.7.2-2.el6_9.2
autocorr-da	4.3.7.2-2.el6_9.2
autocorr-de	4.3.7.2-2.el6_9.2
autocorr-en	4.3.7.2-2.el6_9.2
autocorr-es	4.3.7.2-2.el6_9.2
autocorr-fa	4.3.7.2-2.el6_9.2
autocorr-fi	4.3.7.2-2.el6_9.2
autocorr-fr	4.3.7.2-2.el6_9.2
autocorr-ga	4.3.7.2-2.el6_9.2
autocorr-hr	4.3.7.2-2.el6_9.2
autocorr-hu	4.3.7.2-2.el6_9.2
autocorr-is	4.3.7.2-2.el6_9.2
autocorr-it	4.3.7.2-2.el6_9.2
autocorr-ja	4.3.7.2-2.el6_9.2
autocorr-ko	4.3.7.2-2.el6_9.2
autocorr-lb	4.3.7.2-2.el6_9.2
autocorr-lt	4.3.7.2-2.el6_9.2
autocorr-mn	4.3.7.2-2.el6_9.2
autocorr-nl	4.3.7.2-2.el6_9.2
autocorr-pl	4.3.7.2-2.el6_9.2
autocorr-pt	4.3.7.2-2.el6_9.2
autocorr-ro	4.3.7.2-2.el6_9.2
autocorr-ru	4.3.7.2-2.el6_9.2
autocorr-sk	4.3.7.2-2.el6_9.2
autocorr-sl	4.3.7.2-2.el6_9.2
autocorr-sr	4.3.7.2-2.el6_9.2
autocorr-sv	4.3.7.2-2.el6_9.2
autocorr-tr	4.3.7.2-2.el6_9.2
autocorr-vi	4.3.7.2-2.el6_9.2
autocorr-zh	4.3.7.2-2.el6_9.2
autofs	5.0.5-140.el6_10.1
automake	1.11.1-4.el6
automake14	1.4p6-19.2.el6
automake15	1.5-27.el6.1
automake16	1.6.3-18.el6.1
automoc	1.0-0.14.rc3.el6
autotrace	0.31.1-28.el6
autotrace-devel	0.31.1-28.el6
avahi	0.6.25-17.el6
avahi-autoipd	0.6.25-17.el6
avahi-compat-howl	0.6.25-17.el6
avahi-compat-howl-devel	0.6.25-17.el6
avahi-compat-libdns_sd	0.6.25-17.el6
avahi-compat-libdns_sd-devel	0.6.25-17.el6
avahi-devel	0.6.25-17.el6
avahi-dnsconfd	0.6.25-17.el6
avahi-glib	0.6.25-17.el6
avahi-glib-devel	0.6.25-17.el6
avahi-gobject	0.6.25-17.el6
avahi-gobject-devel	0.6.25-17.el6
avahi-libs	0.6.25-17.el6
avahi-qt3	0.6.25-17.el6
avahi-qt3-devel	0.6.25-17.el6
avahi-qt4	0.6.25-17.el6
avahi-qt4-devel	0.6.25-17.el6
avahi-tools	0.6.25-17.el6
avahi-ui	0.6.25-17.el6
avahi-ui-devel	0.6.25-17.el6
avahi-ui-tools	0.6.25-17.el6
avalon-framework	4.1.4-7.el6
avalon-framework-javadoc	4.1.4-7.el6
avalon-framework-manual	4.1.4-7.el6
avalon-logkit	1.2-8.2.el6
avalon-logkit-javadoc	1.2-8.2.el6
axis	1.2.1-7.5.el6_5
axis-javadoc	1.2.1-7.5.el6_5
axis-manual	1.2.1-7.5.el6_5
b43-fwcutter	012-2.2.el6
b43-openfwwf	5.2-10.el6
b43-tools	0-0.4.git20090125.1.el6
babel	0.9.4-5.1.el6
babl	0.1.2-4.el6
babl-devel	0.1.2-4.el6
babl-devel-docs	0.1.2-4.el6
bacula-client	5.0.0-13.el6
bacula-common	5.0.0-13.el6
bacula-console	5.0.0-13.el6
bacula-console-bat	5.0.0-13.el6
bacula-director-common	5.0.0-13.el6
bacula-director-mysql	5.0.0-13.el6
bacula-director-postgresql	5.0.0-13.el6
bacula-director-sqlite	5.0.0-13.el6
bacula-docs	5.0.0-13.el6
bacula-storage-common	5.0.0-13.el6
bacula-storage-mysql	5.0.0-13.el6
bacula-storage-postgresql	5.0.0-13.el6
bacula-storage-sqlite	5.0.0-13.el6
bacula-traymonitor	5.0.0-13.el6
baekmuk-ttf-batang-fonts	2.2-28.el6
baekmuk-ttf-dotum-fonts	2.2-28.el6
baekmuk-ttf-fonts-common	2.2-28.el6
baekmuk-ttf-fonts-ghostscript	2.2-28.el6
baekmuk-ttf-gulim-fonts	2.2-28.el6
baekmuk-ttf-hline-fonts	2.2-28.el6
basesystem	10.0-4.el6
bash	4.1.2-48.el6
bash-doc	4.1.2-48.el6
batik	1.7-10.el6
batik-demo	1.7-10.el6
batik-javadoc	1.7-10.el6
batik-rasterizer	1.7-10.el6
batik-slideshow	1.7-10.el6
batik-squiggle	1.7-10.el6
batik-svgpp	1.7-10.el6
batik-ttf2svg	1.7-10.el6
bc	1.06.95-1.el6
bcel	5.2-7.2.el6
bcel-javadoc	5.2-7.2.el6
bcel-manual	5.2-7.2.el6
bdftruncate	7.2-11.el6
bea-stax	1.2.0-0.5.rc1.2.el6
bea-stax-api	1.2.0-0.5.rc1.2.el6
bea-stax-javadoc	1.2.0-0.5.rc1.2.el6
bfa-firmware	3.2.23.0-2.el6
bind	9.8.2-0.68.rc1.el6_10.8
bind-chroot	9.8.2-0.68.rc1.el6_10.8
bind-devel	9.8.2-0.68.rc1.el6_10.8
bind-dyndb-ldap	2.3-8.el6
bind-libs	9.8.2-0.68.rc1.el6_10.8
bind-sdb	9.8.2-0.68.rc1.el6_10.8
bind-utils	9.8.2-0.68.rc1.el6_10.8
binutils	2.20.51.0.2-5.48.el6_10.1
binutils-devel	2.20.51.0.2-5.48.el6_10.1
biosdevname	0.7.2-1.el6
bison	2.4.1-5.el6
bison-devel	2.4.1-5.el6
bison-runtime	2.4.1-5.el6
bitmap-console-fonts	0.3-15.el6
bitmap-fangsongti-fonts	0.3-15.el6
bitmap-fixed-fonts	0.3-15.el6
bitmap-fonts-compat	0.3-15.el6
bitmap-lucida-typewriter-fonts	0.3-15.el6
bitmap-miscfixed-fonts	0.3-15.el6
blas	3.2.1-5.el6
blas-devel	3.2.1-5.el6
blktrace	1.0.1-7.el6
bltk	1.0.9-16.el6
bluez	4.66-2.el6_9
bluez-alsa	4.66-2.el6_9
bluez-compat	4.66-2.el6_9
bluez-cups	4.66-2.el6_9
bluez-gstreamer	4.66-2.el6_9
bluez-libs	4.66-2.el6_9
bluez-libs-devel	4.66-2.el6_9
boost	1.41.0-28.el6
boost-date-time	1.41.0-28.el6
boost-devel	1.41.0-28.el6
boost-doc	1.41.0-28.el6
boost-filesystem	1.41.0-28.el6
boost-graph	1.41.0-28.el6
boost-graph-mpich	1.41.0-28.el6
boost-graph-openmpi	1.41.0-28.el6
boost-iostreams	1.41.0-28.el6
boost-math	1.41.0-28.el6
boost-mpich	1.41.0-28.el6
boost-mpich-devel	1.41.0-28.el6
boost-mpich-python	1.41.0-28.el6
boost-openmpi	1.41.0-28.el6
boost-openmpi-devel	1.41.0-28.el6
boost-openmpi-python	1.41.0-28.el6
boost-program-options	1.41.0-28.el6
boost-python	1.41.0-28.el6
boost-regex	1.41.0-28.el6
boost-serialization	1.41.0-28.el6
boost-signals	1.41.0-28.el6
boost-static	1.41.0-28.el6
boost-system	1.41.0-28.el6
boost-test	1.41.0-28.el6
boost-thread	1.41.0-28.el6
boost-wave	1.41.0-28.el6
bpg-algeti-fonts	2.005-6.1.el6
bpg-chveulebrivi-fonts	3.002-6.1.el6
bpg-courier-fonts	4.002-6.1.el6
bpg-courier-s-fonts	4.000-6.1.el6
bpg-elite-fonts	3.000-6.1.el6
bpg-fonts-common	20090205-6.1.el6
bpg-glaho-fonts	9.000-6.1.el6
bpg-ingiri-fonts	4.000-6.1.el6
bpg-nino-medium-cond-fonts	4.005-6.1.el6
bpg-nino-medium-fonts	4.005-6.1.el6
bpg-sans-fonts	1.005-6.1.el6
bpg-sans-medium-fonts	1.005-6.1.el6
bpg-sans-modern-fonts	2.025-6.1.el6
bpg-sans-regular-fonts	1.005-6.1.el6
bpg-serif-fonts	1.005-6.1.el6
bpg-serif-modern-fonts	2.028-6.1.el6
brasero	2.30.3-3.el6
brasero-devel	2.30.3-3.el6
brasero-libs	2.30.3-3.el6
brasero-nautilus	2.30.3-3.el6
bridge-utils	1.2-10.el6
brlapi	0.5.4-7.el6
brlapi-devel	0.5.4-7.el6
brlapi-java	0.5.4-7.el6
brltty	4.1-7.el6
brltty-at-spi	4.1-7.el6
brltty-xw	4.1-7.el6
bsf	2.4.0-4.1.el6
bsf-javadoc	2.4.0-4.1.el6
bsh	1.3.0-15.5.el6
bsh-demo	1.3.0-15.5.el6
bsh-desktop	1.3.0-15.5.el6
bsh-javadoc	1.3.0-15.5.el6
bsh-manual	1.3.0-15.5.el6
btparser	0.17-2.el6
btparser-devel	0.17-2.el6
btparser-python	0.17-2.el6
btrfs-progs	0.20-0.2.git91d9eec.el6
busybox	1.15.1-21.el6_6
busybox-petitboot	1.15.1-21.el6_6
bwidget	1.8.0-5.1.el6
byacc	1.9.20070509-7.el6
byaccj	1.14-5.1.el6
byzanz	0.2.3-3.el6
bzip2	1.0.5-7.el6_0
bzip2-devel	1.0.5-7.el6_0
bzip2-libs	1.0.5-7.el6_0
bzr	2.1.1-2.el6
bzr-doc	2.1.1-2.el6
c-ares	1.10.0-3.el6
c-ares-devel	1.10.0-3.el6
c2050	0.3b-3.1.el6
c2070	0.99-7.el6
ca-certificates	2020.2.41-65.1.el6_10
cachefilesd	0.10.2-3.el6
cairo	1.8.8-6.el6_6
cairo-devel	1.8.8-6.el6_6
cairomm	1.8.0-2.1.el6
cairomm-devel	1.8.0-2.1.el6
cas	0.15-1.el6.1
castor	0.9.5-5.3.el6
castor-demo	0.9.5-5.3.el6
castor-doc	0.9.5-5.3.el6
castor-javadoc	0.9.5-5.3.el6
castor-test	0.9.5-5.3.el6
castor-xml	0.9.5-5.3.el6
ccid	1.3.9-11.el6
ccs	0.16.2-87.el6
cdparanoia	10.2-5.1.el6
cdparanoia-devel	10.2-5.1.el6
cdparanoia-libs	10.2-5.1.el6
cdrdao	1.2.3-4.el6
cdrskin	0.7.0-2.el6
celt051	0.5.1.3-0.el6
celt051-devel	0.5.1.3-0.el6
centos-indexhtml	6-2.el6.centos
centos-release	6-10.el6.centos.12.3
certmonger	0.77.5-4.el6
cgdcbxd	1.0.1-2.el6
check	0.9.8-1.1.el6
check-devel	0.9.8-1.1.el6
check-static	0.9.8-1.1.el6
checkpolicy	2.0.22-1.el6
cheese	2.28.1-8.el6
chkconfig	1.3.49.5-1.el6
chrony	2.1.1-2.el6_8
chrpath	0.13-7.el6
cifs-utils	4.8.1-20.el6
cim-schema	2.33.0-1.el6
cim-schema-docs	2.33.0-1.el6
cjet	0.8.9-9.1.el6
cjkuni-fonts-common	0.2.20080216.1-36.el6
cjkuni-fonts-ghostscript	0.2.20080216.1-36.el6
cjkuni-ukai-fonts	0.2.20080216.1-36.el6
cjkuni-uming-fonts	0.2.20080216.1-36.el6
classpathx-jaf	1.0-15.4.el6
classpathx-jaf-javadoc	1.0-15.4.el6
classpathx-mail	1.1.1-9.4.el6
classpathx-mail-javadoc	1.1.1-9.4.el6
cloog-ppl	0.15.7-1.2.el6
cloog-ppl-devel	0.15.7-1.2.el6
cloud-init	0.7.5-8.el6.centos.2
clucene-core	0.9.21b-1.el6
clucene-core-devel	0.9.21b-1.el6
clufter-bin	0.77.1-1.el6
clufter-cli	0.77.1-1.el6
clufter-common	0.77.1-1.el6
clufter-lib-ccs	0.77.1-1.el6
clufter-lib-general	0.77.1-1.el6
clufter-lib-pcs	0.77.1-1.el6
cluster-cim	0.16.2-35.el6
cluster-glue	1.0.5-6.el6
cluster-glue-libs	1.0.5-6.el6
cluster-glue-libs-devel	1.0.5-6.el6
cluster-snmp	0.16.2-35.el6
clusterlib	3.0.12.1-84.el6_10.1
clusterlib-devel	3.0.12.1-84.el6_10.1
clutter	1.0.6-3.el6
clutter-devel	1.0.6-3.el6
clutter-doc	1.0.6-3.el6
clutter-gtk	0.10.2-2.el6
clutter-gtk-devel	0.10.2-2.el6
cmake	2.8.12.2-4.el6
cmake-gui	2.8.12.2-4.el6
cman	3.0.12.1-84.el6_10.1
cmirror	2.02.143-12.el6_9.1
compat-dapl	1.2.19-2.el6
compat-dapl-devel	1.2.19-2.el6
compat-dapl-static	1.2.19-2.el6
compat-dapl-utils	1.2.19-2.el6
compat-db	4.6.21-17.el6
compat-db42	4.2.52-17.el6
compat-db43	4.3.29-17.el6
compat-expat1	1.95.8-8.el6
compat-gcc-34	3.4.6-19.el6
compat-gcc-34-c++	3.4.6-19.el6
compat-gcc-34-g77	3.4.6-19.el6
compat-glibc	2.5-46.2
compat-glibc-headers	2.5-46.2
compat-libcap1	1.10-1
compat-libf2c-34	3.4.6-19.el6
compat-libgfortran-41	4.1.2-39.el6
compat-libstdc++-296	2.96-144.el6
compat-libstdc++-33	3.2.3-69.el6
compat-libtermcap	2.0.8-49.el6
compat-libxcb	1.9-0.1.el6
compat-openldap	2.3.43-2.el6
compat-opensm-libs	3.3.5-3.el6
compat-readline5	5.2-17.1.el6
compat-readline5-devel	5.2-17.1.el6
compat-readline5-static	5.2-17.1.el6
compat-xcb-util	0.4.0-2.2.el6
compiz	0.8.2-24.el6
compiz-devel	0.8.2-24.el6
compiz-gnome	0.8.2-24.el6
comps-extras	17.8-1.el6
conman	0.2.7-3.el6
control-center	2.28.1-41.el6
control-center-devel	2.28.1-41.el6
control-center-extra	2.28.1-41.el6
control-center-filesystem	2.28.1-41.el6
convmv	1.15-2.el6
coolkey	1.1.0-40.el6
coolkey-devel	1.1.0-40.el6
copy-jdk-configs	3.3-9.el6
coreutils	8.4-47.el6
coreutils-libs	8.4-47.el6
corosync	1.4.7-6.el6
corosynclib	1.4.7-6.el6
corosynclib-devel	1.4.7-6.el6
cpio	2.10-13.el6
cpp	4.4.7-23.el6
cppunit	1.12.1-3.1.el6
cppunit-devel	1.12.1-3.1.el6
cppunit-doc	1.12.1-3.1.el6
cpufrequtils	007-8.el6
cpufrequtils-devel	007-8.el6
cpuid	20160814-1.el6
cpupowerutils	1.3-2.el6
cpupowerutils-devel	1.3-2.el6
cpuspeed	1.5-22.el6
cracklib	2.8.16-4.el6
cracklib-devel	2.8.16-4.el6
cracklib-dicts	2.8.16-4.el6
cracklib-python	2.8.16-4.el6
crash	7.1.0-8.el6
crash-devel	7.1.0-8.el6
crash-gcore-command	1.0-5.el6
crash-trace-command	1.0-5.el6
crda	3.13_2015.10.22-3.el6
crda-devel	3.13_2015.10.22-3.el6
createrepo	0.9.9-28.el6
cronie	1.4.4-16.el6_8.2
cronie-anacron	1.4.4-16.el6_8.2
cronie-noanacron	1.4.4-16.el6_8.2
crontabs	1.10-33.el6
crypto-utils	2.4.1-24.3.el6
cryptsetup-luks	1.2.0-11.el6
cryptsetup-luks-devel	1.2.0-11.el6
cryptsetup-luks-libs	1.2.0-11.el6
cryptsetup-reencrypt	1.6.4-2.el6
cryptsetup-reencrypt-libs	1.6.4-2.el6
cscope	15.6-7.el6
ctags	5.8-2.el6
ctags-etags	5.8-2.el6
ctan-cm-lgc-fonts-common	0.5-17.1.el6
ctan-cm-lgc-roman-fonts	0.5-17.1.el6
ctan-cm-lgc-sans-fonts	0.5-17.1.el6
ctan-cm-lgc-typewriter-fonts	0.5-17.1.el6
ctan-kerkis-calligraphic-fonts	2.0-23.el6
ctan-kerkis-fonts-common	2.0-23.el6
ctan-kerkis-sans-fonts	2.0-23.el6
ctan-kerkis-serif-fonts	2.0-23.el6
ctapi-common	1.1-6.1.el6
ctdb	2.5.1-2.el6
ctdb-devel	2.5.1-2.el6
ctdb-tests	2.5.1-2.el6
culmus-aharoni-clm-fonts	0.103-7.el6
culmus-caladings-clm-fonts	0.103-7.el6
culmus-david-clm-fonts	0.103-7.el6
culmus-drugulin-clm-fonts	0.103-7.el6
culmus-ellinia-clm-fonts	0.103-7.el6
culmus-fonts-common	0.103-7.el6
culmus-fonts-compat	0.103-7.el6
culmus-frank-ruehl-clm-fonts	0.103-7.el6
culmus-miriam-clm-fonts	0.103-7.el6
culmus-miriam-mono-clm-fonts	0.103-7.el6
culmus-nachlieli-clm-fonts	0.103-7.el6
culmus-yehuda-clm-fonts	0.103-7.el6
cups	1.4.2-81.el6_10
cups-devel	1.4.2-81.el6_10
cups-libs	1.4.2-81.el6_10
cups-lpd	1.4.2-81.el6_10
cups-php	1.4.2-81.el6_10
cups-pk-helper	0.0.4-13.el6
curl	7.19.7-54.el6_10
cvs	1.11.23-16.el6
cvs-inetd	1.11.23-16.el6
cvsps	2.2-0.6.b1.el6
cyrus-imapd	2.3.16-15.el6
cyrus-imapd-devel	2.3.16-15.el6
cyrus-imapd-utils	2.3.16-15.el6
cyrus-sasl	2.1.23-15.el6_6.2
cyrus-sasl-devel	2.1.23-15.el6_6.2
cyrus-sasl-gssapi	2.1.23-15.el6_6.2
cyrus-sasl-ldap	2.1.23-15.el6_6.2
cyrus-sasl-lib	2.1.23-15.el6_6.2
cyrus-sasl-md5	2.1.23-15.el6_6.2
cyrus-sasl-ntlm	2.1.23-15.el6_6.2
cyrus-sasl-plain	2.1.23-15.el6_6.2
cyrus-sasl-sql	2.1.23-15.el6_6.2
dapl	2.0.34-2.el6
dapl-devel	2.0.34-2.el6
dapl-static	2.0.34-2.el6
dapl-utils	2.0.34-2.el6
dash	0.5.5.1-4.el6
db4	4.7.25-22.el6
db4-cxx	4.7.25-22.el6
db4-devel	4.7.25-22.el6
db4-devel-static	4.7.25-22.el6
db4-java	4.7.25-22.el6
db4-tcl	4.7.25-22.el6
db4-utils	4.7.25-22.el6
dbus	1.2.24-11.el6_10
dbus-c++	0.5.0-0.10.20090203git13281b3.1.el6
dbus-c++-devel	0.5.0-0.10.20090203git13281b3.1.el6
dbus-devel	1.2.24-11.el6_10
dbus-doc	1.2.24-11.el6_10
dbus-glib	0.86-6.el6
dbus-glib-devel	0.86-6.el6
dbus-libs	1.2.24-11.el6_10
dbus-python	0.83.0-6.1.el6
dbus-python-devel	0.83.0-6.1.el6
dbus-qt	0.70-7.2.el6
dbus-qt-devel	0.70-7.2.el6
dbus-x11	1.2.24-11.el6_10
dcraw	8.96-1.1.el6
debugmode	9.03.61-1.el6.centos
dejagnu	1.4.4-17.el6
dejavu-fonts-common	2.33-1.el6
dejavu-lgc-sans-fonts	2.33-1.el6
dejavu-lgc-sans-mono-fonts	2.33-1.el6
dejavu-lgc-serif-fonts	2.33-1.el6
dejavu-sans-fonts	2.33-1.el6
dejavu-sans-mono-fonts	2.33-1.el6
dejavu-serif-fonts	2.33-1.el6
deltaiso	3.5-0.5.20090913git.el6
deltarpm	3.5-0.5.20090913git.el6
desktop-effects	0.8.4-7.el6
desktop-file-utils	0.15-9.el6
dev86	0.16.17-15.1.el6
devhelp	2.28.1-6.el6
devhelp-devel	2.28.1-6.el6
device-mapper	1.02.117-12.el6_9.1
device-mapper-devel	1.02.117-12.el6_9.1
device-mapper-event	1.02.117-12.el6_9.1
device-mapper-event-devel	1.02.117-12.el6_9.1
device-mapper-event-libs	1.02.117-12.el6_9.1
device-mapper-libs	1.02.117-12.el6_9.1
device-mapper-multipath	0.4.9-106.el6_10.1
device-mapper-multipath-libs	0.4.9-106.el6_10.1
device-mapper-persistent-data	0.6.2-0.2.rc7.el6
dhclient	4.1.1-63.P1.el6.centos
dhcp	4.1.1-63.P1.el6.centos
dhcp-common	4.1.1-63.P1.el6.centos
dhcp-devel	4.1.1-63.P1.el6.centos
dialog	1.1-10.20080819.el6
dialog-devel	1.1-10.20080819.el6
diffstat	1.51-2.el6
diffutils	2.8.1-28.el6
dirmngr	1.0.3-4.el6
dirsplit	1.1.9-12.el6
dmidecode	2.12-7.el6
dmraid	1.0.0.rc16-11.el6
dmraid-devel	1.0.0.rc16-11.el6
dmraid-events	1.0.0.rc16-11.el6
dmraid-events-logwatch	1.0.0.rc16-11.el6
dmz-cursor-themes	0.4-4.el6
dnsmasq	2.48-18.el6_9
dnsmasq-utils	2.48-18.el6_9
docbook-dtds	1.0-51.el6
docbook-simple	1.1-8.el6
docbook-slides	3.4.0-9.el6
docbook-style-dsssl	1.79-10.el6
docbook-style-xsl	1.75.2-6.el6
docbook-utils	0.6.14-25.el6
docbook-utils-pdf	0.6.14-25.el6
docbook5-schemas	5.0-4.1.el6
docbook5-style-xsl	1.75.2-4.el6
dos2unix	3.1-37.el6
dosfstools	3.0.9-4.el6
dovecot	2.0.9-22.el6_10.1
dovecot-devel	2.0.9-22.el6_10.1
dovecot-mysql	2.0.9-22.el6_10.1
dovecot-pgsql	2.0.9-22.el6_10.1
dovecot-pigeonhole	2.0.9-22.el6_10.1
doxygen	1.6.1-6.el6
doxygen-doxywizard	1.6.1-6.el6
dracut	004-411.el6
dracut-caps	004-411.el6
dracut-fips	004-411.el6
dracut-fips-aesni	004-411.el6
dracut-generic	004-411.el6
dracut-kernel	004-411.el6
dracut-network	004-411.el6
dracut-tools	004-411.el6
dropwatch	1.3-1.el6
drpmsync	3.5-0.5.20090913git.el6
dstat	0.7.0-3.el6_9.1
dtach	0.8-4.el6
dump	0.4-0.6.b42.el6
dumpet	1.1-1.1.el6
dvd+rw-tools	7.1-7.el6
dvgrab	3.4-3.1.el6
dvipdfm	0.13.2d-41.1.el6
dvipdfmx	0-0.31.20090708cvs.el6
dvipng	1.11-3.2.el6
e2fsprogs	1.41.12-24.el6
e2fsprogs-devel	1.41.12-24.el6
e2fsprogs-libs	1.41.12-24.el6
ebtables	2.0.9-6.el6
ecj	4.5.2-3.el6
eclipse-birt	2.6.0-1.1.el6
eclipse-callgraph	0.6.1-1.el6
eclipse-cdt	7.0.1-4.el6
eclipse-cdt-parsers	7.0.1-4.el6
eclipse-cdt-sdk	7.0.1-4.el6
eclipse-changelog	2.7.0-1.el6
eclipse-dtp	1.8.1-1.1.el6
eclipse-emf	2.6.0-1.el6
eclipse-emf-examples	2.6.0-1.el6
eclipse-emf-sdk	2.6.0-1.el6
eclipse-emf-xsd	2.6.0-1.el6
eclipse-emf-xsd-sdk	2.6.0-1.el6
eclipse-gef	3.6.1-3.el6
eclipse-gef-examples	3.6.1-3.el6
eclipse-gef-sdk	3.6.1-3.el6
eclipse-jdt	3.6.1-6.13.el6
eclipse-linuxprofilingframework	0.6.1-1.el6
eclipse-mylyn	3.4.2-9.el6
eclipse-mylyn-cdt	3.4.2-9.el6
eclipse-mylyn-java	3.4.2-9.el6
eclipse-mylyn-pde	3.4.2-9.el6
eclipse-mylyn-trac	3.4.2-9.el6
eclipse-mylyn-webtasks	3.4.2-9.el6
eclipse-mylyn-wikitext	3.4.2-9.el6
eclipse-nls	3.6.0.v20120721114722-2.el6
eclipse-nls-ar	3.6.0.v20120721114722-2.el6
eclipse-nls-bg	3.6.0.v20120721114722-2.el6
eclipse-nls-ca	3.6.0.v20120721114722-2.el6
eclipse-nls-cs	3.6.0.v20120721114722-2.el6
eclipse-nls-da	3.6.0.v20120721114722-2.el6
eclipse-nls-de	3.6.0.v20120721114722-2.el6
eclipse-nls-el	3.6.0.v20120721114722-2.el6
eclipse-nls-en_AA	3.6.0.v20120721114722-2.el6
eclipse-nls-en_AU	3.6.0.v20120721114722-2.el6
eclipse-nls-en_CA	3.6.0.v20120721114722-2.el6
eclipse-nls-es	3.6.0.v20120721114722-2.el6
eclipse-nls-et	3.6.0.v20120721114722-2.el6
eclipse-nls-fa	3.6.0.v20120721114722-2.el6
eclipse-nls-fi	3.6.0.v20120721114722-2.el6
eclipse-nls-fr	3.6.0.v20120721114722-2.el6
eclipse-nls-he	3.6.0.v20120721114722-2.el6
eclipse-nls-hi	3.6.0.v20120721114722-2.el6
eclipse-nls-hu	3.6.0.v20120721114722-2.el6
eclipse-nls-id	3.6.0.v20120721114722-2.el6
eclipse-nls-it	3.6.0.v20120721114722-2.el6
eclipse-nls-ja	3.6.0.v20120721114722-2.el6
eclipse-nls-ko	3.6.0.v20120721114722-2.el6
eclipse-nls-ku	3.6.0.v20120721114722-2.el6
eclipse-nls-mn	3.6.0.v20120721114722-2.el6
eclipse-nls-nl	3.6.0.v20120721114722-2.el6
eclipse-nls-no	3.6.0.v20120721114722-2.el6
eclipse-nls-pl	3.6.0.v20120721114722-2.el6
eclipse-nls-pt	3.6.0.v20120721114722-2.el6
eclipse-nls-pt_BR	3.6.0.v20120721114722-2.el6
eclipse-nls-ro	3.6.0.v20120721114722-2.el6
eclipse-nls-ru	3.6.0.v20120721114722-2.el6
eclipse-nls-sk	3.6.0.v20120721114722-2.el6
eclipse-nls-sl	3.6.0.v20120721114722-2.el6
eclipse-nls-sq	3.6.0.v20120721114722-2.el6
eclipse-nls-sr	3.6.0.v20120721114722-2.el6
eclipse-nls-sv	3.6.0.v20120721114722-2.el6
eclipse-nls-tr	3.6.0.v20120721114722-2.el6
eclipse-nls-uk	3.6.0.v20120721114722-2.el6
eclipse-nls-zh	3.6.0.v20120721114722-2.el6
eclipse-nls-zh_TW	3.6.0.v20120721114722-2.el6
eclipse-oprofile	0.6.1-1.el6
eclipse-pde	3.6.1-6.13.el6
eclipse-platform	3.6.1-6.13.el6
eclipse-rcp	3.6.1-6.13.el6
eclipse-rpm-editor	0.5.0-2.el6
eclipse-rse	3.2-1.el6
eclipse-subclipse	1.6.5-6.el6
eclipse-subclipse-graph	1.6.5-6.el6
eclipse-svnkit	1.3.0-3.el6
eclipse-swt	3.6.1-6.13.el6
eclipse-valgrind	0.6.1-1.el6
ecryptfs-utils	82-6.el6_1.3
ecryptfs-utils-devel	82-6.el6_1.3
ecryptfs-utils-python	82-6.el6_1.3
ed	1.1-3.3.el6
edac-utils	0.9-16.el6
edac-utils-devel	0.9-16.el6
efax	0.9a-8.el6
efibootmgr	0.5.4-15.el6
eggdbus	0.6-3.el6
eggdbus-devel	0.6-3.el6
eject	2.1.5-17.el6
ekiga	3.2.6-4.el6
elfutils	0.164-2.el6
elfutils-devel	0.164-2.el6
elfutils-devel-static	0.164-2.el6
elfutils-libelf	0.164-2.el6
elfutils-libelf-devel	0.164-2.el6
elfutils-libelf-devel-static	0.164-2.el6
elfutils-libs	0.164-2.el6
elinks	0.12-0.21.pre5.el6_3
emacs	23.1-28.el6
emacs-a2ps	4.14-13.el6
emacs-a2ps-el	4.14-13.el6
emacs-anthy	9100h-10.1.el6
emacs-anthy-el	9100h-10.1.el6
emacs-auctex	11.85-10.el6
emacs-auctex-doc	11.85-10.el6
emacs-auctex-el	11.85-10.el6
emacs-common	23.1-28.el6
emacs-el	23.1-28.el6
emacs-git	1.7.1-10.el6_10
emacs-git-el	1.7.1-10.el6_10
emacs-gnuplot	4.2.6-2.el6
emacs-gnuplot-el	4.2.6-2.el6
emacs-mercurial	1.4-5.el6_9
emacs-mercurial-el	1.4-5.el6_9
emacs-nox	23.1-28.el6
emacs-pyrex	0.9.8.4-4.1.el6
enchant	1.5.0-5.el6
enchant-aspell	1.5.0-5.el6
enchant-devel	1.5.0-5.el6
enchant-voikko	1.5.0-5.el6
enscript	1.6.4-15.el6
environment-modules	3.2.10-3.el6
eog	2.28.2-4.el6
eog-devel	2.28.2-4.el6
epydoc	3.0.1-6.el6
esc	1.1.0-28.el6.centos
esound-devel	0.2.41-3.1.el6
esound-libs	0.2.41-3.1.el6
esound-tools	0.2.41-3.1.el6
espeak	1.40.02-4.el6_3
espeak-devel	1.40.02-4.el6_3
ethtool	3.5-6.el6
evince	2.28.2-20.el6
evince-devel	2.28.2-20.el6
evince-dvi	2.28.2-20.el6
evince-libs	2.28.2-20.el6
evolution	2.32.3-37.el6
evolution-data-server	2.32.3-25.el6
evolution-data-server-devel	2.32.3-25.el6
evolution-data-server-doc	2.32.3-25.el6
evolution-devel	2.32.3-37.el6
evolution-devel-docs	2.32.3-37.el6
evolution-exchange	2.32.3-19.el6
evolution-help	2.32.3-37.el6
evolution-mapi	0.32.2-13.el6
evolution-mapi-devel	0.32.2-13.el6
evolution-perl	2.32.3-37.el6
evolution-pst	2.32.3-37.el6
evolution-spamassassin	2.32.3-37.el6
exempi	2.1.0-5.el6
exempi-devel	2.1.0-5.el6
exiv2	0.18.2-2.1.el6
exiv2-devel	0.18.2-2.1.el6
exiv2-libs	0.18.2-2.1.el6
expat	2.0.1-13.el6_8
expat-devel	2.0.1-13.el6_8
expect	5.44.1.15-5.el6_4
expect-devel	5.44.1.15-5.el6_4
expectk	5.44.1.15-5.el6_4
fakechroot	2.9-24.5.el6_1.1
fakechroot-libs	2.9-24.5.el6_1.1
fakeroot	1.12.2-22.2.el6
fakeroot-libs	1.12.2-22.2.el6
farsight2	0.0.16-1.1.el6
farsight2-devel	0.0.16-1.1.el6
farsight2-python	0.0.16-1.1.el6
fcoe-target-utils	2.0rc1.fb16-6.el6
fcoe-utils	1.0.28-6.el6
febootstrap	3.21-4.el6
febootstrap-supermin-helper	3.21-4.el6
fence-agents	4.0.15-13.el6_9.2
fence-sanlock	2.8-3.el6
fence-virt	0.2.3-24.el6
fence-virtd	0.2.3-24.el6
fence-virtd-checkpoint	0.2.3-24.el6
fence-virtd-libvirt	0.2.3-24.el6
fence-virtd-multicast	0.2.3-24.el6
fence-virtd-serial	0.2.3-24.el6
festival	1.96-18.el6
festival-devel	1.96-18.el6
festival-docs	1.4.2-18.el6
festival-lib	1.96-18.el6
festival-speechtools-devel	1.2.96-18.el6
festival-speechtools-libs	1.2.96-18.el6
festival-speechtools-utils	1.2.96-18.el6
festvox-awb-arctic-hts	0.20061229-18.el6
festvox-bdl-arctic-hts	0.20061229-18.el6
festvox-clb-arctic-hts	0.20061229-18.el6
festvox-jmk-arctic-hts	0.20061229-18.el6
festvox-kal-diphone	0.19990610-18.el6
festvox-ked-diphone	0.19990610-18.el6
festvox-rms-arctic-hts	0.20061229-18.el6
festvox-slt-arctic-hts	0.20061229-18.el6
fetchmail	6.3.17-1.el6
fftw	3.2.1-3.1.el6
fftw-devel	3.2.1-3.1.el6
fftw-static	3.2.1-3.1.el6
file	5.04-30.el6
file-devel	5.04-30.el6
file-libs	5.04-30.el6
file-roller	2.28.2-7.el6
file-static	5.04-30.el6
filesystem	2.4.30-3.el6
finch	2.7.9-28.el6
finch-devel	2.7.9-28.el6
findutils	4.4.2-9.el6
finger	0.17-40.el6
finger-server	0.17-40.el6
fipscheck	1.2.0-7.el6
fipscheck-devel	1.2.0-7.el6
fipscheck-lib	1.2.0-7.el6
firefox	78.5.0-1.el6.centos
firstaidkit	0.3.2-2.el6
firstaidkit-devel	0.3.2-2.el6
firstaidkit-engine	0.3.2-2.el6
firstaidkit-gui	0.3.2-2.el6
firstaidkit-plugin-all	0.3.2-2.el6
firstaidkit-plugin-freespace	0.3.2-2.el6
firstaidkit-plugin-key-recovery	0.3.2-2.el6
firstaidkit-plugin-mdadm-conf	0.3.2-2.el6
firstaidkit-plugin-openscap	0.3.2-2.el6
firstaidkit-plugin-passwd	0.3.2-2.el6
firstaidkit-plugin-xserver	0.3.2-2.el6
firstboot	1.110.15-4.el6
flac	1.2.1-7.el6_6
flac-devel	1.2.1-7.el6_6
flex	2.5.35-9.el6
flex-devel	2.5.35-9.el6
flightrecorder	0.91-5.el6
flute	1.3.0-3.OOo31.el6
flute-javadoc	1.3.0-3.OOo31.el6
foghorn	0.1.2-1.el6
fontconfig	2.8.0-5.el6
fontconfig-devel	2.8.0-5.el6
fontforge	20090622-3.1.el6
fontforge-devel	20090622-3.1.el6
fontpackages-devel	1.41-1.1.el6
fontpackages-filesystem	1.41-1.1.el6
fontpackages-tools	1.41-1.1.el6
foomatic	4.0.4-5.el6_7
foomatic-db	4.0-8.20091126.el6
foomatic-db-filesystem	4.0-8.20091126.el6
foomatic-db-ppds	4.0-8.20091126.el6
fop	0.95-4.4.el6
fop-javadoc	0.95-4.4.el6
fprintd	0.1-22.git04fd09cfa.el6
fprintd-devel	0.1-22.git04fd09cfa.el6
fprintd-pam	0.1-22.git04fd09cfa.el6
freeglut	2.6.0-1.el6
freeglut-devel	2.6.0-1.el6
freeipmi	1.2.1-10.el6
freeipmi-bmc-watchdog	1.2.1-10.el6
freeipmi-devel	1.2.1-10.el6
freeipmi-ipmidetectd	1.2.1-10.el6
freeradius	2.2.6-7.el6_9
freeradius-krb5	2.2.6-7.el6_9
freeradius-ldap	2.2.6-7.el6_9
freeradius-mysql	2.2.6-7.el6_9
freeradius-perl	2.2.6-7.el6_9
freeradius-postgresql	2.2.6-7.el6_9
freeradius-python	2.2.6-7.el6_9
freeradius-unixODBC	2.2.6-7.el6_9
freeradius-utils	2.2.6-7.el6_9
freerdp	1.0.2-7.el6_10
freerdp-devel	1.0.2-7.el6_10
freerdp-libs	1.0.2-7.el6_10
freerdp-plugins	1.0.2-7.el6_10
freetype	2.3.11-19.el6_10
freetype-demos	2.3.11-19.el6_10
freetype-devel	2.3.11-19.el6_10
ftp	0.17-54.el6
fuse	2.8.3-5.el6
fuse-devel	2.8.3-5.el6
fuse-libs	2.8.3-5.el6
gamin	0.1.10-9.el6
gamin-devel	0.1.10-9.el6
gamin-python	0.1.10-9.el6
gawk	3.1.7-10.el6_7.3
gc	7.1-12.el6_4
gc-devel	7.1-12.el6_4
gcalctool	5.28.2-5.el6
gcc	4.4.7-23.el6
gcc-c++	4.4.7-23.el6
gcc-gfortran	4.4.7-23.el6
gcc-gnat	4.4.7-23.el6
gcc-java	4.4.7-23.el6
gcc-objc	4.4.7-23.el6
gcc-objc++	4.4.7-23.el6
gcdmaster	1.2.3-4.el6
gconf-editor	2.28.0-3.el6
gconfmm26	2.28.0-1.el6
gconfmm26-devel	2.28.0-1.el6
gd	2.0.35-11.el6
gd-devel	2.0.35-11.el6
gd-progs	2.0.35-11.el6
gdb	7.2-92.el6
gdb-gdbserver	7.2-92.el6
gdbm	1.8.0-39.el6
gdbm-devel	1.8.0-39.el6
gdisk	0.8.10-1.el6
gdk-pixbuf2	2.24.1-6.el6_7
gdk-pixbuf2-devel	2.24.1-6.el6_7
gdm	2.30.4-69.el6
gdm-libs	2.30.4-69.el6
gdm-plugin-fingerprint	2.30.4-69.el6
gdm-plugin-smartcard	2.30.4-69.el6
gdm-user-switch-applet	2.30.4-69.el6
gedit	2.28.4-4.el6
gedit-devel	2.28.4-4.el6
gedit-plugins	2.28.0-2.el6
gegl	0.1.2-6.el6
gegl-devel	0.1.2-6.el6
genisoimage	1.1.9-12.el6
geoclue	0.11.1.1-0.13.20091026git73b6729.el6
geoclue-devel	0.11.1.1-0.13.20091026git73b6729.el6
geoclue-doc	0.11.1.1-0.13.20091026git73b6729.el6
geoclue-gui	0.11.1.1-0.13.20091026git73b6729.el6
geoclue-gypsy	0.11.1.1-0.13.20091026git73b6729.el6
geronimo-specs	1.0-3.5.M2.el6
geronimo-specs-compat	1.0-3.5.M2.el6
gettext	0.17-18.el6
gettext-devel	0.17-18.el6
gettext-libs	0.17-18.el6
gfs2-utils	3.0.12.1-84.el6_10.1
ggz-base-libs	0.99.5-5.1.el6
ggz-base-libs-devel	0.99.5-5.1.el6
ghostscript	8.70-24.el6_10.2
ghostscript-devel	8.70-24.el6_10.2
ghostscript-doc	8.70-24.el6_10.2
ghostscript-fonts	5.50-23.2.el6
ghostscript-gtk	8.70-24.el6_10.2
giflib	4.1.6-3.1.el6
giflib-devel	4.1.6-3.1.el6
giflib-utils	4.1.6-3.1.el6
gimp	2.6.9-9.el6
gimp-data-extras	2.0.2-3.1.el6
gimp-devel	2.6.9-9.el6
gimp-devel-tools	2.6.9-9.el6
gimp-help	2.4.2-5.1.el6
gimp-help-browser	2.6.9-9.el6
gimp-libs	2.6.9-9.el6
git	1.7.1-10.el6_10
git-all	1.7.1-10.el6_10
git-cvs	1.7.1-10.el6_10
git-daemon	1.7.1-10.el6_10
git-email	1.7.1-10.el6_10
git-gui	1.7.1-10.el6_10
git-svn	1.7.1-10.el6_10
gitk	1.7.1-10.el6_10
gitweb	1.7.1-10.el6_10
glade3	3.6.7-2.1.el6
glade3-libgladeui	3.6.7-2.1.el6
glade3-libgladeui-devel	3.6.7-2.1.el6
glib-networking	2.28.6.1-2.4.el6
glib2	2.28.8-10.el6
glib2-devel	2.28.8-10.el6
glib2-doc	2.28.8-10.el6
glib2-static	2.28.8-10.el6
glibc	2.12-1.212.el6_10.3
glibc-common	2.12-1.212.el6_10.3
glibc-devel	2.12-1.212.el6_10.3
glibc-headers	2.12-1.212.el6_10.3
glibc-static	2.12-1.212.el6_10.3
glibc-utils	2.12-1.212.el6_10.3
glibmm24	2.22.1-1.el6
glibmm24-devel	2.22.1-1.el6
glibmm24-doc	2.22.1-1.el6
glpk	4.40-1.1.el6
glpk-devel	4.40-1.1.el6
glpk-doc	4.40-1.1.el6
glpk-static	4.40-1.1.el6
glpk-utils	4.40-1.1.el6
glusterfs	3.12.2-18.el6
glusterfs-api	3.12.2-18.el6
glusterfs-api-devel	3.12.2-18.el6
glusterfs-cli	3.12.2-18.el6
glusterfs-client-xlators	3.12.2-18.el6
glusterfs-devel	3.12.2-18.el6
glusterfs-fuse	3.12.2-18.el6
glusterfs-libs	3.12.2-18.el6
glusterfs-rdma	3.12.2-18.el6
glx-utils	11.0.7-4.el6
gmp	4.3.1-13.el6
gmp-devel	4.3.1-13.el6
gmp-static	4.3.1-13.el6
gnome-applets	2.28.0-7.el6.centos
gnome-backgrounds	2.28.0-2.el6
gnome-bluetooth	2.28.6-8.el6
gnome-bluetooth-libs	2.28.6-8.el6
gnome-bluetooth-libs-devel	2.28.6-8.el6
gnome-common	2.28.0-1.1.el6
gnome-desktop	2.28.2-11.el6.centos
gnome-desktop-devel	2.28.2-11.el6.centos
gnome-devel-docs	2.28.0-1.el6
gnome-disk-utility	2.30.1-3.el6
gnome-disk-utility-devel	2.30.1-3.el6
gnome-disk-utility-libs	2.30.1-3.el6
gnome-disk-utility-ui-devel	2.30.1-3.el6
gnome-disk-utility-ui-libs	2.30.1-3.el6
gnome-doc-utils	0.18.1-1.el6
gnome-doc-utils-stylesheets	0.18.1-1.el6
gnome-games	2.28.2-2.el6
gnome-games-extra	2.28.2-2.el6
gnome-games-help	2.28.2-2.el6
gnome-icon-theme	2.28.0-8.el6
gnome-keyring	2.28.2-8.el6_3
gnome-keyring-devel	2.28.2-8.el6_3
gnome-keyring-pam	2.28.2-8.el6_3
gnome-mag	0.15.9-2.el6
gnome-mag-devel	0.15.9-2.el6
gnome-media	2.29.91-6.el6
gnome-media-apps	2.29.91-6.el6
gnome-media-devel	2.29.91-6.el6
gnome-media-libs	2.29.91-6.el6
gnome-menus	2.28.0-4.el6
gnome-menus-devel	2.28.0-4.el6
gnome-packagekit	2.28.3-10.el6
gnome-packagekit-extra	2.28.3-10.el6
gnome-panel	2.30.2-16.el6
gnome-panel-devel	2.30.2-16.el6
gnome-panel-libs	2.30.2-16.el6
gnome-pilot	2.0.17-9.el6
gnome-pilot-conduits	2.0.17-4.el6
gnome-pilot-devel	2.0.17-9.el6
gnome-power-manager	2.28.3-7.el6_4
gnome-power-manager-extra	2.28.3-7.el6_4
gnome-python2	2.28.0-3.el6
gnome-python2-applet	2.28.0-5.el6
gnome-python2-bonobo	2.28.0-3.el6
gnome-python2-brasero	2.28.0-5.el6
gnome-python2-bugbuddy	2.28.0-5.el6
gnome-python2-canvas	2.28.0-3.el6
gnome-python2-desktop	2.28.0-5.el6
gnome-python2-devel	2.28.0-3.el6
gnome-python2-evince	2.28.0-5.el6
gnome-python2-evolution	2.28.0-5.el6
gnome-python2-extras	2.25.3-20.el6
gnome-python2-gconf	2.28.0-3.el6
gnome-python2-gnome	2.28.0-3.el6
gnome-python2-gnomedesktop	2.28.0-5.el6
gnome-python2-gnomekeyring	2.28.0-5.el6
gnome-python2-gnomeprint	2.28.0-5.el6
gnome-python2-gnomevfs	2.28.0-3.el6
gnome-python2-gtkhtml2	2.25.3-20.el6
gnome-python2-gtksourceview	2.28.0-5.el6
gnome-python2-gtkspell	2.25.3-20.el6
gnome-python2-libegg	2.25.3-20.el6
gnome-python2-libgtop2	2.28.0-5.el6
gnome-python2-libwnck	2.28.0-5.el6
gnome-python2-metacity	2.28.0-5.el6
gnome-python2-rsvg	2.28.0-5.el6
gnome-python2-totem	2.28.0-5.el6
gnome-screensaver	2.28.3-28.el6
gnome-session	2.28.0-24.el6
gnome-session-custom-session	2.28.0-24.el6
gnome-session-xsession	2.28.0-24.el6
gnome-settings-daemon	2.28.2-39.el6
gnome-settings-daemon-devel	2.28.2-39.el6
gnome-speech	0.4.25-3.1.el6
gnome-speech-devel	0.4.25-3.1.el6
gnome-speech-espeak	0.4.25-3.1.el6
gnome-system-log	2.28.1-10.el6
gnome-system-monitor	2.28.0-13.el6
gnome-terminal	2.31.3-11.el6_6
gnome-themes	2.28.1-7.el6
gnome-user-docs	2.28.0-4.el6
gnome-user-share	2.28.2-3.el6
gnome-utils	2.28.1-10.el6
gnome-utils-devel	2.28.1-10.el6
gnome-utils-libs	2.28.1-10.el6
gnome-vfs2	2.24.2-8.el6
gnome-vfs2-devel	2.24.2-8.el6
gnome-vfs2-smb	2.24.2-8.el6
gnome-vfsmm26	2.26.0-2.el6
gnome-vfsmm26-devel	2.26.0-2.el6
gnote	0.6.3-3.el6
gnu-efi	3.0g-2.el6
gnuchess	5.07-14.1.el6
gnupg2	2.0.14-9.el6_10
gnupg2-smime	2.0.14-9.el6_10
gnuplot	4.2.6-2.el6
gnuplot-common	4.2.6-2.el6
gnuplot-doc	4.2.6-2.el6
gnuplot-latex	4.2.6-2.el6
gnuplot-minimal	4.2.6-2.el6
gnutls	2.12.23-22.el6
gnutls-devel	2.12.23-22.el6
gnutls-guile	2.12.23-22.el6
gnutls-utils	2.12.23-22.el6
gob2	2.0.16-5.el6
gok	2.28.1-5.el6
gok-devel	2.28.1-5.el6
google-crosextra-caladea-fonts	1.002-0.3.20130214.el6.1
google-crosextra-carlito-fonts	1.103-0.1.20130920.el6.1
gperf	3.0.3-9.1.el6
gpgme	1.1.8-3.el6
gpgme-devel	1.1.8-3.el6
gpm	1.20.6-12.el6
gpm-devel	1.20.6-12.el6
gpm-libs	1.20.6-12.el6
gpm-static	1.20.6-12.el6
gprolog	1.3.1-6.el6
gprolog-docs	1.3.1-6.el6
gprolog-examples	1.3.1-6.el6
gpxe-bootimgs	0.9.7-6.16.el6
gpxe-roms	0.9.7-6.16.el6
gpxe-roms-qemu	0.9.7-6.16.el6
graphviz	2.26.0-10.el6
graphviz-devel	2.26.0-10.el6
graphviz-doc	2.26.0-10.el6
graphviz-gd	2.26.0-10.el6
graphviz-graphs	2.26.0-10.el6
graphviz-guile	2.26.0-10.el6
graphviz-java	2.26.0-10.el6
graphviz-lua	2.26.0-10.el6
graphviz-perl	2.26.0-10.el6
graphviz-php	2.26.0-10.el6
graphviz-python	2.26.0-10.el6
graphviz-ruby	2.26.0-10.el6
graphviz-tcl	2.26.0-10.el6
grep	2.20-6.el6
groff	1.18.1.4-21.el6
groff-gxditview	1.18.1.4-21.el6
groff-perl	1.18.1.4-21.el6
grub	0.97-99.el6
grubby	7.0.15-7.el6
gsl	1.13-1.el6
gsl-devel	1.13-1.el6
gsl-static	1.13-1.el6
gsm	1.0.13-4.el6
gsm-devel	1.0.13-4.el6
gsm-tools	1.0.13-4.el6
gssdp	0.7.1-1.el6
gssdp-devel	0.7.1-1.el6
gssdp-docs	0.7.1-1.el6
gstreamer	0.10.29-1.el6
gstreamer-devel	0.10.29-1.el6
gstreamer-devel-docs	0.10.29-1.el6
gstreamer-plugins-bad-free	0.10.19-5.el6_8
gstreamer-plugins-bad-free-devel	0.10.19-5.el6_8
gstreamer-plugins-bad-free-devel-docs	0.10.19-5.el6_8
gstreamer-plugins-bad-free-extras	0.10.19-5.el6_8
gstreamer-plugins-base	0.10.29-2.el6
gstreamer-plugins-base-devel	0.10.29-2.el6
gstreamer-plugins-base-devel-docs	0.10.29-2.el6
gstreamer-plugins-good	0.10.23-4.el6_8
gstreamer-plugins-good-devel	0.10.23-4.el6_8
gstreamer-python	0.10.16-1.1.el6
gstreamer-python-devel	0.10.16-1.1.el6
gstreamer-tools	0.10.29-1.el6
gthumb	2.10.11-8.el6
gtk+extra	2.1.1-13.el6
gtk+extra-devel	2.1.1-13.el6
gtk-doc	1.11-5.1.el6
gtk-vnc	0.3.10-3.el6
gtk-vnc-devel	0.3.10-3.el6
gtk-vnc-python	0.3.10-3.el6
gtk2	2.24.23-9.el6
gtk2-devel	2.24.23-9.el6
gtk2-devel-docs	2.24.23-9.el6
gtk2-engines	2.18.4-5.el6.centos
gtk2-engines-devel	2.18.4-5.el6.centos
gtk2-immodule-xim	2.24.23-9.el6
gtk2-immodules	2.24.23-9.el6
gtkglext-devel	1.2.0-11.el6
gtkglext-libs	1.2.0-11.el6
gtkhtml2	2.11.1-7.el6
gtkhtml2-devel	2.11.1-7.el6
gtkhtml3	3.32.2-4.el6
gtkhtml3-devel	3.32.2-4.el6
gtkmm24	2.18.2-1.el6
gtkmm24-devel	2.18.2-1.el6
gtkmm24-docs	2.18.2-1.el6
gtksourceview	1.8.5-7.el6.1
gtksourceview-devel	1.8.5-7.el6.1
gtksourceview2	2.8.2-4.el6
gtksourceview2-devel	2.8.2-4.el6
gtkspell	2.0.16-1.el6
gtkspell-devel	2.0.16-1.el6
gucharmap	2.28.2-2.el6
gucharmap-devel	2.28.2-2.el6
guile	1.8.7-5.el6
guile-devel	1.8.7-5.el6
gupnp	0.13.2-1.el6
gupnp-devel	0.13.2-1.el6
gupnp-docs	0.13.2-1.el6
gupnp-igd	0.1.3-3.1.el6
gupnp-igd-devel	0.1.3-3.1.el6
gutenprint	5.2.5-3.el6
gutenprint-cups	5.2.5-3.el6
gutenprint-devel	5.2.5-3.el6
gutenprint-doc	5.2.5-3.el6
gutenprint-extras	5.2.5-3.el6
gutenprint-foomatic	5.2.5-3.el6
gutenprint-plugin	5.2.5-3.el6
gvfs	1.4.3-27.el6
gvfs-afc	1.4.3-27.el6
gvfs-archive	1.4.3-27.el6
gvfs-devel	1.4.3-27.el6
gvfs-fuse	1.4.3-27.el6
gvfs-gphoto2	1.4.3-27.el6
gvfs-obexftp	1.4.3-27.el6
gvfs-smb	1.4.3-27.el6
gypsy	0.7-2.el6
gypsy-devel	0.7-2.el6
gypsy-docs	0.7-2.el6
gzip	1.3.12-24.el6
hal	0.5.14-14.el6
hal-devel	0.5.14-14.el6
hal-docs	0.5.14-14.el6
hal-info	20090716-5.el6
hal-libs	0.5.14-14.el6
hal-storage-addon	0.5.14-14.el6
hamcrest	1.1-9.5.el6
hamcrest-demo	1.1-9.5.el6
hamcrest-javadoc	1.1-9.5.el6
haproxy	1.5.18-1.el6
hardlink	1.0-10.el6
hdparm	9.43-4.el6
help2man	1.36.4-6.el6
hesinfo	3.1.0-8.el6
hesiod	3.1.0-19.el6
hesiod-devel	3.1.0-19.el6
hicolor-icon-theme	0.11-1.1.el6
hispavoces-pal-diphone	1.0.0-18.el6
hispavoces-sfl-diphone	1.0.0-18.el6
hivex	1.3.3-4.3.el6
hivex-devel	1.3.3-4.3.el6
hmaccalc	0.9.12-2.el6
hpijs	3.14.6-4.el6.1
hplip	3.14.6-4.el6.1
hplip-common	3.14.6-4.el6.1
hplip-gui	3.14.6-4.el6.1
hplip-libs	3.14.6-4.el6.1
hspell	1.1-3.2.el6
hspell-devel	1.1-3.2.el6
hsqldb	1.8.0.10-12.el6
hsqldb-demo	1.8.0.10-12.el6
hsqldb-javadoc	1.8.0.10-12.el6
hsqldb-manual	1.8.0.10-12.el6
ht2html	2.0-10.1.el6
htdig	3.2.0-0.10.b6.el6
htdig-web	3.2.0-0.10.b6.el6
html2ps	1.0-0.4.b5.el6
httpd	2.2.15-69.el6.centos
httpd-devel	2.2.15-69.el6.centos
httpd-manual	2.2.15-69.el6.centos
httpd-tools	2.2.15-69.el6.centos
hunspell	1.2.8-16.el6
hunspell-af	0.20080825-3.1.el6
hunspell-ar	0.20080110-4.1.el6
hunspell-as	1.0.3-3.1.el6
hunspell-az	0.20040827-4.1.el6
hunspell-be	1.1-1.1.el6
hunspell-ber	0.20080210-3.1.el6
hunspell-bg	4.1-5.1.el6
hunspell-bn	0.04-2.el6
hunspell-br	0.2-2.1.el6
hunspell-ca	0.20090630-2.1.el6
hunspell-cop	0.2.0-4.1.el6
hunspell-cs	20060303-10.el6
hunspell-csb	0.20050311-4.1.el6
hunspell-cy	0.20040425-5.1.el6
hunspell-da	1.7.29-1.1.el6
hunspell-de	0.20090107-4.1.el6
hunspell-devel	1.2.8-16.el6
hunspell-el	0.7-5.el6
hunspell-en	0.20090216-7.1.el6
hunspell-eo	0.20041129-3.1.el6
hunspell-es	0.20081215-3.1.el6
hunspell-et	0.20030606-5.1.el6
hunspell-eu	0.20080507-3.1.el6
hunspell-fa	0.20070116-3.1.el6
hunspell-fj	0.20050811-4.1.el6
hunspell-fo	0.2.37-1.1.el6
hunspell-fr	3.4-1.1.el6
hunspell-fur	0.20050912-4.1.el6
hunspell-fy	2.0.0-4.1.el6
hunspell-ga	4.4-3.1.el6
hunspell-gd	1.0.0-0.3.rc.2.el6
hunspell-gl	0.20080515-3.1.el6
hunspell-gu	20061015-3.1.el6
hunspell-gv	0.20040505-4.1.el6
hunspell-he	1.1-3.2.el6
hunspell-hi	20050726-6.el6
hunspell-hil	0.13-1.el6
hunspell-hr	0.20040608-4.1.el6
hunspell-hsb	0.20060327.2-3.1.el6
hunspell-hu	1.5-3.el6
hunspell-hy	0.10.1-3.1.el6
hunspell-ia	0.20050226-3.1.el6
hunspell-id	0.20040812-3.1.el6
hunspell-is	0.20090823-1.1.el6
hunspell-it	2.4-0.3.20070901.1.el6
hunspell-kk	1.1-1.1.el6
hunspell-km	1.1-2.1.el6
hunspell-kn	1.0.3-2.1.el6
hunspell-ko	0.3.3-1.el6
hunspell-ku	0.21-6.1.el6
hunspell-la	0.20080903-4.1.el6
hunspell-lt	1.2.1-5.1.el6
hunspell-lv	0.8.2-2.el6
hunspell-mai	1.0.1-1.1.el6
hunspell-mg	0.20050109-4.1.el6
hunspell-mi	0.20080630-3.1.el6
hunspell-mk	0.20051126-3.1.el6
hunspell-ml	0.1-4.1.el6
hunspell-mn	0.20080709-2.1.el6
hunspell-mr	20060920-6.1.el6
hunspell-ms	0.20050117-4.1.el6
hunspell-mt	0.20020708-4.1.el6
hunspell-nb	2.0.10-5.1.el6
hunspell-nds	0.1-3.1.el6
hunspell-ne	20080425-1.1.el6
hunspell-nl	1.10-2.el6
hunspell-nn	2.0.10-5.1.el6
hunspell-nr	0.20060120-4.1.el6
hunspell-nso	0.20060120-3.1.el6
hunspell-ny	0.20050108-4.1.el6
hunspell-oc	0.5-3.1.el6
hunspell-or	0.03-1.el6
hunspell-pa	20050726-4.1.el6
hunspell-pl	0.20090908-1.1.el6
hunspell-pt	0.20090702-4.el6
hunspell-ro	3.3-1.el6
hunspell-ru	0.99f7-4.1.el6
hunspell-rw	0.20050109-3.1.el6
hunspell-sc	0.20081101-4.1.el6
hunspell-si	0.2.1-2.el6
hunspell-sk	0.20090330-2.1.el6
hunspell-sl	0.20070127-4.1.el6
hunspell-so	0.1.2-2.1.el6
hunspell-sq	1.6-3.1.el6
hunspell-sr	0.20090511-2.1.el6
hunspell-ss	0.20060705-3.1.el6
hunspell-st	0.20060123-3.1.el6
hunspell-sv	1.39-3.el6
hunspell-sw	0.20050819-4.1.el6
hunspell-ta	20100226-1.el6
hunspell-te	0.20050929-5.el6
hunspell-tet	0.20050108-5.1.el6
hunspell-th	0.20061212-4.1.el6
hunspell-tk	0.20080213-3.1.el6
hunspell-tl	0.20050109-4.1.el6
hunspell-tn	0.20060123-5.el6
hunspell-ts	0.20060123-3.1.el6
hunspell-uk	1.6.0-1.1.el6
hunspell-ur	0.64-2.1.el6
hunspell-uz	0.6-3.1.el6
hunspell-ve	0.20060706-3.1.el6
hunspell-vi	0.20080604-3.1.el6
hunspell-wa	0.4.15-4.1.el6
hunspell-xh	0.20060123-3.1.el6
hunspell-zu	0.20060120-4.1.el6
hwdata	0.233-20.1.el6
hwloc	1.5-3.el6_5
hwloc-devel	1.5-3.el6_5
hyperv-daemons	0-0.17.20150108git.el6
hyperv-daemons-license	0-0.17.20150108git.el6
hypervfcopyd	0-0.17.20150108git.el6
hypervkvpd	0-0.17.20150108git.el6
hypervvssd	0-0.17.20150108git.el6
hyphen	2.4-5.1.el6
hyphen-af	0-0.3.20080714svn.1.el6
hyphen-as	0.20100204-1.el6
hyphen-be	1.1-1.1.el6
hyphen-bg	4.1-4.1.el6
hyphen-bn	0.20100204-1.el6
hyphen-ca	0.9.2-2.1.el6
hyphen-cs	20060303-10.el6
hyphen-cy	0.20080619-2.1.el6
hyphen-da	0.20070903-3.1.el6
hyphen-de	0.20060120-6.1.el6
hyphen-devel	2.4-5.1.el6
hyphen-el	0.20051018-4.1.el6
hyphen-en	2.4-5.1.el6
hyphen-es	0.20040810-3.1.el6
hyphen-et	0.20030606-5.1.el6
hyphen-eu	0.20080628-2.1.el6
hyphen-fa	0.20081119-2.1.el6
hyphen-fr	2.0-2.1.el6
hyphen-ga	0.20040220-3.1.el6
hyphen-gl	0.99-2.1.el6
hyphen-gu	0.20100204-1.el6
hyphen-hi	0.20100204-1.el6
hyphen-hr	0.20040608-4.1.el6
hyphen-hsb	0.20080619-3.1.el6
hyphen-hu	0.20090612-3.1.el6
hyphen-ia	0.20050628-2.1.el6
hyphen-id	0.20040812-3.1.el6
hyphen-is	0.20030920-5.el6
hyphen-it	0.20071127-5.1.el6
hyphen-kn	0.20100204-1.el6
hyphen-lt	0.20040110-3.1.el6
hyphen-lv	0.8.2-2.el6
hyphen-mi	0.20080630-3.1.el6
hyphen-ml	0.20100204-1.el6
hyphen-mn	0.20090315-2.1.el6
hyphen-mr	0.20100204-1.el6
hyphen-nb	2.0.10-5.1.el6
hyphen-nl	0.20050617-5.1.el6
hyphen-nn	2.0.10-5.1.el6
hyphen-or	0.20100204-1.el6
hyphen-pa	0.20100204-1.el6
hyphen-pl	0.20060726-4.1.el6
hyphen-pt	0.20021021-3.1.el6
hyphen-ro	3.3-0.3.test3.1.el6
hyphen-ru	0.20020727-4.1.el6
hyphen-sa	0.20090412-3.1.el6
hyphen-sk	0.20031227-5.1.el6
hyphen-sl	0.20070127-3.1.el6
hyphen-sr	0.20090511-2.1.el6
hyphen-sv	1.00.1-5.el6
hyphen-ta	0.20100204-1.el6
hyphen-te	0.20100204-1.el6
hyphen-uk	0.20030903-3.1.el6
hyphen-zu	0-0.3.20080714svn.1.el6
i2c-tools	3.1.0-3.el6
i2c-tools-eepromer	3.1.0-3.el6
iasl	20090123-3.1.el6
ibacm	1.0.9-1.el6
ibacm-devel	1.0.9-1.el6
ibsim	0.5-7.el6
ibus	1.3.4-10.el6
ibus-anthy	1.2.1-3.el6
ibus-chewing	1.3.5.20100714-4.el6
ibus-devel	1.3.4-10.el6
ibus-devel-docs	1.3.4-10.el6
ibus-gtk	1.3.4-10.el6
ibus-hangul	1.3.0.20100329-6.el6
ibus-libs	1.3.4-10.el6
ibus-m17n	1.3.0-2.el6
ibus-pinyin	1.3.8-1.el6
ibus-pinyin-open-phrase	1.3.8-1.el6
ibus-qt	1.3.0-2.el6
ibus-qt-devel	1.3.0-2.el6
ibus-qt-docs	1.3.0-2.el6
ibus-rawcode	1.3.0.20100421-2.el6
ibus-sayura	1.2.99.20100209-3.el6
ibus-table	1.2.0.20100111-5.el6
ibus-table-additional	1.2.0.20100111-5.el6
ibus-table-cangjie	1.2.0.20100210-1.el6
ibus-table-devel	1.2.0.20100111-5.el6
ibus-table-erbi	1.2.0.20090901-8.el6
ibus-table-wubi	1.2.0.20090715-8.el6
ibutils	1.5.7-10.el6
ibutils-devel	1.5.7-10.el6
ibutils-libs	1.5.7-10.el6
icedax	1.1.9-12.el6
icedtea-web	1.7.1-7.el6
icedtea-web-devel	1.7.1-7.el6
icedtea-web-javadoc	1.7.1-7.el6
icon-naming-utils	0.8.90-3.1.el6
icu	4.2.1-15.el6_10
icu4j	4.2.1-5.el6
icu4j-eclipse	4.2.1-5.el6
icu4j-javadoc	4.2.1-5.el6
ilmbase	1.0.1-6.1.el6
ilmbase-devel	1.0.1-6.1.el6
im-chooser	1.3.1-3.el6
imake	1.0.2-11.el6
imsettings	0.108.0-3.6.el6
imsettings-devel	0.108.0-3.6.el6
imsettings-libs	0.108.0-3.6.el6
indent	2.2.10-7.el6
infiniband-diags	1.6.4-1.el6
infiniband-diags-devel	1.6.4-1.el6
infiniband-diags-devel-static	1.6.4-1.el6
infinipath-psm	3.3-19_g67c0807_open.el6
infinipath-psm-devel	3.3-19_g67c0807_open.el6
info	4.13a-8.el6
initscripts	9.03.61-1.el6.centos
inkscape	0.47-10.el6
inkscape-docs	0.47-10.el6
inkscape-view	0.47-10.el6
intel-gpu-tools	2.99.917-0.4.20151111.el6
intltool	0.41.0-1.1.el6
iok	1.3.13-3.el6
iotop	0.3.2-9.el6
ipa-admintools	3.0.0-51.el6.centos
ipa-client	3.0.0-51.el6.centos
ipa-gothic-fonts	003.02-4.2.el6
ipa-mincho-fonts	003.02-3.1.el6
ipa-pgothic-fonts	003.02-4.1.el6
ipa-pki-ca-theme	9.0.3-7.el6
ipa-pki-common-theme	9.0.3-7.el6
ipa-pmincho-fonts	003.02-3.1.el6
ipa-python	3.0.0-51.el6.centos
ipa-server	3.0.0-51.el6.centos
ipa-server-selinux	3.0.0-51.el6.centos
ipa-server-trust-ad	3.0.0-51.el6.centos
ipmitool	1.8.15-3.el6_10
iproute	2.6.32-57.el6
iproute-devel	2.6.32-57.el6
iproute-doc	2.6.32-57.el6
ipset	6.11-4.el6
ipset-devel	6.11-4.el6
iptables	1.4.7-19.el6
iptables-devel	1.4.7-19.el6
iptables-ipv6	1.4.7-19.el6
iptraf	3.0.1-14.el6
iptstate	2.2.2-4.el6
iputils	20071127-24.el6
ipvsadm	1.26-4.el6
ipw2100-firmware	1.3-11.el6
ipw2200-firmware	3.1-4.el6
irqbalance	1.0.7-9.el6
irssi	0.8.15-5.el6
irssi-devel	0.8.15-5.el6
iscsi-initiator-utils	6.2.0.873-27.el6_9
iscsi-initiator-utils-devel	6.2.0.873-27.el6_9
isdn4k-utils	3.2-75.el6
isdn4k-utils-devel	3.2-75.el6
isdn4k-utils-vboxgetty	3.2-75.el6
isns-utils	0.93-1.0.el6
iso-codes	3.16-2.el6
iso-codes-devel	3.16-2.el6
isomd5sum	1.0.6-1.el6
isomd5sum-devel	1.0.6-1.el6
ivtv-firmware	20080701-20.2
iw	4.1-1.el6
iwl100-firmware	39.31.5.1-1.el6
iwl1000-firmware	39.31.5.1-1.el6
iwl3945-firmware	15.32.2.9-4.el6
iwl4965-firmware	228.61.2.24-2.1.el6
iwl5000-firmware	8.83.5.1_1-1.el6_1.1
iwl5150-firmware	8.24.2.2-1.el6
iwl6000-firmware	9.221.4.1-1.el6
iwl6000g2a-firmware	17.168.5.3-1.el6
iwl6050-firmware	41.28.5.1-2.el6
jadetex	3.13-8.el6
jakarta-commons-beanutils	1.7.0-12.6.el6
jakarta-commons-beanutils-javadoc	1.7.0-12.6.el6
jakarta-commons-codec	1.3-11.7.el6
jakarta-commons-codec-javadoc	1.3-11.7.el6
jakarta-commons-collections	3.2.1-3.5.el6_7
jakarta-commons-collections-javadoc	3.2.1-3.5.el6_7
jakarta-commons-collections-testframework	3.2.1-3.5.el6_7
jakarta-commons-collections-testframework-javadoc	3.2.1-3.5.el6_7
jakarta-commons-collections-tomcat5	3.2.1-3.5.el6_7
jakarta-commons-daemon	1.0.1-8.9.el6
jakarta-commons-daemon-javadoc	1.0.1-8.9.el6
jakarta-commons-daemon-jsvc	1.0.1-8.9.el6
jakarta-commons-dbcp	1.2.1-13.9.el6
jakarta-commons-dbcp-javadoc	1.2.1-13.9.el6
jakarta-commons-dbcp-tomcat5	1.2.1-13.9.el6
jakarta-commons-digester	1.7-10.6.el6
jakarta-commons-digester-javadoc	1.7-10.6.el6
jakarta-commons-discovery	0.4-5.4.el6
jakarta-commons-discovery-javadoc	0.4-5.4.el6
jakarta-commons-el	1.0-18.4.el6
jakarta-commons-el-javadoc	1.0-18.4.el6
jakarta-commons-httpclient	3.1-0.9.el6_5
jakarta-commons-httpclient-demo	3.1-0.9.el6_5
jakarta-commons-httpclient-javadoc	3.1-0.9.el6_5
jakarta-commons-httpclient-manual	3.1-0.9.el6_5
jakarta-commons-io	1.4-3.el6
jakarta-commons-io-javadoc	1.4-3.el6
jakarta-commons-lang	2.4-1.1.el6
jakarta-commons-lang-javadoc	2.4-1.1.el6
jakarta-commons-logging	1.0.4-10.el6
jakarta-commons-logging-javadoc	1.0.4-10.el6
jakarta-commons-net	2.0-2.1.el6
jakarta-commons-net-javadoc	2.0-2.1.el6
jakarta-commons-pool	1.3-12.7.el6
jakarta-commons-pool-javadoc	1.3-12.7.el6
jakarta-commons-pool-tomcat5	1.3-12.7.el6
jakarta-oro	2.0.8-6.6.el6
jakarta-oro-javadoc	2.0.8-6.6.el6
jakarta-taglibs-standard	1.1.1-11.8.el6
jakarta-taglibs-standard-javadoc	1.1.1-11.8.el6
jasper	1.900.1-22.el6
jasper-devel	1.900.1-22.el6
jasper-libs	1.900.1-22.el6
jasper-utils	1.900.1-22.el6
java-1.5.0-gcj	1.5.0.0-29.1.el6
java-1.5.0-gcj-devel	1.5.0.0-29.1.el6
java-1.5.0-gcj-javadoc	1.5.0.0-29.1.el6
java-1.5.0-gcj-src	1.5.0.0-29.1.el6
java-1.6.0-openjdk	1.6.0.41-1.13.13.1.el6_8
java-1.6.0-openjdk-demo	1.6.0.41-1.13.13.1.el6_8
java-1.6.0-openjdk-devel	1.6.0.41-1.13.13.1.el6_8
java-1.6.0-openjdk-javadoc	1.6.0.41-1.13.13.1.el6_8
java-1.6.0-openjdk-src	1.6.0.41-1.13.13.1.el6_8
java-1.7.0-openjdk	1.7.0.261-2.6.22.1.el6_10
java-1.7.0-openjdk-demo	1.7.0.261-2.6.22.1.el6_10
java-1.7.0-openjdk-devel	1.7.0.261-2.6.22.1.el6_10
java-1.7.0-openjdk-javadoc	1.7.0.261-2.6.22.1.el6_10
java-1.7.0-openjdk-src	1.7.0.261-2.6.22.1.el6_10
java-1.8.0-openjdk	1.8.0.275.b01-0.el6_10
java-1.8.0-openjdk-debug	1.8.0.275.b01-0.el6_10
java-1.8.0-openjdk-demo	1.8.0.275.b01-0.el6_10
java-1.8.0-openjdk-demo-debug	1.8.0.275.b01-0.el6_10
java-1.8.0-openjdk-devel	1.8.0.275.b01-0.el6_10
java-1.8.0-openjdk-devel-debug	1.8.0.275.b01-0.el6_10
java-1.8.0-openjdk-headless	1.8.0.275.b01-0.el6_10
java-1.8.0-openjdk-headless-debug	1.8.0.275.b01-0.el6_10
java-1.8.0-openjdk-javadoc	1.8.0.275.b01-0.el6_10
java-1.8.0-openjdk-javadoc-debug	1.8.0.275.b01-0.el6_10
java-1.8.0-openjdk-src	1.8.0.275.b01-0.el6_10
java-1.8.0-openjdk-src-debug	1.8.0.275.b01-0.el6_10
java_cup	0.10k-5.el6
java_cup-javadoc	0.10k-5.el6
java_cup-manual	0.10k-5.el6
javacc	4.1-0.5.el6
javacc-demo	4.1-0.5.el6
javacc-manual	4.1-0.5.el6
javassist	3.9.0-6.el6
javassist-javadoc	3.9.0-6.el6
jcommon-serializer	0.3.0-3.1.el6
jcommon-serializer-javadoc	0.3.0-3.1.el6
jdepend	2.9-1.2.el6
jdepend-demo	2.9-1.2.el6
jdepend-javadoc	2.9-1.2.el6
jdom	1.1.1-1.el6
jdom-demo	1.1.1-1.el6
jdom-javadoc	1.1.1-1.el6
jetty-eclipse	6.1.24-2.el6
jflex	1.4.1-0.7.el6
jflex-javadoc	1.4.1-0.7.el6
jlex	1.2.6-9.5.el6
jlex-javadoc	1.2.6-9.5.el6
jline	0.9.94-0.8.el6
jna	3.2.4-2.el6
jna-examples	3.2.4-2.el6
jna-javadoc	3.2.4-2.el6
jomolhari-fonts	0.003-8.1.el6
jpackage-utils	1.7.5-3.16.el6
jrefactory	2.8.9-9.10.el6
jsch	0.1.41-2.2.el6
jsch-demo	0.1.41-2.2.el6
jsch-javadoc	0.1.41-2.2.el6
json-c	0.11-13.el6
json-c-devel	0.11-13.el6
json-c-doc	0.11-13.el6
jss	4.2.6-35.el6
jss-javadoc	4.2.6-35.el6
jtidy	1.0-0.4.r7dev.1.7.el6
jtidy-javadoc	1.0-0.4.r7dev.1.7.el6
jtidy-scripts	1.0-0.4.r7dev.1.7.el6
junit	3.8.2-6.5.el6
junit-demo	3.8.2-6.5.el6
junit-javadoc	3.8.2-6.5.el6
junit-manual	3.8.2-6.5.el6
junit4	4.5-5.4.el6
junit4-demo	4.5-5.4.el6
junit4-javadoc	4.5-5.4.el6
junit4-manual	4.5-5.4.el6
jwhois	4.0-19.el6
jython	2.2.1-4.8.el6
jython-demo	2.2.1-4.8.el6
jython-javadoc	2.2.1-4.8.el6
jython-manual	2.2.1-4.8.el6
jzlib	1.0.7-7.5.el6
jzlib-demo	1.0.7-7.5.el6
jzlib-javadoc	1.0.7-7.5.el6
k3b	1.0.5-13.el6
k3b-common	1.0.5-13.el6
k3b-devel	1.0.5-13.el6
k3b-libs	1.0.5-13.el6
kabi-yum-plugins	1.0-2.el6.centos
kacst-art-fonts	2.0-7.el6
kacst-book-fonts	2.0-7.el6
kacst-decorative-fonts	2.0-7.el6
kacst-digital-fonts	2.0-7.el6
kacst-farsi-fonts	2.0-7.el6
kacst-fonts-common	2.0-7.el6
kacst-letter-fonts	2.0-7.el6
kacst-naskh-fonts	2.0-7.el6
kacst-office-fonts	2.0-7.el6
kacst-one-fonts	2.0-7.el6
kacst-pen-fonts	2.0-7.el6
kacst-poster-fonts	2.0-7.el6
kacst-qurn-fonts	2.0-7.el6
kacst-screen-fonts	2.0-7.el6
kacst-title-fonts	2.0-7.el6
kacst-titlel-fonts	2.0-7.el6
kasumi	2.5-1.1.el6
kbd	1.15-11.el6
kbd-misc	1.15-11.el6
kcoloredit	4.3.3-2.el6
kcoloredit-doc	4.3.3-2.el6
kde-filesystem	4-30.1.el6
kde-i18n-Arabic	3.5.10-11.el6
kde-i18n-Bengali	3.5.10-11.el6
kde-i18n-Brazil	3.5.10-11.el6
kde-i18n-British	3.5.10-11.el6
kde-i18n-Bulgarian	3.5.10-11.el6
kde-i18n-Catalan	3.5.10-11.el6
kde-i18n-Chinese	3.5.10-11.el6
kde-i18n-Chinese-Big5	3.5.10-11.el6
kde-i18n-Czech	3.5.10-11.el6
kde-i18n-Danish	3.5.10-11.el6
kde-i18n-Dutch	3.5.10-11.el6
kde-i18n-Estonian	3.5.10-11.el6
kde-i18n-Finnish	3.5.10-11.el6
kde-i18n-French	3.5.10-11.el6
kde-i18n-German	3.5.10-11.el6
kde-i18n-Greek	3.5.10-11.el6
kde-i18n-Hebrew	3.5.10-11.el6
kde-i18n-Hindi	3.5.10-11.el6
kde-i18n-Hungarian	3.5.10-11.el6
kde-i18n-Icelandic	3.5.10-11.el6
kde-i18n-Italian	3.5.10-11.el6
kde-i18n-Japanese	3.5.10-11.el6
kde-i18n-Korean	3.5.10-11.el6
kde-i18n-Lithuanian	3.5.10-11.el6
kde-i18n-Norwegian	3.5.10-11.el6
kde-i18n-Norwegian-Nynorsk	3.5.10-11.el6
kde-i18n-Polish	3.5.10-11.el6
kde-i18n-Portuguese	3.5.10-11.el6
kde-i18n-Punjabi	3.5.10-11.el6
kde-i18n-Romanian	3.5.10-11.el6
kde-i18n-Russian	3.5.10-11.el6
kde-i18n-Serbian	3.5.10-11.el6
kde-i18n-Slovak	3.5.10-11.el6
kde-i18n-Slovenian	3.5.10-11.el6
kde-i18n-Spanish	3.5.10-11.el6
kde-i18n-Swedish	3.5.10-11.el6
kde-i18n-Tamil	3.5.10-11.el6
kde-i18n-Turkish	3.5.10-11.el6
kde-i18n-Ukrainian	3.5.10-11.el6
kde-l10n	4.3.4-5.el6
kde-l10n-Arabic	4.3.4-5.el6
kde-l10n-Basque	4.3.4-5.el6
kde-l10n-Bengali-India	4.3.4-5.el6
kde-l10n-Brazil	4.3.4-5.el6
kde-l10n-British	4.3.4-5.el6
kde-l10n-Bulgarian	4.3.4-5.el6
kde-l10n-Catalan	4.3.4-5.el6
kde-l10n-Chhattisgarhi	4.3.4-5.el6
kde-l10n-Chinese	4.3.4-5.el6
kde-l10n-Chinese-Traditional	4.3.4-5.el6
kde-l10n-Croatian	4.3.4-5.el6
kde-l10n-Czech	4.3.4-5.el6
kde-l10n-Danish	4.3.4-5.el6
kde-l10n-Dutch	4.3.4-5.el6
kde-l10n-Estonian	4.3.4-5.el6
kde-l10n-Finnish	4.3.4-5.el6
kde-l10n-French	4.3.4-5.el6
kde-l10n-Frisian	4.3.4-5.el6
kde-l10n-Galician	4.3.4-5.el6
kde-l10n-German	4.3.4-5.el6
kde-l10n-Greek	4.3.4-5.el6
kde-l10n-Gujarati	4.3.4-5.el6
kde-l10n-Hebrew	4.3.4-5.el6
kde-l10n-Hindi	4.3.4-5.el6
kde-l10n-Hungarian	4.3.4-5.el6
kde-l10n-Icelandic	4.3.4-5.el6
kde-l10n-Irish	4.3.4-5.el6
kde-l10n-Italian	4.3.4-5.el6
kde-l10n-Japanese	4.3.4-5.el6
kde-l10n-Kannada	4.3.4-5.el6
kde-l10n-Kashubian	4.3.4-5.el6
kde-l10n-Kazakh	4.3.4-5.el6
kde-l10n-Khmer	4.3.4-5.el6
kde-l10n-Korean	4.3.4-5.el6
kde-l10n-Kurdish	4.3.4-5.el6
kde-l10n-Latvian	4.3.4-5.el6
kde-l10n-Lithuanian	4.3.4-5.el6
kde-l10n-LowSaxon	4.3.4-5.el6
kde-l10n-Macedonian	4.3.4-5.el6
kde-l10n-Maithili	4.3.4-5.el6
kde-l10n-Malayalam	4.3.4-5.el6
kde-l10n-Marathi	4.3.4-5.el6
kde-l10n-Norwegian	4.3.4-5.el6
kde-l10n-Norwegian-Nynorsk	4.3.4-5.el6
kde-l10n-Polish	4.3.4-5.el6
kde-l10n-Portuguese	4.3.4-5.el6
kde-l10n-Punjabi	4.3.4-5.el6
kde-l10n-Romanian	4.3.4-5.el6
kde-l10n-Russian	4.3.4-5.el6
kde-l10n-Serbian	4.3.4-5.el6
kde-l10n-Slovak	4.3.4-5.el6
kde-l10n-Slovenian	4.3.4-5.el6
kde-l10n-Spanish	4.3.4-5.el6
kde-l10n-Swedish	4.3.4-5.el6
kde-l10n-Tajik	4.3.4-5.el6
kde-l10n-Thai	4.3.4-5.el6
kde-l10n-Turkish	4.3.4-5.el6
kde-l10n-Ukrainian	4.3.4-5.el6
kde-l10n-Walloon	4.3.4-5.el6
kde-settings	4.3.1-2.el6.centos
kde-settings-kdm	4.3.1-2.el6.centos
kde-settings-pulseaudio	4.3.1-2.el6.centos
kde-style-phase	4.3.4-7.el6
kdeaccessibility	4.3.4-5.el6
kdeaccessibility-libs	4.3.4-5.el6
kdeadmin	4.3.4-5.el6
kdeartwork	4.3.4-7.el6
kdeartwork-screensavers	4.3.4-7.el6
kdeartwork-sounds	4.3.4-7.el6
kdeartwork-wallpapers	4.3.4-7.el6
kdebase	4.3.4-10.el6
kdebase-devel	4.3.4-10.el6
kdebase-libs	4.3.4-10.el6
kdebase-runtime	4.3.4-9.el6
kdebase-runtime-libs	4.3.4-9.el6
kdebase-workspace	4.3.4-37.el6
kdebase-workspace-akonadi	4.3.4-37.el6
kdebase-workspace-devel	4.3.4-37.el6
kdebase-workspace-libs	4.3.4-37.el6
kdebase-workspace-python-applet	4.3.4-37.el6
kdebase-workspace-wallpapers	4.3.4-37.el6
kdegames	4.3.4-5.el6
kdegames-devel	4.3.4-5.el6
kdegames-libs	4.3.4-5.el6
kdegraphics	4.3.4-6.el6
kdegraphics-devel	4.3.4-6.el6
kdegraphics-libs	4.3.4-6.el6
kdelibs	4.3.4-28.el6
kdelibs-apidocs	4.3.4-28.el6
kdelibs-common	4.3.4-28.el6
kdelibs-devel	4.3.4-28.el6
kdelibs-experimental	4.3.4-3.el6
kdelibs-experimental-devel	4.3.4-3.el6
kdelibs3	3.5.10-25.el6
kdelibs3-apidocs	3.5.10-25.el6
kdelibs3-devel	3.5.10-25.el6
kdemultimedia	4.3.4-3.el6
kdemultimedia-devel	4.3.4-3.el6
kdemultimedia-libs	4.3.4-3.el6
kdenetwork	4.3.4-11.el6_0.1
kdenetwork-devel	4.3.4-11.el6_0.1
kdenetwork-libs	4.3.4-11.el6_0.1
kdepim	4.3.4-6.el6
kdepim-devel	4.3.4-6.el6
kdepim-libs	4.3.4-6.el6
kdepim-runtime	4.3.4-5.el6
kdepim-runtime-devel	4.3.4-5.el6
kdepim-runtime-libs	4.3.4-5.el6
kdepim3-devel	3.5.10-3.el6
kdepim3-libs	3.5.10-3.el6
kdepimlibs	4.3.4-4.el6
kdepimlibs-akonadi	4.3.4-4.el6
kdepimlibs-apidocs	4.3.4-4.el6
kdepimlibs-devel	4.3.4-4.el6
kdeplasma-addons	4.3.4-5.el6
kdeplasma-addons-devel	4.3.4-5.el6
kdeplasma-addons-libs	4.3.4-5.el6
kdesdk	4.3.4-9.el6
kdesdk-devel	4.3.4-9.el6
kdesdk-libs	4.3.4-9.el6
kdesdk-utils	4.3.4-9.el6
kdeutils	4.3.4-7.el6
kdeutils-libs	4.3.4-7.el6
kdewebdev	3.5.10-14.el6
kdewebdev-devel	3.5.10-14.el6
kdewebdev-libs	3.5.10-14.el6
kdm	4.3.4-37.el6
keepalived	1.2.13-5.el6_6
kernel	2.6.32-754.35.1.el6
kernel-abi-whitelists	2.6.32-754.35.1.el6
kernel-debug	2.6.32-754.35.1.el6
kernel-debug-devel	2.6.32-754.35.1.el6
kernel-devel	2.6.32-754.35.1.el6
kernel-doc	2.6.32-754.35.1.el6
kernel-firmware	2.6.32-754.35.1.el6
kernel-headers	2.6.32-754.35.1.el6
kexec-tools	2.0.0-310.el6
kexec-tools-eppic	2.0.0-310.el6
keyutils	1.4-5.el6
keyutils-libs	1.4-5.el6
keyutils-libs-devel	1.4-5.el6
khmeros-base-fonts	5.0-9.el6
khmeros-battambang-fonts	5.0-9.el6
khmeros-bokor-fonts	5.0-9.el6
khmeros-fonts-common	5.0-9.el6
khmeros-handwritten-fonts	5.0-9.el6
khmeros-metal-chrieng-fonts	5.0-9.el6
khmeros-muol-fonts	5.0-9.el6
khmeros-siemreap-fonts	5.0-9.el6
kiconedit	4.3.3-1.el6
kio_sysinfo	20090930-1.el6
kipi-plugins	0.8.0-7.el6
kipi-plugins-libs	0.8.0-7.el6
kmid	2.0-0.14.20080213svn.el6
kmid-common	2.0-0.14.20080213svn.el6
kmid-devel	2.0-0.14.20080213svn.el6
kmod-oracleasm	2.0.8-16.1.el6_10
konq-plugins	4.3.3-5.el6
konq-plugins-doc	4.3.3-5.el6
kpartx	0.4.9-106.el6_10.1
kpathsea	2007-60.el6_7
kpathsea-devel	2007-60.el6_7
krb5-appl-clients	1.0.1-10.el6_10
krb5-appl-servers	1.0.1-10.el6_10
krb5-auth-dialog	0.13-6.el6
krb5-devel	1.10.3-65.el6
krb5-libs	1.10.3-65.el6
krb5-pkinit-openssl	1.10.3-65.el6
krb5-server	1.10.3-65.el6
krb5-server-ldap	1.10.3-65.el6
krb5-workstation	1.10.3-65.el6
kross-python	4.3.4-5.el6
ksc	0.9.18-1.el6
ksh	20120801-38.el6_10
ksig	1.1-0.10.20080213.el6
ksig-doc	1.1-0.10.20080213.el6
ksm_preload	0.10-3.el6
ksshaskpass	0.5.1-4.1.el6
ksysguardd	4.3.4-37.el6
kurdit-unikurd-web-fonts	20020502-6.el6
ladspa	1.13-6.1.el6
ladspa-devel	1.13-6.1.el6
lapack	3.2.1-5.el6
lapack-devel	3.2.1-5.el6
lasso	2.4.0-6.el6
lasso-devel	2.4.0-6.el6
lasso-python	2.4.0-6.el6
latencytop	0.5-9.el6
latencytop-common	0.5-9.el6
latencytop-tui	0.5-9.el6
latex2html	2008-4.el6
latrace	0.5.9-2.el6
lcms	1.19-1.el6
lcms-devel	1.19-1.el6
lcms-libs	1.19-1.el6
ldapjdk	4.18-8.el6
ldapjdk-javadoc	4.18-8.el6
ldb-tools	1.1.25-2.el6_7
ldns	1.6.16-7.el6.2
ldns-devel	1.6.16-7.el6.2
ldns-doc	1.6.16-7.el6.2
ldns-python	1.6.16-7.el6.2
ledmon	0.79-1.el6
lemon	3.6.20-1.el6_7.2
less	436-13.el6
lftp	4.0.9-15.el6
lftp-scripts	4.0.9-15.el6
libEMF	1.0.4-1.el6
libEMF-devel	1.0.4-1.el6
libICE	1.0.6-1.el6
libICE-devel	1.0.6-1.el6
libIDL	0.8.13-2.1.el6
libIDL-devel	0.8.13-2.1.el6
libSM	1.2.1-2.el6
libSM-devel	1.2.1-2.el6
libX11	1.6.4-4.el6_10
libX11-common	1.6.4-4.el6_10
libX11-devel	1.6.4-4.el6_10
libXScrnSaver	1.2.2-2.el6
libXScrnSaver-devel	1.2.2-2.el6
libXau	1.0.6-4.el6
libXau-devel	1.0.6-4.el6
libXaw	1.0.11-2.el6
libXaw-devel	1.0.11-2.el6
libXcomposite	0.4.3-4.el6
libXcomposite-devel	0.4.3-4.el6
libXcursor	1.1.14-2.1.el6
libXcursor-devel	1.1.14-2.1.el6
libXdamage	1.1.3-4.el6
libXdamage-devel	1.1.3-4.el6
libXdmcp	1.1.1-3.el6
libXdmcp-devel	1.1.1-3.el6
libXevie	1.0.3-4.el6
libXevie-devel	1.0.3-4.el6
libXext	1.3.3-1.el6
libXext-devel	1.3.3-1.el6
libXfixes	5.0.3-1.el6
libXfixes-devel	5.0.3-1.el6
libXfont	1.5.1-2.el6
libXfont-devel	1.5.1-2.el6
libXft	2.3.2-1.el6
libXft-devel	2.3.2-1.el6
libXi	1.7.8-1.el6
libXi-devel	1.7.8-1.el6
libXinerama	1.1.3-2.1.el6
libXinerama-devel	1.1.3-2.1.el6
libXmu	1.1.1-2.el6
libXmu-devel	1.1.1-2.el6
libXp	1.0.2-2.1.el6
libXp-devel	1.0.2-2.1.el6
libXpm	3.5.10-2.el6
libXpm-devel	3.5.10-2.el6
libXrandr	1.5.1-1.el6
libXrandr-devel	1.5.1-1.el6
libXrender	0.9.10-1.el6
libXrender-devel	0.9.10-1.el6
libXres	1.0.7-2.1.el6
libXres-devel	1.0.7-2.1.el6
libXt	1.1.4-6.1.el6
libXt-devel	1.1.4-6.1.el6
libXtst	1.2.3-1.el6
libXtst-devel	1.2.3-1.el6
libXv	1.0.11-1.el6
libXv-devel	1.0.11-1.el6
libXvMC	1.0.10-1.el6
libXvMC-devel	1.0.10-1.el6
libXxf86dga	1.1.4-2.1.el6
libXxf86dga-devel	1.1.4-2.1.el6
libXxf86misc	1.0.3-4.el6
libXxf86misc-devel	1.0.3-4.el6
libXxf86vm	1.1.3-2.1.el6
libXxf86vm-devel	1.1.3-2.1.el6
libacl	2.2.49-7.el6_9.1
libacl-devel	2.2.49-7.el6_9.1
libaio	0.3.107-10.el6
libaio-devel	0.3.107-10.el6
libao	0.8.8-7.1.el6
libao-devel	0.8.8-7.1.el6
libarchive	2.8.3-7.el6_8
libarchive-devel	2.8.3-7.el6_8
libart_lgpl	2.3.20-5.1.el6
libart_lgpl-devel	2.3.20-5.1.el6
libassuan-devel	1.0.5-3.el6
libasyncns	0.8-1.1.el6
libasyncns-devel	0.8-1.1.el6
libatasmart	0.17-4.el6_2
libatasmart-devel	0.17-4.el6_2
libatomic	8.2.1-1.3.1.el6_10
libatomic_ops-devel	1.2-8.gc.1.el6
libattr	2.4.44-7.el6
libattr-devel	2.4.44-7.el6
libavc1394	0.5.3-9.1.el6
libavc1394-devel	0.5.3-9.1.el6
libbase	1.0.0-3.OOo31.1.el6
libbase-javadoc	1.0.0-3.OOo31.1.el6
libbasicobjects	0.1.1-13.el6
libbasicobjects-devel	0.1.1-13.el6
libblkid	2.17.2-12.28.el6_9.2
libblkid-devel	2.17.2-12.28.el6_9.2
libbonobo	2.24.2-5.el6
libbonobo-devel	2.24.2-5.el6
libbonoboui	2.24.2-3.el6
libbonoboui-devel	2.24.2-3.el6
libburn	0.7.0-2.el6
libburn-devel	0.7.0-2.el6
libc-client	2007e-11.el6
libc-client-devel	2007e-11.el6
libcacard	0.15.0-2.el6
libcacard-devel	0.15.0-2.el6
libcacard-tools	0.15.0-2.el6
libcanberra	0.22-3.el6
libcanberra-devel	0.22-3.el6
libcanberra-gtk2	0.22-3.el6
libcap	2.16-5.5.el6
libcap-devel	2.16-5.5.el6
libcap-ng	0.6.4-3.el6_0.1
libcap-ng-devel	0.6.4-3.el6_0.1
libcap-ng-python	0.6.4-3.el6_0.1
libcap-ng-utils	0.6.4-3.el6_0.1
libcdio	0.81-3.1.el6
libcdio-devel	0.81-3.1.el6
libcgroup	0.40.rc1-27.el6_10
libcgroup-devel	0.40.rc1-27.el6_10
libcgroup-pam	0.40.rc1-27.el6_10
libchewing	0.3.2-27.el6
libchewing-devel	0.3.2-27.el6
libchewing-python	0.3.2-27.el6
libcilkrts	7.2.1-1.2.1.el6
libcmpiCppImpl0	2.0.1-5.el6
libcmpiutil	0.5.6-1.el6
libcmpiutil-devel	0.5.6-1.el6
libcollection	0.6.2-13.el6
libcollection-devel	0.6.2-13.el6
libcom_err	1.41.12-24.el6
libcom_err-devel	1.41.12-24.el6
libconfig	1.3.2-1.1.el6
libconfig-devel	1.3.2-1.1.el6
libcroco	0.6.2-5.el6
libcroco-devel	0.6.2-5.el6
libcurl	7.19.7-54.el6_10
libcurl-devel	7.19.7-54.el6_10
libcxgb3	1.3.1-3.el6
libcxgb3-static	1.3.1-3.el6
libcxgb4	1.3.5-1.el6
libcxgb4-static	1.3.5-1.el6
libdaemon	0.14-1.el6
libdaemon-devel	0.14-1.el6
libdbi	0.8.3-4.el6
libdbi-dbd-mysql	0.8.3-5.1.el6
libdbi-dbd-pgsql	0.8.3-5.1.el6
libdbi-dbd-sqlite	0.8.3-5.1.el6
libdbi-devel	0.8.3-4.el6
libdbi-drivers	0.8.3-5.1.el6
libdc1394	2.1.2-3.4.el6
libdc1394-devel	2.1.2-3.4.el6
libdc1394-docs	2.1.2-3.4.el6
libdc1394-tools	2.1.2-3.4.el6
libdhash	0.4.3-13.el6
libdhash-devel	0.4.3-13.el6
libdiscid	0.2.2-4.1.el6
libdiscid-devel	0.2.2-4.1.el6
libdmx	1.1.3-3.el6
libdmx-devel	1.1.3-3.el6
libdrm	2.4.65-2.el6
libdrm-devel	2.4.65-2.el6
libdv	1.0.0-8.1.el6
libdv-devel	1.0.0-8.1.el6
libdv-tools	1.0.0-8.1.el6
libdvdread	4.1.4-0.3.svn1183.el6
libdvdread-devel	4.1.4-0.3.svn1183.el6
libedit	2.11-4.20080712cvs.1.el6
libedit-devel	2.11-4.20080712cvs.1.el6
libee	0.4.1-2.el6.centos
libee-devel	0.4.1-2.el6.centos
libee-utils	0.4.1-2.el6.centos
libepoxy	1.2-3.el6
libepoxy-devel	1.2-3.el6
liberation-fonts-common	1.05.1.20090721-5.el6
liberation-mono-fonts	1.05.1.20090721-5.el6
liberation-sans-fonts	1.05.1.20090721-5.el6
liberation-serif-fonts	1.05.1.20090721-5.el6
libertas-usb8388-firmware	5.110.22.p23-3.1.el6
libesmtp	1.0.4-15.el6
libesmtp-devel	1.0.4-15.el6
libestr	0.1.9-2.el6
libestr-devel	0.1.9-2.el6
libevdev	1.4.5-2.el6
libevdev-devel	1.4.5-2.el6
libevdev-utils	1.4.5-2.el6
libevent	1.4.13-4.el6
libevent-devel	1.4.13-4.el6
libevent-doc	1.4.13-4.el6
libevent-headers	1.4.13-4.el6
libevent2	2.0.21-2.el6
libevent2-devel	2.0.21-2.el6
libevent2-doc	2.0.21-2.el6
libexif	0.6.21-6.el6_10
libexif-devel	0.6.21-6.el6_10
libffi	3.0.5-3.2.el6
libffi-devel	3.0.5-3.2.el6
libfontenc	1.1.2-3.el6
libfontenc-devel	1.1.2-3.el6
libfonts	1.0.0-3.OOo31.el6
libfonts-javadoc	1.0.0-3.OOo31.el6
libformula	0.2.0-3.OOo31.1.el6
libformula-javadoc	0.2.0-3.OOo31.1.el6
libfprint	0.1.0-19.pre2.el6
libfprint-devel	0.1.0-19.pre2.el6
libgail-gnome	1.20.1-4.1.el6.centos
libgail-gnome-devel	1.20.1-4.1.el6.centos
libgcc	4.4.7-23.el6
libgcj	4.4.7-23.el6
libgcj-devel	4.4.7-23.el6
libgcj-src	4.4.7-23.el6
libgcrypt	1.4.5-12.el6_8
libgcrypt-devel	1.4.5-12.el6_8
libgdata	0.6.4-2.el6
libgdata-devel	0.6.4-2.el6
libgfortran	4.4.7-23.el6
libgfortran4	8.2.1-1.3.1.el6_10
libgfortran5	8.2.1-1.3.1.el6_10
libglade2	2.6.4-3.1.el6
libglade2-devel	2.6.4-3.1.el6
libglademm24	2.6.7-3.1.el6
libglademm24-devel	2.6.7-3.1.el6
libgnat	4.4.7-23.el6
libgnat-devel	4.4.7-23.el6
libgnome	2.28.0-11.el6
libgnome-devel	2.28.0-11.el6
libgnomecanvas	2.26.0-4.el6
libgnomecanvas-devel	2.26.0-4.el6
libgnomecanvasmm26	2.26.0-3.el6
libgnomecanvasmm26-devel	2.26.0-3.el6
libgnomecups	0.2.3-9.el6
libgnomecups-devel	0.2.3-9.el6
libgnomekbd	2.28.2-2.el6
libgnomekbd-capplet	2.28.2-2.el6
libgnomekbd-devel	2.28.2-2.el6
libgnomemm26	2.28.0-2.el6
libgnomemm26-devel	2.28.0-2.el6
libgnomeprint22	2.18.6-4.el6
libgnomeprint22-devel	2.18.6-4.el6
libgnomeprintui22	2.18.4-3.el6
libgnomeprintui22-devel	2.18.4-3.el6
libgnomeui	2.24.1-4.el6
libgnomeui-devel	2.24.1-4.el6
libgnomeuimm26	2.28.0-1.el6
libgnomeuimm26-devel	2.28.0-1.el6
libgomp	4.4.7-23.el6
libgovirt	0.3.2-3.el6
libgovirt-devel	0.3.2-3.el6
libgpg-error	1.7-4.el6
libgpg-error-devel	1.7-4.el6
libgphoto2	2.4.7-5.el6
libgphoto2-devel	2.4.7-5.el6
libgpod	0.7.2-6.el6
libgpod-devel	0.7.2-6.el6
libgpod-doc	0.7.2-6.el6
libgsf	1.14.15-5.el6
libgsf-devel	1.14.15-5.el6
libgsf-gnome	1.14.15-5.el6
libgsf-gnome-devel	1.14.15-5.el6
libgsf-python	1.14.15-5.el6
libgssglue	0.1-11.el6
libgssglue-devel	0.1-11.el6
libgtop2	2.28.0-7.el6
libgtop2-devel	2.28.0-7.el6
libgudev1	147-2.74.el6_10
libgudev1-devel	147-2.74.el6_10
libguestfs	1.20.11-20.el6
libguestfs-devel	1.20.11-20.el6
libguestfs-java	1.20.11-20.el6
libguestfs-java-devel	1.20.11-20.el6
libguestfs-javadoc	1.20.11-20.el6
libguestfs-tools	1.20.11-20.el6
libguestfs-tools-c	1.20.11-20.el6
libgweather	2.28.0-5.el6
libgweather-devel	2.28.0-5.el6
libgxim	0.3.3-3.1.el6
libgxim-devel	0.3.3-3.1.el6
libhangul	0.0.10-1.el6
libhangul-devel	0.0.10-1.el6
libhbaapi	2.2.9-2.el6
libhbaapi-devel	2.2.9-2.el6
libhbalinux	1.0.17-2.el6
libhbalinux-devel	1.0.17-2.el6
libhugetlbfs	2.16-2.el6
libhugetlbfs-devel	2.16-2.el6
libhugetlbfs-utils	2.16-2.el6
libibcm	1.0.5-3.el6
libibcm-devel	1.0.5-3.el6
libibcm-static	1.0.5-3.el6
libibcommon	1.2.0-3.el6
libibcommon-devel	1.2.0-3.el6
libibcommon-static	1.2.0-3.el6
libibmad	1.3.11-1.el6
libibmad-devel	1.3.11-1.el6
libibmad-static	1.3.11-1.el6
libibumad	1.3.9-1.el6
libibumad-devel	1.3.9-1.el6
libibumad-static	1.3.9-1.el6
libibverbs	1.1.8-4.el6
libibverbs-devel	1.1.8-4.el6
libibverbs-devel-static	1.1.8-4.el6
libibverbs-utils	1.1.8-4.el6
libical	0.43-6.el6
libical-devel	0.43-6.el6
libicu	4.2.1-15.el6_10
libicu-devel	4.2.1-15.el6_10
libicu-doc	4.2.1-15.el6_10
libid3tag	0.15.1b-11.el6
libid3tag-devel	0.15.1b-11.el6
libidn	1.18-2.el6
libidn-devel	1.18-2.el6
libiec61883	1.2.0-4.el6
libiec61883-devel	1.2.0-4.el6
libiec61883-utils	1.2.0-4.el6
libieee1284	0.2.11-9.el6
libieee1284-devel	0.2.11-9.el6
libieee1284-python	0.2.11-9.el6
libimobiledevice	0.9.7-4.el6
libimobiledevice-devel	0.9.7-4.el6
libimobiledevice-python	0.9.7-4.el6
libini_config	1.1.0-13.el6
libini_config-devel	1.1.0-13.el6
libipa_hbac	1.13.3-60.el6_10.2
libipa_hbac-devel	1.13.3-60.el6_10.2
libipathverbs	1.3-3.el6
libipathverbs-static	1.3-3.el6
libiptcdata	1.0.4-2.1.el6
libiptcdata-devel	1.0.4-2.1.el6
libiptcdata-python	1.0.4-2.1.el6
libisofs	0.6.32-1.el6
libisofs-devel	0.6.32-1.el6
libitm	8.2.1-1.3.1.el6_10
libiwpm	1.0.3-5.el6
libjpeg-turbo	1.2.1-3.el6_5
libjpeg-turbo-devel	1.2.1-3.el6_5
libjpeg-turbo-static	1.2.1-3.el6_5
libkadm5	1.10.3-65.el6
libksba	1.0.7-4.el6
libksba-devel	1.0.7-4.el6
liblayout	0.2.9-4.OOo31.el6
liblayout-javadoc	0.2.9-4.OOo31.el6
libldb	1.1.25-2.el6_7
libldb-devel	1.1.25-2.el6_7
libloader	1.0.0-2.OOo31.1.el6
libloader-javadoc	1.0.0-2.OOo31.1.el6
libmalaga	7.12-6.el6
libmatchbox	1.9-6.1.el6
libmatchbox-devel	1.9-6.1.el6
libmcpp	2.7.2-4.1.el6
libmcpp-devel	2.7.2-4.1.el6
libmemcached	0.31-1.1.el6
libmemcached-devel	0.31-1.1.el6
libmicrohttpd	0.9.33-4.el6
libmicrohttpd-devel	0.9.33-4.el6
libmicrohttpd-doc	0.9.33-4.el6
libmlx4	1.0.6-7.el6
libmlx4-static	1.0.6-7.el6
libmlx5	1.0.2-1.el6
libmlx5-static	1.0.2-1.el6
libmng	1.0.10-4.1.el6
libmng-devel	1.0.10-4.1.el6
libmnl	1.0.2-3.el6
libmnl-devel	1.0.2-3.el6
libmpcdec	1.2.6-6.1.el6
libmpcdec-devel	1.2.6-6.1.el6
libmsn	4.0-0.15.beta8.1.el6
libmsn-devel	4.0-0.15.beta8.1.el6
libmthca	1.0.6-4.el6
libmthca-static	1.0.6-4.el6
libmtp	1.0.1-2.el6
libmtp-devel	1.0.1-2.el6
libmtp-examples	1.0.1-2.el6
libmudflap	4.4.7-23.el6
libmudflap-devel	4.4.7-23.el6
libmusicbrainz	2.1.5-11.1.el6
libmusicbrainz-devel	2.1.5-11.1.el6
libmusicbrainz3	3.0.2-7.el6
libmusicbrainz3-devel	3.0.2-7.el6
libnes	1.1.4-2.el6
libnes-static	1.1.4-2.el6
libnetfilter_conntrack	0.0.100-2.el6
libnetfilter_conntrack-devel	0.0.100-2.el6
libnetfilter_queue	1.0.1-3.el6
libnetfilter_queue-devel	1.0.1-3.el6
libnfnetlink	1.0.0-1.el6
libnfnetlink-devel	1.0.0-1.el6
libnice	0.0.9-3.el6
libnice-devel	0.0.9-3.el6
libnih	1.0.1-8.el6
libnih-devel	1.0.1-8.el6
libnl	1.1.4-2.el6
libnl-devel	1.1.4-2.el6
libnl3	3.2.21-8.el6
libnl3-cli	3.2.21-8.el6
libnl3-devel	3.2.21-8.el6
libnl3-doc	3.2.21-8.el6
libnotify	0.5.0-1.el6
libnotify-devel	0.5.0-1.el6
libntlm	1.0-3.el6
libntlm-devel	1.0-3.el6
libobjc	4.4.7-23.el6
libocrdma	1.0.6-1.el6
libocrdma-static	1.0.6-1.el6
libogg	1.1.4-2.1.el6
libogg-devel	1.1.4-2.1.el6
libogg-devel-docs	1.1.4-2.1.el6
liboil	0.3.16-4.1.el6
liboil-devel	0.3.16-4.1.el6
libopenraw	0.0.5-4.1.el6
libopenraw-devel	0.0.5-4.1.el6
libopenraw-gnome	0.0.5-4.1.el6
libopenraw-gnome-devel	0.0.5-4.1.el6
libotf	0.9.9-3.1.el6
libotf-devel	0.9.9-3.1.el6
libpanelappletmm	2.26.0-3.el6
libpanelappletmm-devel	2.26.0-3.el6
libpaper	1.1.23-6.1.el6
libpaper-devel	1.1.23-6.1.el6
libpath_utils	0.2.1-13.el6
libpath_utils-devel	0.2.1-13.el6
libpcap	1.4.0-4.20130826git2dbcaa1.el6
libpcap-devel	1.4.0-4.20130826git2dbcaa1.el6
libpciaccess	0.13.4-1.el6
libpciaccess-devel	0.13.4-1.el6
libplist	1.2-1.el6
libplist-devel	1.2-1.el6
libplist-python	1.2-1.el6
libpng	1.2.49-2.el6_7
libpng-devel	1.2.49-2.el6_7
libpng-static	1.2.49-2.el6_7
libproxy	0.3.0-10.el6
libproxy-bin	0.3.0-10.el6
libproxy-devel	0.3.0-10.el6
libproxy-gnome	0.3.0-10.el6
libproxy-kde	0.3.0-10.el6
libproxy-mozjs	0.3.0-10.el6
libproxy-python	0.3.0-10.el6
libproxy-webkit	0.3.0-10.el6
libpst	0.6.44-3.el6
libpst-devel	0.6.44-3.el6
libpst-devel-doc	0.6.44-3.el6
libpst-doc	0.6.44-3.el6
libpst-libs	0.6.44-3.el6
libpst-python	0.6.44-3.el6
libpurple	2.7.9-28.el6
libpurple-devel	2.7.9-28.el6
libpurple-perl	2.7.9-28.el6
libpurple-tcl	2.7.9-28.el6
libqb	0.17.1-2.el6
libqb-devel	0.17.1-2.el6
libquadmath	8.2.1-1.3.1.el6_10
libraw1394	2.0.4-1.el6
libraw1394-devel	2.0.4-1.el6
librdmacm	1.0.21-0.el6
librdmacm-devel	1.0.21-0.el6
librdmacm-static	1.0.21-0.el6
librdmacm-utils	1.0.21-0.el6
libreadline-java	0.8.0-24.3.el6
libreadline-java-javadoc	0.8.0-24.3.el6
libref_array	0.1.4-13.el6
libref_array-devel	0.1.4-13.el6
librelp	1.2.7-3.el6_9.1
librelp-devel	1.2.7-3.el6_9.1
libreoffice	4.3.7.2-2.el6_9.2
libreoffice-base	4.3.7.2-2.el6_9.2
libreoffice-bsh	4.3.7.2-2.el6_9.2
libreoffice-calc	4.3.7.2-2.el6_9.2
libreoffice-core	4.3.7.2-2.el6_9.2
libreoffice-draw	4.3.7.2-2.el6_9.2
libreoffice-emailmerge	4.3.7.2-2.el6_9.2
libreoffice-filters	4.3.7.2-2.el6_9.2
libreoffice-gdb-debug-support	4.3.7.2-2.el6_9.2
libreoffice-glade	4.3.7.2-2.el6_9.2
libreoffice-graphicfilter	4.3.7.2-2.el6_9.2
libreoffice-headless	4.3.7.2-2.el6_9.2
libreoffice-impress	4.3.7.2-2.el6_9.2
libreoffice-langpack-af	4.3.7.2-2.el6_9.2
libreoffice-langpack-ar	4.3.7.2-2.el6_9.2
libreoffice-langpack-as	4.3.7.2-2.el6_9.2
libreoffice-langpack-bg	4.3.7.2-2.el6_9.2
libreoffice-langpack-bn	4.3.7.2-2.el6_9.2
libreoffice-langpack-ca	4.3.7.2-2.el6_9.2
libreoffice-langpack-cs	4.3.7.2-2.el6_9.2
libreoffice-langpack-cy	4.3.7.2-2.el6_9.2
libreoffice-langpack-da	4.3.7.2-2.el6_9.2
libreoffice-langpack-de	4.3.7.2-2.el6_9.2
libreoffice-langpack-dz	4.3.7.2-2.el6_9.2
libreoffice-langpack-el	4.3.7.2-2.el6_9.2
libreoffice-langpack-en	4.3.7.2-2.el6_9.2
libreoffice-langpack-es	4.3.7.2-2.el6_9.2
libreoffice-langpack-et	4.3.7.2-2.el6_9.2
libreoffice-langpack-eu	4.3.7.2-2.el6_9.2
libreoffice-langpack-fi	4.3.7.2-2.el6_9.2
libreoffice-langpack-fr	4.3.7.2-2.el6_9.2
libreoffice-langpack-ga	4.3.7.2-2.el6_9.2
libreoffice-langpack-gl	4.3.7.2-2.el6_9.2
libreoffice-langpack-gu	4.3.7.2-2.el6_9.2
libreoffice-langpack-he	4.3.7.2-2.el6_9.2
libreoffice-langpack-hi	4.3.7.2-2.el6_9.2
libreoffice-langpack-hr	4.3.7.2-2.el6_9.2
libreoffice-langpack-hu	4.3.7.2-2.el6_9.2
libreoffice-langpack-it	4.3.7.2-2.el6_9.2
libreoffice-langpack-ja	4.3.7.2-2.el6_9.2
libreoffice-langpack-kn	4.3.7.2-2.el6_9.2
libreoffice-langpack-ko	4.3.7.2-2.el6_9.2
libreoffice-langpack-lt	4.3.7.2-2.el6_9.2
libreoffice-langpack-mai	4.3.7.2-2.el6_9.2
libreoffice-langpack-ml	4.3.7.2-2.el6_9.2
libreoffice-langpack-mr	4.3.7.2-2.el6_9.2
libreoffice-langpack-ms	4.3.7.2-2.el6_9.2
libreoffice-langpack-nb	4.3.7.2-2.el6_9.2
libreoffice-langpack-nl	4.3.7.2-2.el6_9.2
libreoffice-langpack-nn	4.3.7.2-2.el6_9.2
libreoffice-langpack-nr	4.3.7.2-2.el6_9.2
libreoffice-langpack-nso	4.3.7.2-2.el6_9.2
libreoffice-langpack-or	4.3.7.2-2.el6_9.2
libreoffice-langpack-pa	4.3.7.2-2.el6_9.2
libreoffice-langpack-pl	4.3.7.2-2.el6_9.2
libreoffice-langpack-pt-BR	4.3.7.2-2.el6_9.2
libreoffice-langpack-pt-PT	4.3.7.2-2.el6_9.2
libreoffice-langpack-ro	4.3.7.2-2.el6_9.2
libreoffice-langpack-ru	4.3.7.2-2.el6_9.2
libreoffice-langpack-sk	4.3.7.2-2.el6_9.2
libreoffice-langpack-sl	4.3.7.2-2.el6_9.2
libreoffice-langpack-sr	4.3.7.2-2.el6_9.2
libreoffice-langpack-ss	4.3.7.2-2.el6_9.2
libreoffice-langpack-st	4.3.7.2-2.el6_9.2
libreoffice-langpack-sv	4.3.7.2-2.el6_9.2
libreoffice-langpack-ta	4.3.7.2-2.el6_9.2
libreoffice-langpack-te	4.3.7.2-2.el6_9.2
libreoffice-langpack-th	4.3.7.2-2.el6_9.2
libreoffice-langpack-tn	4.3.7.2-2.el6_9.2
libreoffice-langpack-tr	4.3.7.2-2.el6_9.2
libreoffice-langpack-ts	4.3.7.2-2.el6_9.2
libreoffice-langpack-uk	4.3.7.2-2.el6_9.2
libreoffice-langpack-ur	4.3.7.2-2.el6_9.2
libreoffice-langpack-ve	4.3.7.2-2.el6_9.2
libreoffice-langpack-xh	4.3.7.2-2.el6_9.2
libreoffice-langpack-zh-Hans	4.3.7.2-2.el6_9.2
libreoffice-langpack-zh-Hant	4.3.7.2-2.el6_9.2
libreoffice-langpack-zu	4.3.7.2-2.el6_9.2
libreoffice-librelogo	4.3.7.2-2.el6_9.2
libreoffice-math	4.3.7.2-2.el6_9.2
libreoffice-nlpsolver	4.3.7.2-2.el6_9.2
libreoffice-officebean	4.3.7.2-2.el6_9.2
libreoffice-ogltrans	4.3.7.2-2.el6_9.2
libreoffice-opensymbol-fonts	4.3.7.2-2.el6_9.2
libreoffice-pdfimport	4.3.7.2-2.el6_9.2
libreoffice-pyuno	4.3.7.2-2.el6_9.2
libreoffice-rhino	4.3.7.2-2.el6_9.2
libreoffice-sdk	4.3.7.2-2.el6_9.2
libreoffice-sdk-doc	4.3.7.2-2.el6_9.2
libreoffice-ure	4.3.7.2-2.el6_9.2
libreoffice-wiki-publisher	4.3.7.2-2.el6_9.2
libreoffice-writer	4.3.7.2-2.el6_9.2
libreoffice-xsltfilter	4.3.7.2-2.el6_9.2
libreport	2.0.9-34.el6.centos
libreport-cli	2.0.9-34.el6.centos
libreport-compat	2.0.9-34.el6.centos
libreport-devel	2.0.9-34.el6.centos
libreport-filesystem	2.0.9-34.el6.centos
libreport-gtk	2.0.9-34.el6.centos
libreport-gtk-devel	2.0.9-34.el6.centos
libreport-newt	2.0.9-34.el6.centos
libreport-plugin-bugzilla	2.0.9-34.el6.centos
libreport-plugin-kerneloops	2.0.9-34.el6.centos
libreport-plugin-logger	2.0.9-34.el6.centos
libreport-plugin-mailx	2.0.9-34.el6.centos
libreport-plugin-reportuploader	2.0.9-34.el6.centos
libreport-plugin-rhtsupport	2.0.9-34.el6.centos
libreport-plugin-ureport	2.0.9-34.el6.centos
libreport-python	2.0.9-34.el6.centos
librepository	1.0.0-2.OOo31.1.el6
librepository-javadoc	1.0.0-2.OOo31.1.el6
libreswan	3.15-9.el6_10
librsvg2	2.26.0-14.el6
librsvg2-devel	2.26.0-14.el6
libsamplerate	0.1.7-2.1.el6
libsamplerate-devel	0.1.7-2.1.el6
libsane-hpaio	3.14.6-4.el6.1
libselinux	2.0.94-7.el6
libselinux-devel	2.0.94-7.el6
libselinux-python	2.0.94-7.el6
libselinux-ruby	2.0.94-7.el6
libselinux-static	2.0.94-7.el6
libselinux-utils	2.0.94-7.el6
libsemanage	2.0.43-5.1.el6
libsemanage-devel	2.0.43-5.1.el6
libsemanage-python	2.0.43-5.1.el6
libsemanage-static	2.0.43-5.1.el6
libsepol	2.0.41-4.el6
libsepol-devel	2.0.41-4.el6
libsepol-static	2.0.41-4.el6
libsexy	0.1.11-13.el6
libsexy-devel	0.1.11-13.el6
libshout	2.2.2-5.1.el6
libshout-devel	2.2.2-5.1.el6
libsigc++20	2.2.4.2-1.el6
libsigc++20-devel	2.2.4.2-1.el6
libsigc++20-doc	2.2.4.2-1.el6
libsmbclient	3.6.23-53.el6_10
libsmbclient-devel	3.6.23-53.el6_10
libsmi	0.4.8-4.el6
libsmi-devel	0.4.8-4.el6
libsndfile	1.0.20-5.el6
libsndfile-devel	1.0.20-5.el6
libsoup	2.34.3-5.el6
libsoup-devel	2.34.3-5.el6
libspectre	0.2.4-2.el6
libspectre-devel	0.2.4-2.el6
libspiro	20071029-3.1.el6
libspiro-devel	20071029-3.1.el6
libss	1.41.12-24.el6
libss-devel	1.41.12-24.el6
libssh2	1.4.2-3.el6_10.1
libssh2-devel	1.4.2-3.el6_10.1
libssh2-docs	1.4.2-3.el6_10.1
libsss_idmap	1.13.3-60.el6_10.2
libsss_idmap-devel	1.13.3-60.el6_10.2
libsss_nss_idmap	1.13.3-60.el6_10.2
libsss_nss_idmap-devel	1.13.3-60.el6_10.2
libsss_simpleifp	1.13.3-60.el6_10.2
libsss_simpleifp-devel	1.13.3-60.el6_10.2
libstdc++	4.4.7-23.el6
libstdc++-devel	4.4.7-23.el6
libstdc++-docs	4.4.7-23.el6
libsysfs	2.1.0-7.el6
libsysfs-devel	2.1.0-7.el6
libtalloc	2.1.5-1.el6_7
libtalloc-devel	2.1.5-1.el6_7
libtar	1.2.11-17.el6_4.1
libtar-devel	1.2.11-17.el6_4.1
libtasn1	2.3-6.el6_5
libtasn1-devel	2.3-6.el6_5
libtasn1-tools	2.3-6.el6_5
libtdb	1.3.8-3.el6_8.2
libtdb-devel	1.3.8-3.el6_8.2
libtevent	0.9.26-2.el6_7
libtevent-devel	0.9.26-2.el6_7
libtextcat	2.2-10.el6
libtextcat-devel	2.2-10.el6
libthai	0.1.12-3.el6
libthai-devel	0.1.12-3.el6
libtheora	1.1.0-2.el6
libtheora-devel	1.1.0-2.el6
libtheora-devel-docs	1.1.0-2.el6
libtidy	0.99.0-19.20070615.1.el6
libtidy-devel	0.99.0-19.20070615.1.el6
libtiff	3.9.4-21.el6_8
libtiff-devel	3.9.4-21.el6_8
libtiff-static	3.9.4-21.el6_8
libtirpc	0.2.1-15.el6
libtirpc-devel	0.2.1-15.el6
libtool	2.2.6-15.5.el6
libtool-ltdl	2.2.6-15.5.el6
libtool-ltdl-devel	2.2.6-15.5.el6
libtopology	0.3-7.el6
libtopology-devel	0.3-7.el6
libtopology-doc	0.3-7.el6
libudev	147-2.74.el6_10
libudev-devel	147-2.74.el6_10
libuninameslist	20080409-3.1.el6
libuninameslist-devel	20080409-3.1.el6
libunistring	0.9.3-5.el6
libunistring-devel	0.9.3-5.el6
libusb	0.1.12-23.el6
libusb-devel	0.1.12-23.el6
libusb-static	0.1.12-23.el6
libusb1	1.0.9-0.7.rc1.el6
libusb1-devel	1.0.9-0.7.rc1.el6
libusb1-static	1.0.9-0.7.rc1.el6
libuser	0.56.13-8.el6_7
libuser-devel	0.56.13-8.el6_7
libuser-python	0.56.13-8.el6_7
libutempter	1.1.5-4.1.el6
libutempter-devel	1.1.5-4.1.el6
libuuid	2.17.2-12.28.el6_9.2
libuuid-devel	2.17.2-12.28.el6_9.2
libv4l	0.6.3-2.el6
libv4l-devel	0.6.3-2.el6
libvirt	0.10.2-64.el6_10.2
libvirt-cim	0.6.1-12.el6
libvirt-client	0.10.2-64.el6_10.2
libvirt-devel	0.10.2-64.el6_10.2
libvirt-java	0.4.9-1.el6
libvirt-java-devel	0.4.9-1.el6
libvirt-java-javadoc	0.4.9-1.el6
libvirt-lock-sanlock	0.10.2-64.el6_10.2
libvirt-python	0.10.2-64.el6_10.2
libvirt-snmp	0.0.2-5.el6
libvisual	0.4.0-10.el6
libvisual-devel	0.4.0-10.el6
libvncserver	0.9.7-7.el6_6.1
libvncserver-devel	0.9.7-7.el6_6.1
libvoikko	2.2.2-1.el6
libvoikko-devel	2.2.2-1.el6
libvorbis	1.2.3-5.el6_9.1
libvorbis-devel	1.2.3-5.el6_9.1
libvorbis-devel-docs	1.2.3-5.el6_9.1
libvpx	1.3.0-5.el6_5
libvpx-devel	1.3.0-5.el6_5
libvpx-utils	1.3.0-5.el6_5
libwacom	0.16-2.el6
libwacom-data	0.16-2.el6
libwacom-devel	0.16-2.el6
libwmf	0.2.8.4-25.el6_7
libwmf-devel	0.2.8.4-25.el6_7
libwmf-lite	0.2.8.4-25.el6_7
libwnck	2.28.0-3.el6
libwnck-devel	2.28.0-3.el6
libwpd	0.8.14-4.1.el6
libwpd-devel	0.8.14-4.1.el6
libwpd-tools	0.8.14-4.1.el6
libwpg	0.1.3-4.1.el6
libwpg-devel	0.1.3-4.1.el6
libwpg-tools	0.1.3-4.1.el6
libwsman-devel	2.2.3-11.el6
libwsman1	2.2.3-11.el6
libwvstreams	4.6-6.el6
libwvstreams-devel	4.6-6.el6
libxcb	1.12-4.el6
libxcb-devel	1.12-4.el6
libxcb-doc	1.12-4.el6
libxcb-python	1.12-4.el6
libxkbfile	1.0.6-1.1.el6
libxkbfile-devel	1.0.6-1.1.el6
libxklavier	4.0-9.el6
libxklavier-devel	4.0-9.el6
libxml2	2.7.6-21.el6_8.1
libxml2-devel	2.7.6-21.el6_8.1
libxml2-python	2.7.6-21.el6_8.1
libxml2-static	2.7.6-21.el6_8.1
libxshmfence	1.2-1.el6
libxshmfence-devel	1.2-1.el6
libxslt	1.1.26-2.el6_3.1
libxslt-devel	1.1.26-2.el6_3.1
libxslt-python	1.1.26-2.el6_3.1
libyaml	0.1.3-4.el6_6
libyaml-devel	0.1.3-4.el6_6
libzip	0.9-3.1.el6
libzip-devel	0.9-3.1.el6
linuxdoc-tools	0.9.65-3.el6
linuxptp	1.5-2.el6
lklug-fonts	0.6-4.20090803cvs.el6
lksctp-tools	1.0.10-7.el6
lksctp-tools-devel	1.0.10-7.el6
lksctp-tools-doc	1.0.10-7.el6
lldpad	0.9.46-10.el6_8
lldpad-devel	0.9.46-10.el6_8
lldpad-libs	0.9.46-10.el6_8
lm_sensors	3.1.1-17.el6
lm_sensors-devel	3.1.1-17.el6
lm_sensors-libs	3.1.1-17.el6
lm_sensors-sensord	3.1.1-17.el6
lockdev	1.0.1-18.el6
lockdev-devel	1.0.1-18.el6
log4cpp	1.0-13.el6_5.1
log4cpp-devel	1.0-13.el6_5.1
log4j	1.2.14-6.4.el6
log4j-javadoc	1.2.14-6.4.el6
log4j-manual	1.2.14-6.4.el6
logrotate	3.7.8-28.el6
logwatch	7.3.6-55.el6
lohit-assamese-fonts	2.4.3-5.el6
lohit-bengali-fonts	2.4.3-6.el6
lohit-devanagari-fonts	2.4.3-7.el6
lohit-gujarati-fonts	2.4.4-4.el6
lohit-kannada-fonts	2.4.5-6.el6
lohit-malayalam-fonts	2.4.4-5.el6
lohit-oriya-fonts	2.4.3-6.el6
lohit-punjabi-fonts	2.4.4-2.el6
lohit-tamil-fonts	2.4.5-5.el6
lohit-telugu-fonts	2.4.5-6.el6
lpg	2.0.17-4.1.el6
lpg-java	2.0.17-4.1.el6
lpg-java-compat	1.1.0-4.1.el6
lpsolve	5.5.0.15-2.el6
lpsolve-devel	5.5.0.15-2.el6
lrzsz	0.12.20-27.1.el6
lshw	B.02.17-4.el6
lshw-gui	B.02.17-4.el6
lslk	1.29-23.el6
lsof	4.82-5.el6
lsscsi	0.23-3.el6
ltrace	0.5-28.45svn.el6
lua	5.1.4-4.1.el6
lua-devel	5.1.4-4.1.el6
lua-static	5.1.4-4.1.el6
lucene	2.3.1-5.9.el6
lucene-contrib	2.3.1-5.9.el6
lucene-demo	2.3.1-5.9.el6
lucene-javadoc	2.3.1-5.9.el6
luci	0.26.0-93.el6.centos
lvm2	2.02.143-12.el6_9.1
lvm2-cluster	2.02.143-12.el6_9.1
lvm2-devel	2.02.143-12.el6_9.1
lvm2-libs	2.02.143-12.el6_9.1
lx	20030328-5.1.el6
lynx	2.8.6-27.el6
lzo	2.03-3.1.el6_5.1
lzo-devel	2.03-3.1.el6_5.1
lzo-minilzo	2.03-3.1.el6_5.1
lzop	1.02-0.9.rc1.el6
m17n-contrib	1.1.10-4.el6_1.1
m17n-contrib-assamese	1.1.10-4.el6_1.1
m17n-contrib-bengali	1.1.10-4.el6_1.1
m17n-contrib-chinese	1.1.10-4.el6_1.1
m17n-contrib-czech	1.1.10-4.el6_1.1
m17n-contrib-esperanto	1.1.10-4.el6_1.1
m17n-contrib-gujarati	1.1.10-4.el6_1.1
m17n-contrib-hindi	1.1.10-4.el6_1.1
m17n-contrib-kannada	1.1.10-4.el6_1.1
m17n-contrib-kashmiri	1.1.10-4.el6_1.1
m17n-contrib-maithili	1.1.10-4.el6_1.1
m17n-contrib-malayalam	1.1.10-4.el6_1.1
m17n-contrib-marathi	1.1.10-4.el6_1.1
m17n-contrib-nepali	1.1.10-4.el6_1.1
m17n-contrib-oriya	1.1.10-4.el6_1.1
m17n-contrib-pashto	1.1.10-4.el6_1.1
m17n-contrib-punjabi	1.1.10-4.el6_1.1
m17n-contrib-russian	1.1.10-4.el6_1.1
m17n-contrib-sindhi	1.1.10-4.el6_1.1
m17n-contrib-sinhala	1.1.10-4.el6_1.1
m17n-contrib-tai	1.1.10-4.el6_1.1
m17n-contrib-tamil	1.1.10-4.el6_1.1
m17n-contrib-telugu	1.1.10-4.el6_1.1
m17n-contrib-urdu	1.1.10-4.el6_1.1
m17n-contrib-vietnamese	1.1.10-4.el6_1.1
m17n-db	1.5.5-1.1.el6
m17n-db-amharic	1.5.5-1.1.el6
m17n-db-arabic	1.5.5-1.1.el6
m17n-db-armenian	1.5.5-1.1.el6
m17n-db-assamese	1.5.5-1.1.el6
m17n-db-bengali	1.5.5-1.1.el6
m17n-db-cham	1.5.5-1.1.el6
m17n-db-chinese	1.5.5-1.1.el6
m17n-db-common-cjk	1.5.5-1.1.el6
m17n-db-croatian	1.5.5-1.1.el6
m17n-db-danish	1.5.5-1.1.el6
m17n-db-datafiles	1.5.5-1.1.el6
m17n-db-devel	1.5.5-1.1.el6
m17n-db-dhivehi	1.5.5-1.1.el6
m17n-db-farsi	1.5.5-1.1.el6
m17n-db-french	1.5.5-1.1.el6
m17n-db-generic	1.5.5-1.1.el6
m17n-db-greek	1.5.5-1.1.el6
m17n-db-gregorian	1.5.5-1.1.el6
m17n-db-gujarati	1.5.5-1.1.el6
m17n-db-hebrew	1.5.5-1.1.el6
m17n-db-hindi	1.5.5-1.1.el6
m17n-db-japanese	1.5.5-1.1.el6
m17n-db-kannada	1.5.5-1.1.el6
m17n-db-kazakh	1.5.5-1.1.el6
m17n-db-khmer	1.5.5-1.1.el6
m17n-db-korean	1.5.5-1.1.el6
m17n-db-lao	1.5.5-1.1.el6
m17n-db-latin	1.5.5-1.1.el6
m17n-db-malayalam	1.5.5-1.1.el6
m17n-db-myanmar	1.5.5-1.1.el6
m17n-db-oriya	1.5.5-1.1.el6
m17n-db-punjabi	1.5.5-1.1.el6
m17n-db-russian	1.5.5-1.1.el6
m17n-db-sanskrit	1.5.5-1.1.el6
m17n-db-serbian	1.5.5-1.1.el6
m17n-db-sinhala	1.5.5-1.1.el6
m17n-db-slovak	1.5.5-1.1.el6
m17n-db-swedish	1.5.5-1.1.el6
m17n-db-syriac	1.5.5-1.1.el6
m17n-db-tamil	1.5.5-1.1.el6
m17n-db-telugu	1.5.5-1.1.el6
m17n-db-thai	1.5.5-1.1.el6
m17n-db-tibetan	1.5.5-1.1.el6
m17n-db-uyghur	1.5.5-1.1.el6
m17n-db-vietnamese	1.5.5-1.1.el6
m17n-lib	1.5.5-2.el6_1.1
m17n-lib-devel	1.5.5-2.el6_1.1
m2crypto	0.20.2-9.el6
m4	1.4.13-5.el6
madan-fonts	2.000-3.el6
mailcap	2.1.31-2.el6
mailman	2.1.12-26.el6_9.3
mailx	12.4-10.el6_10
make	3.81-23.el6
makebootfat	1.4-10.el6
malaga	7.12-6.el6
malaga-devel	7.12-6.el6
malaga-suomi-voikko	1.5-1.el6
man	1.6f-39.el6
man-pages	3.22-20.el6
man-pages-cs	0.18.20090209-2.1.el6
man-pages-es	1.55-14.el6
man-pages-es-extra	1.55-14.el6
man-pages-fr	3.23-12.el6
man-pages-it	2.80-6.el6
man-pages-ja	20100115-10.el6
man-pages-ko	20050219-17.el6
man-pages-overrides	6.10.0-1.el6
man-pages-pl	0.24-8.1.el6
man-pages-ru	0.97-9.el6
man-pages-uk	0.1-0.11.20071108.el6
matchbox-window-manager	1.2-6.20070628svn.1.el6
mc	4.7.0.2-6.el6
mcelog	128-1.c83713fd.el6
mcpp	2.7.2-4.1.el6
mcpp-doc	2.7.2-4.1.el6
mcstrans	0.3.1-4.el6
mdadm	3.3.4-8.el6
meanwhile	1.1.0-3.el6
meanwhile-devel	1.1.0-3.el6
meanwhile-doc	1.1.0-3.el6
media-player-info	6-1.el6
memcached	1.4.4-5.el6
memcached-devel	1.4.4-5.el6
memtest86+	5.01-2.el6
mendexk	2.6e-60.el6_7
mercurial	1.4-5.el6_9
mercurial-hgk	1.4-5.el6_9
mesa-demos	11.0.7-4.el6
mesa-dri-drivers	11.0.7-4.el6
mesa-dri-filesystem	11.0.7-4.el6
mesa-dri1-drivers	7.11-8.el6
mesa-libEGL	11.0.7-4.el6
mesa-libEGL-devel	11.0.7-4.el6
mesa-libGL	11.0.7-4.el6
mesa-libGL-devel	11.0.7-4.el6
mesa-libGLU	11.0.7-4.el6
mesa-libGLU-devel	11.0.7-4.el6
mesa-libGLw	6.5.1-10.el6
mesa-libGLw-devel	6.5.1-10.el6
mesa-libOSMesa	11.0.7-4.el6
mesa-libOSMesa-devel	11.0.7-4.el6
mesa-libgbm	11.0.7-4.el6
mesa-libgbm-devel	11.0.7-4.el6
mesa-libxatracker	11.0.7-4.el6
mesa-libxatracker-devel	11.0.7-4.el6
mesa-private-llvm	3.6.2-1.el6
mesa-private-llvm-devel	3.6.2-1.el6
metacity	2.28.0-23.el6
metacity-devel	2.28.0-23.el6
mgetty	1.1.36-9.el6
mgetty-sendfax	1.1.36-9.el6
mgetty-viewfax	1.1.36-9.el6
mgetty-voice	1.1.36-9.el6
microcode_ctl	1.17-33.31.el6_10
migrationtools	47-7.el6
min12xxw	0.0.9-5.1.el6
mingetty	1.08-5.el6
minicom	2.3-8.el6
minizip	1.2.3-29.el6
minizip-devel	1.2.3-29.el6
mipv6-daemon	1.0-2.el6
mkbootdisk	1.5.5-3.el6
mksh	39-11.el6
mlocate	0.22.2-6.el6
mobile-broadband-provider-info	1.20100122-4.el6
mobile-broadband-provider-info-devel	1.20100122-4.el6
mod_auth_kerb	5.4-14.el6
mod_auth_mellon	0.8.0-4.el6
mod_auth_mysql	3.0.0-11.el6_0.1
mod_auth_pgsql	2.0.3-10.1.el6
mod_authnz_pam	0.9.2-1.el6
mod_authz_ldap	0.26-16.el6
mod_dav_svn	1.6.11-15.el6_7
mod_dnssd	0.6-2.el6
mod_intercept_form_submit	0.9.7-1.el6
mod_lookup_identity	0.9.2-1.el6
mod_nss	1.0.10-9.el6
mod_perl	2.0.4-12.el6_10
mod_perl-devel	2.0.4-12.el6_10
mod_revocator	1.0.3-11.el6
mod_ssl	2.2.15-69.el6.centos
mod_wsgi	3.2-7.el6
modcluster	0.16.2-35.el6
module-init-tools	3.9-26.el6
mousetweaks	2.28.2-1.el6
mozilla-filesystem	1.9-5.1.el6
mpage	2.5.6-8.el6.1
mpfr	2.4.1-6.el6
mpfr-devel	2.4.1-6.el6
mpich	3.1-5.el6
mpich-autoload	3.1-5.el6
mpich-devel	3.1-5.el6
mpich-doc	3.1-5.el6
mpich2	1.2.1-2.3.el6
mpich2-devel	1.2.1-2.3.el6
mpich2-doc	1.2.1-2.3.el6
mpitests-mpich	3.2.4-2.el6
mpitests-mvapich	3.2.4-2.el6
mpitests-mvapich-psm	3.2.4-2.el6
mpitests-mvapich2	3.2.4-2.el6
mpitests-mvapich2-psm	3.2.4-2.el6
mpitests-openmpi	3.2.4-2.el6
mrtg	2.16.2-9.el6
mrtg-libs	2.16.2-9.el6
mstflint	4.1.0-1.el6
mt-st	1.1-5.el6
mtdev	1.1.5-1.el6
mtdev-devel	1.1.5-1.el6
mtools	4.0.12-1.el6
mtr	0.75-5.el6
mtr-gtk	0.75-5.el6
mtx	1.3.12-5.el6
mutt	1.5.20-9.20091214hg736b6a.el6
mvapich	1.2.0-0.3563.rc1.6.el6
mvapich-common	1.2.0-0.3563.rc1.6.el6
mvapich-devel	1.2.0-0.3563.rc1.6.el6
mvapich-psm	1.2.0-0.3563.rc1.6.el6
mvapich-psm-devel	1.2.0-0.3563.rc1.6.el6
mvapich-psm-static	1.2.0-0.3563.rc1.6.el6
mvapich-static	1.2.0-0.3563.rc1.6.el6
mvapich2	2.0rc1-1.el6
mvapich2-common	2.0rc1-1.el6
mvapich2-devel	2.0rc1-1.el6
mvapich2-psm	2.0rc1-1.el6
mvapich2-psm-devel	2.0rc1-1.el6
mx4j	3.0.1-9.13.el6
mx4j-javadoc	3.0.1-9.13.el6
mx4j-manual	3.0.1-9.13.el6
mysql	5.1.73-8.el6_8
mysql-bench	5.1.73-8.el6_8
mysql-connector-java	5.1.17-6.el6
mysql-connector-odbc	5.1.5r1144-7.el6
mysql-devel	5.1.73-8.el6_8
mysql-embedded	5.1.73-8.el6_8
mysql-embedded-devel	5.1.73-8.el6_8
mysql-libs	5.1.73-8.el6_8
mysql-server	5.1.73-8.el6_8
mysql-test	5.1.73-8.el6_8
mythes-bg	4.1-3.1.el6
mythes-ca	1.5.0-3.1.el6
mythes-cs	0.20070926-3.1.el6
mythes-da	0.20090522-3.1.el6
mythes-de	0.20090708-3.1.el6
mythes-el	0.20070412-5.1.el6
mythes-en	3.0-6.el6
mythes-es	0.20090908-2.el6
mythes-fr	2.1-5.1.el6
mythes-ga	0.20071001-5.1.el6
mythes-hu	0.20090918-1.1.el6
mythes-it	2.0.9l-4.1.el6
mythes-lv	0.8.2-2.el6
mythes-mi	0.20080630-3.1.el6
mythes-nb	2.0.10-5.1.el6
mythes-nl	0.20090708-6.el6
mythes-nn	2.0.10-5.1.el6
mythes-pl	1.5-4.1.el6
mythes-pt	0.20060817-4.2.el6
mythes-ro	3.3-0.3.test3.1.el6
mythes-ru	0.20070613-3.1.el6
mythes-sk	0.20090907-1.el6
mythes-sl	0.20090908-1.el6
mythes-sv	1.2-2.1.el6
mythes-uk	1.6.0-1.1.el6
nafees-web-naskh-fonts	1.2-5.el6
nano	2.0.9-7.el6
nasm	2.07-7.el6
nasm-doc	2.07-7.el6
nasm-rdoff	2.07-7.el6
nautilus	2.28.4-26.el6
nautilus-devel	2.28.4-26.el6
nautilus-extensions	2.28.4-26.el6
nautilus-open-terminal	0.17-4.el6
nautilus-sendto	2.28.2-4.el6
nautilus-sendto-devel	2.28.2-4.el6
nc	1.84-24.el6
ncompress	4.2.4-54.el6_2.1
ncurses	5.7-4.20090207.el6
ncurses-base	5.7-4.20090207.el6
ncurses-devel	5.7-4.20090207.el6
ncurses-libs	5.7-4.20090207.el6
ncurses-static	5.7-4.20090207.el6
ncurses-term	5.7-4.20090207.el6
neon	0.29.3-3.el6_4
neon-devel	0.29.3-3.el6_4
net-snmp	5.5-60.el6_10.2
net-snmp-devel	5.5-60.el6_10.2
net-snmp-libs	5.5-60.el6_10.2
net-snmp-perl	5.5-60.el6_10.2
net-snmp-python	5.5-60.el6_10.2
net-snmp-utils	5.5-60.el6_10.2
net-tools	1.60-114.el6
netcf	0.2.4-4.el6
netcf-devel	0.2.4-4.el6
netcf-libs	0.2.4-4.el6
netlabel_tools	0.19-11.el6
netpbm	10.47.05-11.el6
netpbm-devel	10.47.05-11.el6
netpbm-progs	10.47.05-11.el6
newt	0.52.11-4.el6
newt-devel	0.52.11-4.el6
newt-python	0.52.11-4.el6
newt-static	0.52.11-4.el6
nfs-utils	1.2.3-78.el6_10.2
nfs-utils-lib	1.1.5-13.el6
nfs-utils-lib-devel	1.1.5-13.el6
nfs4-acl-tools	0.3.3-8.el6
nkf	2.0.8b-6.2.el6
nmap	5.51-6.el6
nmap-frontend	5.51-6.el6
notification-daemon	0.5.0-1.el6
notify-python	0.1.1-10.el6
nscd	2.12-1.212.el6_10.3
nspluginwrapper	1.4.4-1.el6_3
nspr	4.21.0-1.el6_10
nspr-devel	4.21.0-1.el6_10
nss	3.44.0-7.el6_10
nss-devel	3.44.0-7.el6_10
nss-pam-ldapd	0.7.5-32.el6_10.1
nss-pkcs11-devel	3.44.0-7.el6_10
nss-softokn	3.44.0-6.el6_10
nss-softokn-devel	3.44.0-6.el6_10
nss-softokn-freebl	3.44.0-6.el6_10
nss-softokn-freebl-devel	3.44.0-6.el6_10
nss-sysinit	3.44.0-7.el6_10
nss-tools	3.44.0-7.el6_10
nss-util	3.44.0-1.el6_10
nss-util-devel	3.44.0-1.el6_10
nss_compat_ossl	0.9.6-2.el6_7
nss_compat_ossl-devel	0.9.6-2.el6_7
nss_db	2.2.3-0.5.pre1.el6_5.1
ntp	4.2.6p5-15.el6.centos
ntp-doc	4.2.6p5-15.el6.centos
ntp-perl	4.2.6p5-15.el6.centos
ntpdate	4.2.6p5-15.el6.centos
ntsysv	1.3.49.5-1.el6
numactl	2.0.9-2.el6
numactl-devel	2.0.9-2.el6
numad	0.5-12.20150602git.el6
numatop	1.0.3-2.el6
numpy	1.4.1-9.el6
numpy-f2py	1.4.1-9.el6
nuvola-icon-theme	4.3.4-7.el6
nuxwdog	1.0.1-1.el6
nuxwdog-client-java	1.0.1-1.el6
nuxwdog-devel	1.0.1-1.el6
obex-data-server	0.4.3-4.el6
obexd	0.19-2.el6
objectweb-anttask	1.3.2-3.6.el6
objectweb-anttask-javadoc	1.3.2-3.6.el6
objectweb-asm	3.2-2.1.el6
objectweb-asm-javadoc	3.2-2.1.el6
ocaml	3.11.2-5.el6
ocaml-calendar	2.01.1-5.el6
ocaml-calendar-devel	2.01.1-5.el6
ocaml-camlp4	3.11.2-5.el6
ocaml-camlp4-devel	3.11.2-5.el6
ocaml-csv	1.1.7-6.2.el6
ocaml-csv-devel	1.1.7-6.2.el6
ocaml-curses	1.0.3-6.1.el6
ocaml-curses-devel	1.0.3-6.1.el6
ocaml-docs	3.11.2-5.el6
ocaml-emacs	3.11.2-5.el6
ocaml-extlib	1.5.1-8.2.el6
ocaml-extlib-devel	1.5.1-8.2.el6
ocaml-fileutils	0.4.0-4.1.el6
ocaml-fileutils-devel	0.4.0-4.1.el6
ocaml-findlib	1.2.5-5.el6
ocaml-findlib-devel	1.2.5-5.el6
ocaml-gettext	0.3.3-3.5.el6
ocaml-gettext-devel	0.3.3-3.5.el6
ocaml-hivex	1.3.3-4.3.el6
ocaml-hivex-devel	1.3.3-4.3.el6
ocaml-labltk	3.11.2-5.el6
ocaml-labltk-devel	3.11.2-5.el6
ocaml-libguestfs	1.20.11-20.el6
ocaml-libguestfs-devel	1.20.11-20.el6
ocaml-libvirt	0.6.1.0-6.4.el6
ocaml-libvirt-devel	0.6.1.0-6.4.el6
ocaml-ocamldoc	3.11.2-5.el6
ocaml-runtime	3.11.2-5.el6
ocaml-source	3.11.2-5.el6
ocaml-x11	3.11.2-5.el6
ocaml-xml-light	2.2.cvs20070817-13.2.el6
ocaml-xml-light-devel	2.2.cvs20070817-13.2.el6
oddjob	0.30-6.el6
oddjob-mkhomedir	0.30-6.el6
omping	0.0.4-1.el6
oniguruma	5.9.1-3.1.el6
oniguruma-devel	5.9.1-3.1.el6
opal	3.6.6-4.el6
opal-devel	3.6.6-4.el6
openais	1.1.1-7.el6
openaislib	1.1.1-7.el6
openaislib-devel	1.1.1-7.el6
openchange	1.0-7.0.1.el6.centos
openchange-client	1.0-7.0.1.el6.centos
openchange-devel	1.0-7.0.1.el6.centos
openchange-devel-docs	1.0-7.0.1.el6.centos
opencryptoki	3.2-2.el6
opencryptoki-devel	3.2-2.el6
opencryptoki-libs	3.2-2.el6
openct	0.6.19-4.el6
openct-devel	0.6.19-4.el6
opencv	2.0.0-12.el6
opencv-devel	2.0.0-12.el6
opencv-devel-docs	2.0.0-12.el6
opencv-python	2.0.0-12.el6
openhpi	2.14.1-6.el6
openhpi-devel	2.14.1-6.el6
openhpi-libs	2.14.1-6.el6
openhpi-subagent	2.3.4-10.el6
openhpi32	3.4.0-2.el6
openhpi32-devel	3.4.0-2.el6
openhpi32-libs	3.4.0-2.el6
openjade	1.3.2-36.el6
openjpeg	1.3-16.el6_8
openjpeg-devel	1.3-16.el6_8
openjpeg-libs	1.3-16.el6_8
openldap	2.4.40-16.el6
openldap-clients	2.4.40-16.el6
openldap-devel	2.4.40-16.el6
openldap-servers	2.4.40-16.el6
openldap-servers-sql	2.4.40-16.el6
openmotif	2.3.3-9.el6
openmotif-devel	2.3.3-9.el6
openmotif22	2.2.3-19.el6
openmpi-1.10	1.10.2-2.el6
openmpi-1.10-devel	1.10.2-2.el6
openmpi-1.4	1.4.3-5.el6
openmpi-1.4-devel	1.4.3-5.el6
openmpi-1.4-psm	1.4.3-5.el6
openmpi-1.4-psm-devel	1.4.3-5.el6
openmpi-1.5.3	1.5.3-5.el6
openmpi-1.5.3-devel	1.5.3-5.el6
openmpi-1.5.3-psm	1.5.3-5.el6
openmpi-1.5.3-psm-devel	1.5.3-5.el6
openmpi-1.5.4	1.5.4-5.el6
openmpi-1.5.4-devel	1.5.4-5.el6
openmpi-1.8	1.8.1-5.el6
openmpi-1.8-devel	1.8.1-5.el6
openobex	1.4-7.el6
openobex-apps	1.4-7.el6
openobex-devel	1.4-7.el6
openscap	1.2.13-2.el6
openscap-content	1.2.13-2.el6
openscap-devel	1.2.13-2.el6
openscap-engine-sce	1.2.13-2.el6
openscap-engine-sce-devel	1.2.13-2.el6
openscap-extra-probes	1.2.13-2.el6
openscap-python	1.2.13-2.el6
openscap-scanner	1.2.13-2.el6
openscap-utils	1.2.13-2.el6
openslp	2.0.0-4.el6_10
openslp-devel	2.0.0-4.el6_10
openslp-server	2.0.0-4.el6_10
opensm	3.3.17-1.el6
opensm-devel	3.3.17-1.el6
opensm-libs	3.3.17-1.el6
opensm-static	3.3.17-1.el6
opensp	1.5.2-12.1.el6
opensp-devel	1.5.2-12.1.el6
openssh	5.3p1-124.el6_10
openssh-askpass	5.3p1-124.el6_10
openssh-clients	5.3p1-124.el6_10
openssh-ldap	5.3p1-124.el6_10
openssh-server	5.3p1-124.el6_10
openssl	1.0.1e-58.el6_10
openssl-devel	1.0.1e-58.el6_10
openssl-perl	1.0.1e-58.el6_10
openssl-static	1.0.1e-58.el6_10
openssl098e	0.9.8e-20.el6.centos.1
openswan	2.6.32-37.el6
openswan-doc	2.6.32-37.el6
openwsman-client	2.2.3-11.el6
openwsman-perl	2.2.3-11.el6
openwsman-python	2.2.3-11.el6
openwsman-ruby	2.2.3-11.el6
openwsman-server	2.2.3-11.el6
oprofile	0.9.9-21.el6
oprofile-devel	0.9.9-21.el6
oprofile-gui	0.9.9-21.el6
oprofile-jit	0.9.9-21.el6
orca	2.28.2-1.el6
oscilloscope	0.12-3.el6
osutil	2.0.1-1.el6
oxygen-cursor-themes	4.3.4-37.el6
oxygen-icon-theme	4.3.4-2.el6
p11-kit	0.18.5-2.el6_5.2
p11-kit-devel	0.18.5-2.el6_5.2
p11-kit-trust	0.18.5-2.el6_5.2
pacemaker	1.1.18-3.el6
pacemaker-cli	1.1.18-3.el6
pacemaker-cluster-libs	1.1.18-3.el6
pacemaker-cts	1.1.18-3.el6
pacemaker-doc	1.1.18-3.el6
pacemaker-libs	1.1.18-3.el6
pacemaker-libs-devel	1.1.18-3.el6
pacemaker-remote	1.1.18-3.el6
pakchois	0.4-3.2.el6
pakchois-devel	0.4-3.2.el6
paktype-fonts-common	2.0-8.el6
paktype-naqsh-fonts	2.0-8.el6
paktype-tehreer-fonts	2.0-8.el6
pam	1.1.1-24.el6
pam-devel	1.1.1-24.el6
pam_krb5	2.3.11-9.el6
pam_ldap	185-11.el6
pam_passwdqc	1.0.5-8.el6
pam_pkcs11	0.6.2-17.el6
pam_ssh_agent_auth	0.9.3-124.el6_10
pango	1.28.1-11.el6
pango-devel	1.28.1-11.el6
pangomm	2.26.0-1.el6
pangomm-devel	2.26.0-1.el6
papi	5.1.1-12.el6
papi-devel	5.1.1-12.el6
papi-static	5.1.1-12.el6
papi-testsuite	5.1.1-12.el6
paps	0.6.8-13.el6.3
paps-devel	0.6.8-13.el6.3
paps-libs	0.6.8-13.el6.3
parted	2.1-29.el6
parted-devel	2.1-29.el6
passivetex	1.25-11.el6
passwd	0.77-7.el6
patch	2.6-8.el6_9
patchutils	0.3.1-3.1.el6
pax	3.4-10.1.el6
pbm2l2030	1.4-5.1.el6
pbm2l7k	990321-8.el6
pciutils	3.1.10-4.el6
pciutils-devel	3.1.10-4.el6
pciutils-devel-static	3.1.10-4.el6
pciutils-libs	3.1.10-4.el6
pcmciautils	015-4.2.el6
pcp	3.10.9-9.el6
pcp-collector	3.10.9-9.el6
pcp-conf	3.10.9-9.el6
pcp-doc	3.10.9-9.el6
pcp-export-pcp2graphite	3.10.9-9.el6
pcp-export-zabbix-agent	3.10.9-9.el6
pcp-gui	3.10.9-9.el6
pcp-import-collectl2pcp	3.10.9-9.el6
pcp-import-ganglia2pcp	3.10.9-9.el6
pcp-import-iostat2pcp	3.10.9-9.el6
pcp-import-mrtg2pcp	3.10.9-9.el6
pcp-import-sar2pcp	3.10.9-9.el6
pcp-libs	3.10.9-9.el6
pcp-libs-devel	3.10.9-9.el6
pcp-manager	3.10.9-9.el6
pcp-monitor	3.10.9-9.el6
pcp-pmda-activemq	3.10.9-9.el6
pcp-pmda-apache	3.10.9-9.el6
pcp-pmda-bash	3.10.9-9.el6
pcp-pmda-bonding	3.10.9-9.el6
pcp-pmda-cifs	3.10.9-9.el6
pcp-pmda-cisco	3.10.9-9.el6
pcp-pmda-dbping	3.10.9-9.el6
pcp-pmda-dm	3.10.9-9.el6
pcp-pmda-ds389	3.10.9-9.el6
pcp-pmda-ds389log	3.10.9-9.el6
pcp-pmda-elasticsearch	3.10.9-9.el6
pcp-pmda-gfs2	3.10.9-9.el6
pcp-pmda-gluster	3.10.9-9.el6
pcp-pmda-gpfs	3.10.9-9.el6
pcp-pmda-gpsd	3.10.9-9.el6
pcp-pmda-infiniband	3.10.9-9.el6
pcp-pmda-kvm	3.10.9-9.el6
pcp-pmda-lmsensors	3.10.9-9.el6
pcp-pmda-logger	3.10.9-9.el6
pcp-pmda-lustre	3.10.9-9.el6
pcp-pmda-lustrecomm	3.10.9-9.el6
pcp-pmda-mailq	3.10.9-9.el6
pcp-pmda-memcache	3.10.9-9.el6
pcp-pmda-mic	3.10.9-9.el6
pcp-pmda-mounts	3.10.9-9.el6
pcp-pmda-mysql	3.10.9-9.el6
pcp-pmda-named	3.10.9-9.el6
pcp-pmda-netfilter	3.10.9-9.el6
pcp-pmda-news	3.10.9-9.el6
pcp-pmda-nfsclient	3.10.9-9.el6
pcp-pmda-nginx	3.10.9-9.el6
pcp-pmda-nvidia-gpu	3.10.9-9.el6
pcp-pmda-papi	3.10.9-9.el6
pcp-pmda-pdns	3.10.9-9.el6
pcp-pmda-postfix	3.10.9-9.el6
pcp-pmda-postgresql	3.10.9-9.el6
pcp-pmda-roomtemp	3.10.9-9.el6
pcp-pmda-rpm	3.10.9-9.el6
pcp-pmda-rsyslog	3.10.9-9.el6
pcp-pmda-samba	3.10.9-9.el6
pcp-pmda-sendmail	3.10.9-9.el6
pcp-pmda-shping	3.10.9-9.el6
pcp-pmda-slurm	3.10.9-9.el6
pcp-pmda-snmp	3.10.9-9.el6
pcp-pmda-summary	3.10.9-9.el6
pcp-pmda-trace	3.10.9-9.el6
pcp-pmda-unbound	3.10.9-9.el6
pcp-pmda-vmware	3.10.9-9.el6
pcp-pmda-weblog	3.10.9-9.el6
pcp-pmda-zimbra	3.10.9-9.el6
pcp-pmda-zswap	3.10.9-9.el6
pcp-system-tools	3.10.9-9.el6
pcp-testsuite	3.10.9-9.el6
pcp-webapi	3.10.9-9.el6
pcp-webapp-grafana	3.10.9-9.el6
pcp-webapp-graphite	3.10.9-9.el6
pcp-webapp-vector	3.10.9-9.el6
pcp-webjs	3.10.9-9.el6
pcre	7.8-7.el6
pcre-devel	7.8-7.el6
pcre-static	7.8-7.el6
pcs	0.9.155-3.el6.centos
pcsc-lite	1.5.2-16.el6
pcsc-lite-devel	1.5.2-16.el6
pcsc-lite-doc	1.5.2-16.el6
pcsc-lite-libs	1.5.2-16.el6
pcsc-lite-openct	0.6.19-4.el6
pdf-tools	0.29a-2.1.el6
pentaho-libxml	1.0.0-2.OOo31.1.el6
pentaho-libxml-javadoc	1.0.0-2.OOo31.1.el6
pentaho-reporting-flow-engine	0.9.2-5.OOo31.el6
pentaho-reporting-flow-engine-javadoc	0.9.2-5.OOo31.el6
perf	2.6.32-754.35.1.el6
perftest	3.0-2.0.16.gb2f2e82.el6
perl	5.10.1-144.el6
perl-Algorithm-Diff	1.1902-9.el6
perl-AppConfig	1.66-6.el6
perl-Archive-Extract	0.38-144.el6
perl-Archive-Tar	1.58-144.el6
perl-Archive-Zip	1.30-2.el6
perl-Authen-SASL	2.13-3.el6
perl-B-Keywords	1.09-3.1.el6
perl-BSD-Resource	1.29.03-3.el6
perl-Bit-Vector	7.1-2.el6
perl-Business-ISBN	2.05-2.el6
perl-Business-ISBN-Data	20081208-2.el6
perl-CGI	3.51-144.el6
perl-CGI-Session	4.35-6.el6
perl-CPAN	1.9402-144.el6
perl-CPANPLUS	0.88-144.el6
perl-CSS-Tiny	1.15-4.el6
perl-Cache-Memcached	1.28-2.el6
perl-Carp-Clan	6.03-2.el6
perl-Class-Accessor	0.31-6.1.el6
perl-Class-Data-Inheritable	0.08-3.1.el6
perl-Class-Inspector	1.24-4.el6
perl-Class-MethodMaker	2.16-6.el6
perl-Class-Singleton	1.4-6.el6
perl-Class-Trigger	0.13-2.1.el6
perl-Clone	0.31-3.1.el6
perl-Compress-Raw-Bzip2	2.021-144.el6
perl-Compress-Raw-Zlib	2.021-144.el6
perl-Compress-Zlib	2.021-144.el6
perl-Config-General	2.52-1.el6
perl-Config-Simple	4.59-5.1.el6
perl-Config-Tiny	2.12-7.1.el6
perl-Convert-ASN1	0.22-1.el6
perl-Convert-BinHex	1.119-10.1.el6
perl-Crypt-OpenSSL-Bignum	0.04-8.1.el6
perl-Crypt-OpenSSL-RSA	0.25-10.1.el6
perl-Crypt-OpenSSL-Random	0.04-9.1.el6
perl-Crypt-PasswdMD5	1.3-6.el6
perl-Crypt-SSLeay	0.57-17.el6
perl-DBD-MySQL	4.013-3.el6
perl-DBD-Pg	2.15.1-4.el6_3
perl-DBD-SQLite	1.27-3.el6
perl-DBI	1.609-4.el6
perl-DBIx-Simple	1.32-3.el6
perl-Data-OptList	0.104-4.el6
perl-Date-Calc	6.3-3.el6
perl-Date-Manip	6.24-1.el6
perl-DateTime	0.5300-3.el6
perl-DateTime-Format-DateParse	0.04-1.1.el6
perl-DateTime-Format-Mail	0.3001-6.el6
perl-DateTime-Format-W3CDTF	0.04-8.el6
perl-Devel-Cover	0.65-1.el6
perl-Devel-Cycle	1.10-3.1.el6
perl-Devel-Leak	0.03-10.el6
perl-Devel-StackTrace	1.22-4.el6
perl-Devel-Symdump	2.08-2.el6
perl-Digest-BubbleBabble	0.01-11.el6
perl-Digest-HMAC	1.01-22.el6
perl-Digest-SHA	5.47-144.el6
perl-Digest-SHA1	2.12-2.el6
perl-Email-Date-Format	1.002-5.el6
perl-Encode-Detect	1.01-2.el6
perl-Error	0.17015-4.el6
perl-Exception-Class	1.29-1.1.el6
perl-ExtUtils-CBuilder	0.27-144.el6
perl-ExtUtils-Embed	1.28-144.el6
perl-ExtUtils-MakeMaker	6.55-144.el6
perl-ExtUtils-MakeMaker-Coverage	0.05-8.el6
perl-ExtUtils-ParseXS	2.2003.0-144.el6
perl-File-Copy-Recursive	0.38-4.el6
perl-File-Fetch	0.26-144.el6
perl-File-Find-Rule	0.30-9.el6
perl-File-Find-Rule-Perl	1.09-2.el6
perl-File-HomeDir	0.86-3.el6
perl-File-Remove	1.42-4.el6
perl-File-Slurp	9999.13-7.el6
perl-File-Which	1.09-2.el6
perl-File-pushd	1.00-3.1.el6
perl-Font-AFM	1.20-3.1.el6
perl-Font-TTF	0.45-6.el6
perl-FreezeThaw	0.45-5.el6
perl-Frontier-RPC	0.07b4p1-10.el6
perl-Frontier-RPC-Client	0.07b4p1-10.el6
perl-Frontier-RPC-doc	0.07b4p1-10.el6
perl-GD	2.44-3.el6
perl-GD-Barcode	1.15-6.el6
perl-GDGraph	1.44-7.el6
perl-GDGraph3d	0.63-12.el6
perl-GDTextUtil	0.86-15.el6
perl-GSSAPI	0.26-6.el6
perl-Git	1.7.1-10.el6_10
perl-HTML-Format	2.04-11.1.el6
perl-HTML-Parser	3.64-2.el6
perl-HTML-Tagset	3.20-4.el6
perl-HTML-Tree	3.23-10.el6
perl-Hook-LexWrap	0.22-4.el6
perl-IO-Compress-Base	2.021-144.el6
perl-IO-Compress-Bzip2	2.021-144.el6
perl-IO-Compress-Zlib	2.021-144.el6
perl-IO-Socket-INET6	2.56-4.el6
perl-IO-Socket-SSL	1.31-3.el6_8.2
perl-IO-String	1.08-9.el6
perl-IO-Tty	1.08-4.el6
perl-IO-Zlib	1.09-144.el6
perl-IO-stringy	2.110-10.1.el6
perl-IPC-Cmd	0.56-144.el6
perl-IPC-Run	0.84-3.el6
perl-IPC-Run3	0.043-5.el6
perl-Image-Base	1.07-14.el6
perl-Image-Info	1.28-6.el6
perl-Image-Size	3.2-6.el6
perl-Image-Xbm	1.08-12.el6
perl-Image-Xpm	1.09-12.el6
perl-JSON	2.15-5.el6
perl-LDAP	0.40-3.el6
perl-List-MoreUtils	0.22-10.el6
perl-Locale-Maketext-Gettext	1.27-1.1.el6
perl-Locale-Maketext-Simple	0.18-144.el6
perl-Locale-PO	0.21-2.1.el6
perl-Log-Message	0.02-144.el6
perl-Log-Message-Simple	0.04-144.el6
perl-MIME-Lite	3.027-2.el6
perl-MIME-Types	1.28-2.el6
perl-MIME-tools	5.427-4.el6
perl-Mail-DKIM	0.37-2.el6
perl-MailTools	2.04-4.el6
perl-Makefile-DOM	0.004-1.1.el6
perl-Makefile-Parser	0.211-2.el6
perl-Module-Build	0.3500-144.el6
perl-Module-CoreList	2.18-144.el6
perl-Module-Find	0.08-3.el6
perl-Module-Info	0.31-7.el6
perl-Module-Install	0.91-4.el6
perl-Module-Load	0.16-144.el6
perl-Module-Load-Conditional	0.30-144.el6
perl-Module-Loaded	0.02-144.el6
perl-Module-Pluggable	3.90-144.el6
perl-Module-ScanDeps	0.95-2.el6
perl-Mozilla-LDAP	1.5.3-4.el6
perl-NKF	2.0.8b-6.2.el6
perl-Net-DNS	0.65-5.el6
perl-Net-DNS-Nameserver	0.65-5.el6
perl-Net-IP	1.25-13.el6
perl-Net-Jabber	2.0-12.el6
perl-Net-LibIDN	0.12-3.el6
perl-Net-SMTP-SSL	1.01-4.el6
perl-Net-SSLeay	1.35-10.el6_8.1
perl-Net-Telnet	3.03-11.el6
perl-Net-XMPP	1.02-8.el6
perl-NetAddr-IP	4.027-7.el6
perl-Newt	1.08-26.el6
perl-Number-Compare	0.01-13.el6
perl-Object-Accessor	0.34-144.el6
perl-Object-Deadly	0.09-6.el6
perl-PAR-Dist	0.46-2.el6
perl-PCP-LogImport	3.10.9-9.el6
perl-PCP-LogSummary	3.10.9-9.el6
perl-PCP-MMV	3.10.9-9.el6
perl-PCP-PMDA	3.10.9-9.el6
perl-PDF-Reuse	0.35-3.el6
perl-PPI	1.206-4.el6
perl-PPI-HTML	1.07-7.el6
perl-Package-Constants	0.02-144.el6
perl-Package-Generator	0.103-2.el6
perl-PadWalker	1.9-1.el6
perl-Params-Check	0.26-144.el6
perl-Params-Util	1.00-3.el6
perl-Params-Validate	0.92-3.el6
perl-Parse-CPAN-Meta	1.40-144.el6
perl-Parse-RecDescent	1.962.2-2.el6
perl-Parse-Yapp	1.05-41.el6
perl-Perl-Critic	1.105-2.el6
perl-Perl-MinimumVersion	1.20-3.el6
perl-Perlilog	0.3-4.el6
perl-Pod-Coverage	0.20-4.el6
perl-Pod-Escapes	1.04-144.el6
perl-Pod-POM	0.25-2.el6
perl-Pod-Simple	3.13-144.el6
perl-Pod-Spell	1.01-6.1.el6
perl-Probe-Perl	0.01-4.el6
perl-Readonly	1.03-11.el6
perl-Readonly-XS	1.05-3.el6
perl-SGMLSpm	1.03ii-21.el6
perl-SNMP_Session	1.12-4.el6
perl-SOAP-Lite	0.710.10-4.el6
perl-Socket6	0.23-4.el6
perl-Spiffy	0.30-12.el6
perl-String-CRC32	1.4-9.el6
perl-String-Format	1.15-2.1.el6
perl-Sub-Exporter	0.982-4.el6
perl-Sub-Install	0.925-6.el6
perl-Sub-Uplevel	0.2002-4.el6
perl-Syntax-Highlight-Engine-Kate	0.04-5.1.el6
perl-Sys-Guestfs	1.20.11-20.el6
perl-Sys-Virt	0.10.2-6.el6
perl-Taint-Runtime	0.03-9.el6
perl-Task-Weaken	1.02-7.el6
perl-TeX-Hyphen	0.140-9.el6
perl-Template-Toolkit	2.22-5.el6
perl-Term-ProgressBar	2.09-10.el6
perl-Term-UI	0.20-144.el6
perl-TermReadKey	2.30-13.el6
perl-Test-Base	0.58-3.el6
perl-Test-CPAN-Meta	0.13-1.el6
perl-Test-ClassAPI	1.06-2.1.el6
perl-Test-Deep	0.106-1.el6
perl-Test-Differences	0.4801-3.el6
perl-Test-Exception	0.27-4.1.el6
perl-Test-Harness	3.17-144.el6
perl-Test-Inter	1.01-4.el6
perl-Test-Manifest	1.22-5.el6
perl-Test-Memory-Cycle	1.04-8.el6
perl-Test-MinimumVersion	0.011-2.1.el6
perl-Test-MockObject	1.09-4.el6
perl-Test-NoWarnings	0.084-5.1.el6
perl-Test-Object	0.07-6.el6
perl-Test-Output	0.12-3.el6
perl-Test-Perl-Critic	1.01-7.1.el6
perl-Test-Pod	1.40-1.el6
perl-Test-Pod-Coverage	1.08-8.1.el6
perl-Test-Prereq	1.037-2.el6
perl-Test-Script	1.06-1.el6
perl-Test-Simple	0.92-144.el6
perl-Test-Spelling	0.11-7.el6
perl-Test-SubCalls	1.09-1.el6
perl-Test-Taint	1.04-9.el6
perl-Test-Tester	0.107-5.el6
perl-Test-Warn	0.21-2.el6
perl-Text-Autoformat	1.14.0-5.el6
perl-Text-Diff	1.37-2.1.el6
perl-Text-Glob	0.08-7.el6
perl-Text-Iconv	1.7-6.el6
perl-Text-PDF	0.29a-2.1.el6
perl-Text-Reform	1.12.2-6.el6
perl-Text-Unidecode	0.04-7.1.el6
perl-Tie-IxHash	1.21-10.1.el6
perl-Time-HiRes	1.9721-144.el6
perl-Time-Piece	1.15-144.el6
perl-Time-modules	2006.0814-5.el6
perl-TimeDate	1.16-13.el6
perl-Tree-DAG_Node	1.06-6.1.el6
perl-UNIVERSAL-can	1.15-1.el6
perl-UNIVERSAL-isa	1.03-1.el6
perl-URI	1.40-2.el6
perl-Unicode-Map8	0.12-20.el6
perl-Unicode-String	2.09-12.el6
perl-WWW-Curl	4.09-4.el6
perl-XML-DOM	1.44-7.el6
perl-XML-DOM-XPath	0.14-4.el6
perl-XML-Dumper	0.81-8.el6
perl-XML-Filter-BufferText	1.01-8.el6
perl-XML-Grove	0.46alpha-40.el6
perl-XML-LibXML	1.70-5.el6
perl-XML-LibXSLT	1.70-1.1.el6
perl-XML-NamespaceSupport	1.10-3.el6
perl-XML-Parser	2.36-7.el6
perl-XML-RSS	1.45-2.el6
perl-XML-RegExp	0.03-7.el6
perl-XML-SAX	0.96-7.el6
perl-XML-SAX-Writer	0.50-8.el6
perl-XML-Simple	2.18-6.el6
perl-XML-Stream	1.22-12.el6
perl-XML-TokeParser	0.05-2.1.el6
perl-XML-TreeBuilder	3.09-16.1.el6
perl-XML-Twig	3.34-1.el6
perl-XML-Writer	0.606-6.el6
perl-XML-XPath	1.13-10.el6
perl-XML-XPathEngine	0.12-3.el6
perl-YAML	0.70-4.el6
perl-YAML-Syck	1.07-4.el6
perl-YAML-Tiny	1.40-2.el6
perl-core	5.10.1-144.el6
perl-devel	5.10.1-144.el6
perl-hivex	1.3.3-4.3.el6
perl-libintl	1.20-1.el6
perl-libs	5.10.1-144.el6
perl-libwww-perl	5.833-5.el6
perl-libxml-perl	0.08-10.el6
perl-parent	0.221-144.el6
perl-prefork	1.04-2.el6
perl-suidperl	5.10.1-144.el6
perl-version	0.77-144.el6
perltidy	20090616-2.1.el6
pessulus	2.28.0-1.el6
pexpect	2.3-6.el6
phonon-backend-gstreamer	4.6.2-28.el6_5
php	5.3.3-50.el6_10
php-bcmath	5.3.3-50.el6_10
php-cli	5.3.3-50.el6_10
php-common	5.3.3-50.el6_10
php-dba	5.3.3-50.el6_10
php-devel	5.3.3-50.el6_10
php-embedded	5.3.3-50.el6_10
php-enchant	5.3.3-50.el6_10
php-fpm	5.3.3-50.el6_10
php-gd	5.3.3-50.el6_10
php-imap	5.3.3-50.el6_10
php-intl	5.3.3-50.el6_10
php-ldap	5.3.3-50.el6_10
php-mbstring	5.3.3-50.el6_10
php-mysql	5.3.3-50.el6_10
php-odbc	5.3.3-50.el6_10
php-pdo	5.3.3-50.el6_10
php-pear	1.9.4-5.el6
php-pecl-apc	3.1.9-2.el6
php-pecl-apc-devel	3.1.9-2.el6
php-pecl-memcache	3.0.5-4.el6
php-pgsql	5.3.3-50.el6_10
php-process	5.3.3-50.el6_10
php-pspell	5.3.3-50.el6_10
php-recode	5.3.3-50.el6_10
php-snmp	5.3.3-50.el6_10
php-soap	5.3.3-50.el6_10
php-tidy	5.3.3-50.el6_10
php-xml	5.3.3-50.el6_10
php-xmlrpc	5.3.3-50.el6_10
php-zts	5.3.3-50.el6_10
pidgin	2.7.9-28.el6
pidgin-devel	2.7.9-28.el6
pidgin-docs	2.7.9-28.el6
pidgin-perl	2.7.9-28.el6
pilot-link	0.12.4-6.el6
pilot-link-devel	0.12.4-6.el6
pilot-link-perl	0.12.4-6.el6
pinentry	0.7.6-8.el6
pinentry-gtk	0.7.6-8.el6
pinentry-qt	0.7.6-8.el6
pinentry-qt4	0.7.6-8.el6
pinfo	0.6.9-12.el6
piranha	0.8.6-7.el6
pixman	0.32.8-1.el6
pixman-devel	0.32.8-1.el6
pkgconfig	0.23-9.1.el6
pki-ca	9.0.3-53.el6
pki-common	9.0.3-53.el6
pki-common-javadoc	9.0.3-53.el6
pki-java-tools	9.0.3-53.el6
pki-java-tools-javadoc	9.0.3-53.el6
pki-native-tools	9.0.3-53.el6
pki-selinux	9.0.3-53.el6
pki-setup	9.0.3-53.el6
pki-silent	9.0.3-53.el6
pki-symkey	9.0.3-53.el6
pki-util	9.0.3-53.el6
pki-util-javadoc	9.0.3-53.el6
pl	5.7.11-6.el6
pl-devel	5.7.11-6.el6
pl-jpl	5.7.11-6.el6
pl-static	5.7.11-6.el6
planner	0.14.4-10.el6
planner-devel	0.14.4-10.el6
planner-eds	0.14.4-10.el6
plotutils	2.5-7.1.el6
plotutils-devel	2.5-7.1.el6
plpa	1.3.2-2.1.el6
plpa-devel	1.3.2-2.1.el6
plpa-libs	1.3.2-2.1.el6
plymouth	0.8.3-29.el6.centos
plymouth-core-libs	0.8.3-29.el6.centos
plymouth-devel	0.8.3-29.el6.centos
plymouth-gdm-hooks	0.8.3-29.el6.centos
plymouth-graphics-libs	0.8.3-29.el6.centos
plymouth-plugin-fade-throbber	0.8.3-29.el6.centos
plymouth-plugin-label	0.8.3-29.el6.centos
plymouth-plugin-script	0.8.3-29.el6.centos
plymouth-plugin-space-flares	0.8.3-29.el6.centos
plymouth-plugin-throbgress	0.8.3-29.el6.centos
plymouth-plugin-two-step	0.8.3-29.el6.centos
plymouth-scripts	0.8.3-29.el6.centos
plymouth-system-theme	0.8.3-29.el6.centos
plymouth-theme-fade-in	0.8.3-29.el6.centos
plymouth-theme-rings	0.8.3-29.el6.centos
plymouth-theme-script	0.8.3-29.el6.centos
plymouth-theme-solar	0.8.3-29.el6.centos
plymouth-theme-spinfinity	0.8.3-29.el6.centos
plymouth-utils	0.8.3-29.el6.centos
pm-utils	1.2.5-11.el6
pm-utils-devel	1.2.5-11.el6
pnm2ppa	1.04-19.el6
policycoreutils	2.0.83-30.1.el6_8
policycoreutils-gui	2.0.83-30.1.el6_8
policycoreutils-newrole	2.0.83-30.1.el6_8
policycoreutils-python	2.0.83-30.1.el6_8
policycoreutils-sandbox	2.0.83-30.1.el6_8
polkit	0.96-11.el6_10.1
polkit-desktop-policy	0.96-11.el6_10.1
polkit-devel	0.96-11.el6_10.1
polkit-docs	0.96-11.el6_10.1
polkit-gnome	0.96-4.el6
polkit-gnome-devel	0.96-4.el6
polkit-gnome-docs	0.96-4.el6
poppler	0.12.4-12.el6_10.1
poppler-data	0.4.0-1.el6
poppler-devel	0.12.4-12.el6_10.1
poppler-glib	0.12.4-12.el6_10.1
poppler-glib-devel	0.12.4-12.el6_10.1
poppler-qt	0.12.4-12.el6_10.1
poppler-qt-devel	0.12.4-12.el6_10.1
poppler-qt4	0.12.4-12.el6_10.1
poppler-qt4-devel	0.12.4-12.el6_10.1
poppler-utils	0.12.4-12.el6_10.1
popt	1.13-7.el6
popt-devel	1.13-7.el6
popt-static	1.13-7.el6
portreserve	0.0.4-11.el6
postfix	2.6.6-8.el6
postfix-perl-scripts	2.6.6-8.el6
postgresql	8.4.20-8.el6_9
postgresql-contrib	8.4.20-8.el6_9
postgresql-devel	8.4.20-8.el6_9
postgresql-docs	8.4.20-8.el6_9
postgresql-jdbc	8.4.704-4.el6_10
postgresql-libs	8.4.20-8.el6_9
postgresql-odbc	08.04.0200-1.el6
postgresql-plperl	8.4.20-8.el6_9
postgresql-plpython	8.4.20-8.el6_9
postgresql-pltcl	8.4.20-8.el6_9
postgresql-server	8.4.20-8.el6_9
postgresql-test	8.4.20-8.el6_9
pothana2000-fonts	1.3.2-3.el6
powertop	2.3-4.el6
ppl	0.10.2-11.el6
ppl-devel	0.10.2-11.el6
ppl-docs	0.10.2-11.el6
ppl-gprolog	0.10.2-11.el6
ppl-gprolog-static	0.10.2-11.el6
ppl-java	0.10.2-11.el6
ppl-java-javadoc	0.10.2-11.el6
ppl-pwl	0.10.2-11.el6
ppl-pwl-devel	0.10.2-11.el6
ppl-pwl-docs	0.10.2-11.el6
ppl-pwl-static	0.10.2-11.el6
ppl-static	0.10.2-11.el6
ppl-swiprolog	0.10.2-11.el6
ppl-swiprolog-static	0.10.2-11.el6
ppl-utils	0.10.2-11.el6
ppl-yap	0.10.2-11.el6
ppp	2.4.5-11.el6_10
ppp-devel	2.4.5-11.el6_10
pptp	1.7.2-8.1.el6
pptp-setup	1.7.2-8.1.el6
prelink	0.4.6-3.1.el6_4
printer-filters	1.1-4.1.el6
procmail	3.22-25.1.el6_5.1
procps	3.2.8-45.el6_9.3
procps-devel	3.2.8-45.el6_9.3
ps_mem	3.1-5.el6
psacct	6.3.2-70.el6
psmisc	22.6-24.el6
pstoedit	3.45-10.el6
pstoedit-devel	3.45-10.el6
psutils	1.17-34.el6
psutils-perl	1.17-34.el6
pth	2.0.7-9.3.el6
pth-devel	2.0.7-9.3.el6
ptlib	2.6.5-5.el6
ptlib-devel	2.6.5-5.el6
ptouch-driver	1.3-2.1.el6
publican	2.1-0.el6
publican-doc	2.1-0.el6
publican-redhat	2.0-1.el6
pulseaudio	0.9.21-26.el6
pulseaudio-esound-compat	0.9.21-26.el6
pulseaudio-gdm-hooks	0.9.21-26.el6
pulseaudio-libs	0.9.21-26.el6
pulseaudio-libs-devel	0.9.21-26.el6
pulseaudio-libs-glib2	0.9.21-26.el6
pulseaudio-libs-zeroconf	0.9.21-26.el6
pulseaudio-module-bluetooth	0.9.21-26.el6
pulseaudio-module-gconf	0.9.21-26.el6
pulseaudio-module-x11	0.9.21-26.el6
pulseaudio-module-zeroconf	0.9.21-26.el6
pulseaudio-utils	0.9.21-26.el6
pyOpenSSL	0.13.1-2.el6
pycairo	1.8.6-2.1.el6
pycairo-devel	1.8.6-2.1.el6
pychart	1.39-10.1.el6
pychart-doc	1.39-10.1.el6
pygobject2	2.20.0-5.el6
pygobject2-codegen	2.20.0-5.el6
pygobject2-devel	2.20.0-5.el6
pygobject2-doc	2.20.0-5.el6
pygpgme	0.1-18.20090824bzr68.el6
pygtk2	2.16.0-3.el6
pygtk2-codegen	2.16.0-3.el6
pygtk2-devel	2.16.0-3.el6
pygtk2-doc	2.16.0-3.el6
pygtk2-libglade	2.16.0-3.el6
pygtkglext	1.1.0-7.1.el6
pygtkglext-devel	1.1.0-7.1.el6
pygtksourceview	2.8.0-1.el6
pygtksourceview-devel	2.8.0-1.el6
pygtksourceview-doc	2.8.0-1.el6
pykickstart	1.74.22-1.el6
pyldb	1.1.25-2.el6_7
pyldb-devel	1.1.25-2.el6_7
pyorbit	2.24.0-5.el6
pyorbit-devel	2.24.0-5.el6
pyparted	3.4-4.el6
pytalloc	2.1.5-1.el6_7
pytalloc-devel	2.1.5-1.el6_7
python	2.6.6-68.el6_10
python-Coherence	0.6.4-2.el6
python-argparse	1.2.1-2.1.el6
python-avahi	0.6.25-17.el6
python-babel	0.9.4-5.1.el6
python-backports	1.0-5.el6
python-backports-ssl_match_hostname	3.4.0.2-5.el6
python-beaker	1.3.1-7.el6
python-boto	2.34.0-6.el6
python-brlapi	0.5.4-7.el6
python-chardet	2.2.1-1.el6
python-cheetah	2.4.1-1.el6
python-clufter	0.77.1-1.el6
python-configobj	4.6.0-3.el6
python-configshell	1.1.fb4-1.el6
python-coverage	3.0.1-2.el6
python-crypto	2.0.1-22.el6
python-cryptsetup	0.0.11-1.el6
python-dateutil	1.4.1-7.el6
python-decorator	3.0.1-3.1.el6
python-decoratortools	1.7-4.1.el6
python-deltarpm	3.5-0.5.20090913git.el6
python-devel	2.6.6-68.el6_10
python-dmidecode	3.10.15-2.el6
python-docs	2.6.6-2.el6
python-docutils	0.6-1.el6
python-dtopt	0.1-6.el6
python-elixir	0.6.1-5.el6
python-enchant	1.3.1-5.2.el6
python-ethtool	0.6-6.el6
python-formencode	1.2.2-2.1.el6
python-fpconst	0.7.3-6.1.el6
python-genshi	0.5.1-7.1.el6
python-gluster	3.7.9-12.el6
python-gpod	0.7.2-6.el6
python-gtkextra	1.1.0-10.el6
python-gudev	147.1-4.el6_0.1
python-hivex	1.3.3-4.3.el6
python-imaging	1.1.6-20.el6_10
python-imaging-devel	1.1.6-20.el6_10
python-imaging-sane	1.1.6-20.el6_10
python-imaging-tk	1.1.6-20.el6_10
python-iniparse	0.3.1-2.1.el6
python-ipaddr	2.1.9-3.el6
python-iwlib	0.1-1.2.el6
python-jinja2	2.2.1-3.el6
python-jsonpatch	1.2-4.el6
python-jsonpointer	1.0-4.el6
python-kerberos	1.1-7.el6
python-kid	0.9.6-6.el6
python-krbV	1.0.90-3.el6
python-lcms	1.19-1.el6
python-ldap	2.3.10-1.el6
python-libguestfs	1.20.11-20.el6
python-libipa_hbac	1.13.3-60.el6_10.2
python-libs	2.6.6-68.el6_10
python-libsss_nss_idmap	1.13.3-60.el6_10.2
python-libvoikko	2.2.2-1.el6
python-linux-procfs	0.4.9-5.el6
python-louie	1.1-7.el6
python-lxml	2.2.3-1.1.el6
python-magic	5.04-30.el6
python-mako	0.3.4-1.el6
python-markdown	2.0.1-4.el6
python-markupsafe	0.9.2-4.el6
python-matplotlib	0.99.1.2-1.el6
python-matplotlib-tk	0.99.1.2-1.el6
python-meh	0.12.1-3.el6
python-memcached	1.43-6.el6
python-mutagen	1.16-2.1.el6
python-myghty	1.1-11.el6
python-netaddr	0.7.5-4.el6
python-nose	0.10.4-3.1.el6
python-nss	0.16.0-1.el6
python-nss-doc	0.16.0-1.el6
python-paramiko	1.7.5-5.el6_10
python-paste	1.7.4-2.el6
python-paste-deploy	1.3.3-2.1.el6
python-paste-script	1.7.3-5.el6_3
python-paver	1.0-4.el6
python-pcp	3.10.9-9.el6
python-peak-rules	0.5a1.dev-9.2582.1.el6
python-peak-util-addons	0.6-4.1.el6
python-peak-util-assembler	0.5.1-1.el6
python-peak-util-extremes	1.1-4.1.el6
python-peak-util-symbols	1.0-4.1.el6
python-perf	2.6.32-754.35.1.el6
python-prettytable	0.7.2-11.el6
python-prioritized-methods	0.2.1-5.2.el6
python-psycopg2	2.0.14-2.el6
python-psycopg2-doc	2.0.14-2.el6
python-pyasn1	0.0.12a-1.el6
python-pyblock	0.48-1.el6
python-pycurl	7.19.0-9.el6
python-pygments	1.1.1-2.el6
python-pylons	0.9.7-2.el6
python-qpid	0.14-11.el6_3
python-qpid-qmf	0.14-14.el6_3
python-reportlab	2.3-3.el6_10.1
python-reportlab-docs	2.3-3.el6_10.1
python-repoze-tm2	1.0-0.5.a4.el6
python-repoze-what	1.0.8-6.el6
python-repoze-what-docs	1.0.8-6.el6
python-repoze-what-plugins-sql	1.0-0.6.rc1.el6
python-repoze-what-pylons	1.0-4.el6
python-repoze-what-quickstart	1.0.1-1.el6
python-repoze-who	1.0.18-1.el6
python-repoze-who-friendlyform	1.0-0.3.b3.el6
python-repoze-who-plugins-sa	1.0-0.4.rc1.el6
python-repoze-who-testutil	1.0-0.4.rc1.el6
python-requests	2.6.0-4.el6
python-routes	1.10.3-2.el6
python-rtslib	2.1.fb21-4.el6
python-saslwrapper	0.14-1.el6
python-schedutils	0.4-2.el6
python-setuptools	0.6.10-4.el6_9
python-sexy	0.1.9-9.1.el6
python-simplejson	2.0.9-3.1.el6
python-simpleparse	2.1.1-3.el6
python-six	1.9.0-2.el6
python-slip	0.2.20-1.el6_2
python-slip-dbus	0.2.20-1.el6_2
python-slip-gtk	0.2.20-1.el6_2
python-sphinx	0.6.6-2.el6
python-sphinx-doc	0.6.6-2.el6
python-sqlalchemy	0.5.5-3.el6_2
python-sss	1.13.3-60.el6_10.2
python-sss-murmur	1.13.3-60.el6_10.2
python-sssdconfig	1.13.3-60.el6_10.2
python-suds	0.4.1-3.el6
python-tdb	1.3.8-3.el6_8.2
python-tempita	0.4-2.el6
python-test	2.6.6-68.el6_10
python-tevent	0.9.26-2.el6_7
python-tools	2.6.6-68.el6_10
python-toscawidgets	0.9.8-1.el6
python-transaction	1.0.1-1.el6
python-turbocheetah	1.0-5.1.el6
python-turbojson	1.2.1-8.1.el6
python-turbokid	1.0.4-4.1.el6
python-tw-forms	0.9.9-1.el6
python-twisted	8.2.0-3.1.el6
python-twisted-conch	8.2.0-3.2.el6
python-twisted-core	8.2.0-4.el6
python-twisted-core-doc	8.2.0-4.el6
python-twisted-core-zsh	8.2.0-4.el6
python-twisted-lore	8.2.0-3.2.el6
python-twisted-mail	8.2.0-3.2.el6
python-twisted-names	8.2.0-3.2.el6
python-twisted-news	8.2.0-3.2.el6
python-twisted-runner	8.2.0-3.2.el6
python-twisted-web	8.2.0-6.el6_10
python-twisted-words	8.2.0-3.2.el6
python-urlgrabber	3.9.1-11.el6
python-urllib3	1.10.2-3.el6
python-urwid	1.1.1-1.el6
python-virtinst	0.600.0-31.el6
python-volume_key	0.3.1-5.el6
python-weberror	0.10.2-2.el6
python-webflash	0.1-0.2.a9.el6
python-webhelpers	0.6.4-4.el6
python-webob	0.9.6.1-3.el6
python-webtest	1.2-2.el6
python-wsgiproxy	0.2-1.el6
python-zope-filesystem	1-5.el6
python-zope-interface	3.5.2-2.1.el6
python-zope-sqlalchemy	0.4-3.el6
python2-gluster	3.12.2-18.el6
pytz	2010h-2.el6
pywbem	0.7.0-4.el6
pywebkitgtk	1.1.6-4.el6
pyxdg	0.18-1.el6
pyxf86config	0.3.37-7.1.el6
qca-ossl	2.0.0-0.8.beta3.1.el6
qca2	2.0.2-2.1.el6
qca2-devel	2.0.2-2.1.el6
qdox	1.9.2-2.el6
qdox-javadoc	1.9.2-2.el6
qemu-guest-agent	0.12.1.2-2.506.el6_10.8
qemu-img	0.12.1.2-2.506.el6_10.8
qemu-kvm	0.12.1.2-2.506.el6_10.8
qemu-kvm-tools	0.12.1.2-2.506.el6_10.8
qimageblitz	0.0.4-1.el6
qimageblitz-devel	0.0.4-1.el6
qimageblitz-examples	0.0.4-1.el6
ql2100-firmware	1.19.38-3.1.el6
ql2200-firmware	2.02.08-3.1.el6
ql23xx-firmware	3.03.27-3.1.el6
ql2400-firmware	7.03.00-1.el6_5
ql2500-firmware	7.03.00-1.el6_5
qperf	0.4.9-1.el6
qpid-cpp-client	0.14-22.el6_3
qpid-cpp-client-ssl	0.14-22.el6_3
qpid-cpp-server	0.14-22.el6_3
qpid-cpp-server-ssl	0.14-22.el6_3
qpid-qmf	0.14-14.el6_3
qpid-tests	0.14-1.el6_2
qpid-tools	0.14-6.el6_3
qt	4.6.2-28.el6_5
qt-demos	4.6.2-28.el6_5
qt-devel	4.6.2-28.el6_5
qt-doc	4.6.2-28.el6_5
qt-examples	4.6.2-28.el6_5
qt-mysql	4.6.2-28.el6_5
qt-odbc	4.6.2-28.el6_5
qt-postgresql	4.6.2-28.el6_5
qt-sqlite	4.6.2-28.el6_5
qt-x11	4.6.2-28.el6_5
qt3	3.3.8b-30.el6
qt3-MySQL	3.3.8b-30.el6
qt3-ODBC	3.3.8b-30.el6
qt3-PostgreSQL	3.3.8b-30.el6
qt3-config	3.3.8b-30.el6
qt3-designer	3.3.8b-30.el6
qt3-devel	3.3.8b-30.el6
qt3-devel-docs	3.3.8b-30.el6
qt3-sqlite	3.3.8b-30.el6
quagga	0.99.15-14.el6
quagga-contrib	0.99.15-14.el6
quagga-devel	0.99.15-14.el6
quota	3.17-23.el6
quota-devel	3.17-23.el6
qwt	5.1.1-4.1.el6
qwt-devel	5.1.1-4.1.el6
radvd	1.6-1.el6
raptor	1.4.18-5.el6_2.1
raptor-devel	1.4.18-5.el6_2.1
rarian	0.8.1-5.1.el6
rarian-compat	0.8.1-5.1.el6
rarian-devel	0.8.1-5.1.el6
ras-utils	6.1-1.el6
rasqal	0.9.15-6.1.el6
rasqal-devel	0.9.15-6.1.el6
rcs	5.7-37.el6
rcs-docs	5.7-37.el6
rdate	1.4-16.el6
rdesktop	1.7.1-1.el6
rdist	6.1.5-49.el6
rdma	6.9_4.1-3.el6
rds-tools	2.0.6-4.el6
readahead	1.5.6-2.el6
readline	6.0-4.el6
readline-devel	6.0-4.el6
readline-static	6.0-4.el6
rear	1.17.2-8.el6_10
recode	3.6-28.1.el6
recode-devel	3.6-28.1.el6
redhat-bookmarks	6-1.el6.centos
redhat-logos	60.0.14-12.el6.centos
redhat-lsb	4.0-7.el6.centos
redhat-lsb-compat	4.0-7.el6.centos
redhat-lsb-core	4.0-7.el6.centos
redhat-lsb-graphics	4.0-7.el6.centos
redhat-lsb-printing	4.0-7.el6.centos
redhat-menus	14.0.0-3.el6
redhat-rpm-config	9.0.3-51.el6.centos
redland	1.0.7-11.el6
redland-devel	1.0.7-11.el6
regexp	1.5-4.4.el6
regexp-javadoc	1.5-4.4.el6
resource-agents	3.9.5-46.el6
resource-agents-sap-hana	3.9.5-46.el6
rest	0.7.92-3.el6
rest-devel	0.7.92-3.el6
rfkill	0.3-4.el6
rgmanager	3.0.12.1-33.el6
rhdb-utils	8.4.0-3.el6
rhino	1.7R4-4.el6
rhino-demo	1.7R4-4.el6
rhino-javadoc	1.7R4-4.el6
rhythmbox	0.12.8-1.el6
rhythmbox-upnp	0.12.8-1.el6
ricci	0.16.2-87.el6
rmt	0.4-0.6.b42.el6
rng-tools	5-2.el6_7
rome	0.9-4.2.el6
rome-javadoc	0.9-4.2.el6
rootfiles	8.1-6.1.el6
rp-pppoe	3.10-16.el6
rpcbind	0.2.0-16.el6
rpm	4.8.0-59.el6
rpm-apidocs	4.8.0-59.el6
rpm-build	4.8.0-59.el6
rpm-cron	4.8.0-59.el6
rpm-devel	4.8.0-59.el6
rpm-libs	4.8.0-59.el6
rpm-python	4.8.0-59.el6
rpmdevtools	7.5-2.el6
rpmlint	0.94-3.1.el6
rrdtool	1.3.8-10.el6
rrdtool-devel	1.3.8-10.el6
rrdtool-doc	1.3.8-10.el6
rrdtool-perl	1.3.8-10.el6
rrdtool-php	1.3.8-10.el6
rrdtool-python	1.3.8-10.el6
rrdtool-ruby	1.3.8-10.el6
rrdtool-tcl	1.3.8-10.el6
rsh	0.17-64.el6_9.1
rsh-server	0.17-64.el6_9.1
rsync	3.0.6-12.el6
rsyslog	5.8.10-12.el6
rsyslog-gnutls	5.8.10-12.el6
rsyslog-gssapi	5.8.10-12.el6
rsyslog-mysql	5.8.10-12.el6
rsyslog-pgsql	5.8.10-12.el6
rsyslog-relp	5.8.10-12.el6
rsyslog-snmp	5.8.10-12.el6
rsyslog7	7.4.10-7.el6
rsyslog7-elasticsearch	7.4.10-7.el6
rsyslog7-gnutls	7.4.10-7.el6
rsyslog7-gssapi	7.4.10-7.el6
rsyslog7-mysql	7.4.10-7.el6
rsyslog7-pgsql	7.4.10-7.el6
rsyslog7-relp	7.4.10-7.el6
rsyslog7-snmp	7.4.10-7.el6
rt61pci-firmware	1.2-7.el6
rt73usb-firmware	1.8-7.el6
rtkit	0.5-2.el6_4
ruby	1.8.7.374-5.el6
ruby-devel	1.8.7.374-5.el6
ruby-docs	1.8.7.374-5.el6
ruby-flexmock	0.8.6-1.1.el6
ruby-irb	1.8.7.374-5.el6
ruby-libguestfs	1.20.11-20.el6
ruby-libs	1.8.7.374-5.el6
ruby-qpid	0.7.946106-2.el6
ruby-qpid-qmf	0.14-14.el6_3
ruby-rdoc	1.8.7.374-5.el6
ruby-ri	1.8.7.374-5.el6
ruby-saslwrapper	0.14-1.el6
ruby-static	1.8.7.374-5.el6
ruby-tcltk	1.8.7.374-5.el6
rubygem-flexmock	0.8.6-1.1.el6
rubygem-flexmock-doc	0.8.6-1.1.el6
rubygem-rake	0.8.7-2.1.el6
rubygems	1.3.7-5.el6
rubygems-devel	1.3.7-5.el6
rusers	0.17-61.el6
rusers-server	0.17-61.el6
rwho	0.17-34.el6
saab-fonts	0.91-4.el6
sabayon	2.29.92-3.el6
sabayon-apply	2.29.92-3.el6
sac	1.3-5.1.el6
sac-javadoc	1.3-5.1.el6
samba	3.6.23-53.el6_10
samba-client	3.6.23-53.el6_10
samba-common	3.6.23-53.el6_10
samba-doc	3.6.23-53.el6_10
samba-domainjoin-gui	3.6.23-53.el6_10
samba-glusterfs	3.6.23-53.el6_10
samba-swat	3.6.23-53.el6_10
samba-winbind	3.6.23-53.el6_10
samba-winbind-clients	3.6.23-53.el6_10
samba-winbind-devel	3.6.23-53.el6_10
samba-winbind-krb5-locator	3.6.23-53.el6_10
samba4	4.2.10-15.el6
samba4-client	4.2.10-15.el6
samba4-common	4.2.10-15.el6
samba4-dc	4.2.10-15.el6
samba4-dc-libs	4.2.10-15.el6
samba4-devel	4.2.10-15.el6
samba4-libs	4.2.10-15.el6
samba4-pidl	4.2.10-15.el6
samba4-python	4.2.10-15.el6
samba4-test	4.2.10-15.el6
samba4-winbind	4.2.10-15.el6
samba4-winbind-clients	4.2.10-15.el6
samba4-winbind-krb5-locator	4.2.10-15.el6
samyak-devanagari-fonts	1.2.1-9.el6
samyak-fonts-common	1.2.1-9.el6
samyak-gujarati-fonts	1.2.1-9.el6
samyak-malayalam-fonts	1.2.1-9.el6
samyak-oriya-fonts	1.2.1-9.el6
samyak-tamil-fonts	1.2.1-9.el6
sane-backends	1.0.21-5.el6
sane-backends-devel	1.0.21-5.el6
sane-backends-libs	1.0.21-5.el6
sane-backends-libs-gphoto2	1.0.21-5.el6
sane-frontends	1.0.14-9.2.el6
sanlock	2.8-3.el6
sanlock-devel	2.8-3.el6
sanlock-lib	2.8-3.el6
sanlock-python	2.8-3.el6
saslwrapper	0.14-1.el6
saslwrapper-devel	0.14-1.el6
sat4j	2.2.0-4.0.el6
satyr	0.16-2.el6
satyr-devel	0.16-2.el6
satyr-python	0.16-2.el6
saxon	6.5.5-3.5.el6
saxon-aelfred	6.5.5-3.5.el6
saxon-demo	6.5.5-3.5.el6
saxon-javadoc	6.5.5-3.5.el6
saxon-jdom	6.5.5-3.5.el6
saxon-manual	6.5.5-3.5.el6
saxon-scripts	6.5.5-3.5.el6
sbd	1.2.1-31.el6
sblim-cim-client	1.3.9.1-1.el6
sblim-cim-client-javadoc	1.3.9.1-1.el6
sblim-cim-client-manual	1.3.9.1-1.el6
sblim-cim-client2	2.1.3-2.el6
sblim-cim-client2-javadoc	2.1.3-2.el6
sblim-cim-client2-manual	2.1.3-2.el6
sblim-cmpi-base	1.6.1-2.el6
sblim-cmpi-base-devel	1.6.1-2.el6
sblim-cmpi-base-test	1.6.1-2.el6
sblim-cmpi-devel	2.0.1-5.el6
sblim-cmpi-dhcp	1.0-1.el6
sblim-cmpi-dhcp-devel	1.0-1.el6
sblim-cmpi-dhcp-test	1.0-1.el6
sblim-cmpi-dns	1.0-1.el6
sblim-cmpi-dns-devel	1.0-1.el6
sblim-cmpi-dns-test	1.0-1.el6
sblim-cmpi-fsvol	1.5.1-2.el6
sblim-cmpi-fsvol-devel	1.5.1-2.el6
sblim-cmpi-fsvol-test	1.5.1-2.el6
sblim-cmpi-network	1.4.0-1.el6
sblim-cmpi-network-devel	1.4.0-1.el6
sblim-cmpi-network-test	1.4.0-1.el6
sblim-cmpi-nfsv3	1.1.1-1.el6
sblim-cmpi-nfsv3-test	1.1.1-1.el6
sblim-cmpi-nfsv4	1.1.0-1.el6
sblim-cmpi-nfsv4-test	1.1.0-1.el6
sblim-cmpi-params	1.3.0-1.el6
sblim-cmpi-params-test	1.3.0-1.el6
sblim-cmpi-samba	1.0-1.el6
sblim-cmpi-samba-devel	1.0-1.el6
sblim-cmpi-samba-test	1.0-1.el6
sblim-cmpi-sysfs	1.2.0-1.el6
sblim-cmpi-sysfs-test	1.2.0-1.el6
sblim-cmpi-syslog	0.8.0-1.el6
sblim-cmpi-syslog-test	0.8.0-1.el6
sblim-gather	2.2.3-3.el6
sblim-gather-devel	2.2.3-3.el6
sblim-gather-provider	2.2.3-3.el6
sblim-gather-test	2.2.3-3.el6
sblim-indication_helper	0.5.0-1.el6
sblim-indication_helper-devel	0.5.0-1.el6
sblim-sfcb	1.3.11-5.el6
sblim-sfcc	2.2.2-2.el6
sblim-sfcc-devel	2.2.2-2.el6
sblim-smis-hba	1.0.0-4.el6
sblim-testsuite	1.3.0-1.el6
sblim-tools-libra	1.0-1.el6
sblim-tools-libra-devel	1.0-1.el6
sblim-wbemcli	1.6.1-3.el6
scap-security-guide	0.1.28-4.el6
scap-security-guide-doc	0.1.28-4.el6
scap-workbench	1.1.1-1.el6
scenery-backgrounds	6.0.0-1.el6
scipy	0.7.2-8.el6
scl-utils	20120927-29.el6_9
scl-utils-build	20120927-29.el6_9
scons	2.0.1-1.el6
screen	4.0.3-19.el6
scrub	2.2-2.el6
scsi-target-utils	1.0.24-18.el6
sdparm	1.04-1.1.el6
seabios	0.6.1.2-30.el6
seahorse	2.28.1-4.el6
seahorse-devel	2.28.1-4.el6
seahorse-plugins	2.28.1-2.el6
sed	4.2.1-10.el6
seekwatcher	0.12-5.el6
selinux-policy	3.7.19-312.el6
selinux-policy-doc	3.7.19-312.el6
selinux-policy-minimum	3.7.19-312.el6
selinux-policy-mls	3.7.19-312.el6
selinux-policy-targeted	3.7.19-312.el6
sendmail	8.14.4-9.el6_8.1
sendmail-cf	8.14.4-9.el6_8.1
sendmail-devel	8.14.4-9.el6_8.1
sendmail-doc	8.14.4-9.el6_8.1
sendmail-milter	8.14.4-9.el6_8.1
setools	3.3.7-4.el6
setools-console	3.3.7-4.el6
setools-devel	3.3.7-4.el6
setools-gui	3.3.7-4.el6
setools-libs	3.3.7-4.el6
setools-libs-java	3.3.7-4.el6
setools-libs-python	3.3.7-4.el6
setools-libs-tcl	3.3.7-4.el6
setroubleshoot	3.0.47-14.el6
setroubleshoot-doc	3.0.47-14.el6
setroubleshoot-plugins	3.0.40-4.1.el6
setroubleshoot-server	3.0.47-14.el6
setserial	2.17-25.el6
setup	2.8.14-23.el6
setuptool	1.19.9-4.el6
sg3_utils	1.28-13.el6
sg3_utils-devel	1.28-13.el6
sg3_utils-libs	1.28-13.el6
sgabios	0-0.3.20110621svn.el6
sgabios-bin	0-0.3.20110621svn.el6
sgml-common	0.6.3-33.el6
sgpio	1.2.0.10-5.el6
shadow-utils	4.1.5.1-5.el6
shared-mime-info	0.70-6.el6
sharutils	4.7-6.1.el6
sigar	1.6.5-0.4.git58097d9.el6
sigar-devel	1.6.5-0.4.git58097d9.el6
sil-padauk-fonts	2.6.1-1.el6
sinjdoc	0.5-9.1.el6
sip	4.9.3-1.el6
sip-devel	4.9.3-1.el6
slang	2.2.1-1.el6
slang-devel	2.2.1-1.el6
slang-slsh	2.2.1-1.el6
slang-static	2.2.1-1.el6
slapi-nis	0.40-7.el6
slf4j	1.5.8-8.el6
slf4j-javadoc	1.5.8-8.el6
slf4j-manual	1.5.8-8.el6
smartmontools	5.43-3.el6
smc-anjalioldlipi-fonts	04.2-11.el6
smc-dyuthi-fonts	04.2-11.el6
smc-fonts-common	04.2-11.el6
smc-kalyani-fonts	04.2-11.el6
smc-meera-fonts	04.2-11.el6
smc-rachana-fonts	04.2-11.el6
smc-raghumalayalam-fonts	04.2-11.el6
smc-suruma-fonts	04.2-11.el6
smp_utils	0.94-4.el6
snappy	1.1.0-1.el6
snappy-devel	1.1.0-1.el6
soprano	2.3.1-1.2.el6
soprano-apidocs	2.3.1-1.2.el6
soprano-devel	2.3.1-1.2.el6
sos	3.2-63.el6.centos.4
sound-juicer	2.28.1-6.el6
sound-theme-freedesktop	0.7-3.el6
sox	14.2.0-6.el6
sox-devel	14.2.0-6.el6
spamassassin	3.3.1-3.el6
speex	1.2-0.12.rc1.1.el6
speex-devel	1.2-0.12.rc1.1.el6
speex-tools	1.2-0.12.rc1.1.el6
spice-client	0.8.2-15.el6
spice-glib	0.26-8.el6_10.2
spice-glib-devel	0.26-8.el6_10.2
spice-gtk	0.26-8.el6_10.2
spice-gtk-devel	0.26-8.el6_10.2
spice-gtk-python	0.26-8.el6_10.2
spice-gtk-tools	0.26-8.el6_10.2
spice-protocol	0.12.6-1.el6
spice-server	0.12.4-16.el6_10.3
spice-server-devel	0.12.4-16.el6_10.3
spice-vdagent	0.14.0-13.el6_10.1
spice-xpi	2.7-27.el6
sqlite	3.6.20-1.el6_7.2
sqlite-devel	3.6.20-1.el6_7.2
sqlite-doc	3.6.20-1.el6_7.2
sqlite-tcl	3.6.20-1.el6_7.2
squashfs-tools	4.0-5.el6
squid	3.1.23-24.el6
squid34	3.4.14-15.el6
srptools	1.0.3-2.el6
sssd	1.13.3-60.el6_10.2
sssd-ad	1.13.3-60.el6_10.2
sssd-client	1.13.3-60.el6_10.2
sssd-common	1.13.3-60.el6_10.2
sssd-common-pac	1.13.3-60.el6_10.2
sssd-dbus	1.13.3-60.el6_10.2
sssd-ipa	1.13.3-60.el6_10.2
sssd-krb5	1.13.3-60.el6_10.2
sssd-krb5-common	1.13.3-60.el6_10.2
sssd-ldap	1.13.3-60.el6_10.2
sssd-proxy	1.13.3-60.el6_10.2
sssd-tools	1.13.3-60.el6_10.2
star	1.5-11.1.el6_5
startup-notification	0.10-2.1.el6
startup-notification-devel	0.10-2.1.el6
stix-fonts	0.9-13.1.el6
stix-integrals-fonts	0.9-13.1.el6
stix-pua-fonts	0.9-13.1.el6
stix-sizes-fonts	0.9-13.1.el6
stix-variants-fonts	0.9-13.1.el6
strace	4.8-11.el6
strigi	0.7.0-2.el6
strigi-devel	0.7.0-2.el6
strigi-libs	0.7.0-2.el6
stunnel	4.29-7.el6
subversion	1.6.11-15.el6_7
subversion-devel	1.6.11-15.el6_7
subversion-gnome	1.6.11-15.el6_7
subversion-javahl	1.6.11-15.el6_7
subversion-kde	1.6.11-15.el6_7
subversion-perl	1.6.11-15.el6_7
subversion-ruby	1.6.11-15.el6_7
subversion-svn2cl	1.6.11-15.el6_7
sudo	1.8.6p3-29.el6_10.3
sudo-devel	1.8.6p3-29.el6_10.3
suitesparse	3.4.0-9.el6
suitesparse-devel	3.4.0-9.el6
suitesparse-doc	3.4.0-9.el6
suitesparse-static	3.4.0-9.el6
svnkit	1.3.0-3.el6
svnkit-javadoc	1.3.0-3.el6
svrcore	4.0.4-5.1.el6
svrcore-devel	4.0.4-5.1.el6
swig	1.3.40-6.el6
swig-doc	1.3.40-6.el6
symlinks	1.4-2.1.el6
sysfsutils	2.1.0-7.el6
syslinux	4.04-3.el6
syslinux-devel	4.04-3.el6
syslinux-extlinux	4.04-3.el6
syslinux-extlinux-nonlinux	4.04-3.el6
syslinux-nonlinux	4.04-3.el6
syslinux-perl	4.04-3.el6
syslinux-tftpboot	4.04-3.el6
sysstat	9.0.4-33.el6_9.1
system-config-date	1.9.60-3.el6.centos
system-config-date-docs	1.0.11-1.el6
system-config-firewall	1.2.27-7.2.el6_6
system-config-firewall-base	1.2.27-7.2.el6_6
system-config-firewall-tui	1.2.27-7.2.el6_6
system-config-kdump	2.0.5-19.el6
system-config-keyboard	1.3.1-6.el6
system-config-keyboard-base	1.3.1-6.el6
system-config-kickstart	2.8.6.6-1.el6
system-config-language	1.3.4-6.el6
system-config-lvm	1.1.12-17.el6_7.1
system-config-network-tui	1.6.0.el6.3-4.el6
system-config-printer	1.1.16-26.el6
system-config-printer-libs	1.1.16-26.el6
system-config-printer-udev	1.1.16-26.el6
system-config-services	0.99.45-1.el6.3
system-config-services-docs	1.1.8-1.el6
system-config-users	1.2.106-9.el6
system-config-users-docs	1.0.8-2.el6
system-gnome-theme	60.0.2-1.el6
system-icon-theme	6.0.0-2.el6
system-setup-keyboard	0.7-4.el6
systemtap	2.9-9.el6
systemtap-client	2.9-9.el6
systemtap-devel	2.9-9.el6
systemtap-initscript	2.9-9.el6
systemtap-runtime	2.9-9.el6
systemtap-runtime-virtguest	2.9-9.el6
systemtap-sdt-devel	2.9-9.el6
systemtap-server	2.9-9.el6
systemtap-testsuite	2.9-9.el6
sysvinit-tools	2.87-6.dsf.el6
t1lib	5.1.2-6.el6_2.1
t1lib-apps	5.1.2-6.el6_2.1
t1lib-devel	5.1.2-6.el6_2.1
t1lib-static	5.1.2-6.el6_2.1
taglib	1.6.1-1.1.el6
taglib-devel	1.6.1-1.1.el6
taglib-doc	1.6.1-1.1.el6
tagsoup	1.2.1-8.el6
tagsoup-javadoc	1.2.1-8.el6
talk	0.17-36.el6
talk-server	0.17-36.el6
tar	1.23-15.el6_8
taskjuggler	2.4.3-5.el6
taskjuggler-libs	2.4.3-5.el6
tbb	2.2-3.20090809.el6
tbb-devel	2.2-3.20090809.el6
tbb-doc	2.2-3.20090809.el6
tboot	1.9.4-3.el6
tcl	8.5.7-6.el6
tcl-brlapi	0.5.4-7.el6
tcl-devel	8.5.7-6.el6
tcl-pgtcl	1.6.2-3.el6
tclx	8.4.0-15.el6
tclx-devel	8.4.0-15.el6
tcp_wrappers	7.6-58.el6
tcp_wrappers-devel	7.6-58.el6
tcp_wrappers-libs	7.6-58.el6
tcpdump	4.0.0-11.20090921gitdf3cb4.2.el6
tcsh	6.17-38.el6
tdb-tools	1.3.8-3.el6_8.2
teckit	2.5.1-4.1.el6
teckit-devel	2.5.1-4.1.el6
telnet	0.17-49.el6_10
telnet-server	0.17-49.el6_10
terminus-fonts	4.30-1.el6
terminus-fonts-console	4.30-1.el6
tetex-tex4ht	1.0.2008_09_16_1413-6.el6
tex-cm-lgc	0.5-17.1.el6
tex-kerkis	2.0-23.el6
tex-preview	11.85-10.el6
texi2html	1.82-5.1.el6
texinfo	4.13a-8.el6
texinfo-tex	4.13a-8.el6
texlive	2007-60.el6_7
texlive-afm	2007-60.el6_7
texlive-context	2007-60.el6_7
texlive-dvips	2007-60.el6_7
texlive-dviutils	2007-60.el6_7
texlive-east-asian	2007-60.el6_7
texlive-latex	2007-60.el6_7
texlive-texmf	2007-39.el6_7
texlive-texmf-afm	2007-39.el6_7
texlive-texmf-context	2007-39.el6_7
texlive-texmf-doc	2007-39.el6_7
texlive-texmf-dvips	2007-39.el6_7
texlive-texmf-east-asian	2007-39.el6_7
texlive-texmf-errata	2007-7.1.el6
texlive-texmf-errata-afm	2007-7.1.el6
texlive-texmf-errata-context	2007-7.1.el6
texlive-texmf-errata-doc	2007-7.1.el6
texlive-texmf-errata-dvips	2007-7.1.el6
texlive-texmf-errata-east-asian	2007-7.1.el6
texlive-texmf-errata-fonts	2007-7.1.el6
texlive-texmf-errata-latex	2007-7.1.el6
texlive-texmf-errata-xetex	2007-7.1.el6
texlive-texmf-fonts	2007-39.el6_7
texlive-texmf-latex	2007-39.el6_7
texlive-texmf-xetex	2007-39.el6_7
texlive-utils	2007-60.el6_7
texlive-xetex	2007-60.el6_7
tftp	0.49-8.el6
tftp-server	0.49-8.el6
thai-scalable-fonts-common	0.4.12-2.1.el6
thai-scalable-fonts-compat	0.4.12-2.1.el6
thai-scalable-garuda-fonts	0.4.12-2.1.el6
thai-scalable-kinnari-fonts	0.4.12-2.1.el6
thai-scalable-loma-fonts	0.4.12-2.1.el6
thai-scalable-norasi-fonts	0.4.12-2.1.el6
thai-scalable-purisa-fonts	0.4.12-2.1.el6
thai-scalable-sawasdee-fonts	0.4.12-2.1.el6
thai-scalable-tlwgmono-fonts	0.4.12-2.1.el6
thai-scalable-tlwgtypewriter-fonts	0.4.12-2.1.el6
thai-scalable-tlwgtypist-fonts	0.4.12-2.1.el6
thai-scalable-tlwgtypo-fonts	0.4.12-2.1.el6
thai-scalable-umpush-fonts	0.4.12-2.1.el6
thai-scalable-waree-fonts	0.4.12-2.1.el6
theora-tools	1.1.0-2.el6
thunderbird	78.5.0-1.el6.centos
tibetan-machine-uni-fonts	1.901-5.el6
tidy	0.99.0-19.20070615.1.el6
tigervnc	1.1.0-24.el6
tigervnc-server	1.1.0-24.el6
tigervnc-server-applet	1.1.0-24.el6
tigervnc-server-module	1.1.0-24.el6
time	1.7-38.el6
tix	8.4.3-5.el6
tix-devel	8.4.3-5.el6
tix-doc	8.4.3-5.el6
tk	8.5.7-5.el6
tk-devel	8.5.7-5.el6
tkinter	2.6.6-68.el6_10
tmon	0.9-4.el6
tmpwatch	2.9.16-6.el6
tn5250	0.17.4-3.2.el6
tn5250-devel	0.17.4-3.2.el6
tog-pegasus	2.12.0-6.el6
tog-pegasus-devel	2.12.0-6.el6
tog-pegasus-libs	2.12.0-6.el6
tokyocabinet	1.4.33-6.el6
tokyocabinet-devel	1.4.33-6.el6
tomcat6	6.0.24-115.el6_10
tomcat6-admin-webapps	6.0.24-115.el6_10
tomcat6-docs-webapp	6.0.24-115.el6_10
tomcat6-el-2.1-api	6.0.24-115.el6_10
tomcat6-javadoc	6.0.24-115.el6_10
tomcat6-jsp-2.1-api	6.0.24-115.el6_10
tomcat6-lib	6.0.24-115.el6_10
tomcat6-servlet-2.5-api	6.0.24-115.el6_10
tomcat6-webapps	6.0.24-115.el6_10
tomcatjss	2.1.0-4.el6
totem	2.28.6-4.el6
totem-devel	2.28.6-4.el6
totem-jamendo	2.28.6-4.el6
totem-mozplugin	2.28.6-4.el6
totem-nautilus	2.28.6-4.el6
totem-pl-parser	2.28.3-1.el6
totem-pl-parser-devel	2.28.3-1.el6
totem-upnp	2.28.6-4.el6
totem-youtube	2.28.6-4.el6
tpm-tools	1.3.4-2.el6
tpm-tools-devel	1.3.4-2.el6
tpm-tools-pkcs11	1.3.4-2.el6
trace-cmd	2.2.4-4.el6
traceroute	2.0.14-2.el6
transfig	3.2.5-10.el6
tree	1.5.3-3.el6
trilead-ssh2	213-6.2.el6
trilead-ssh2-javadoc	213-6.2.el6
trousers	0.3.13-2.el6
trousers-devel	0.3.13-2.el6
trousers-static	0.3.13-2.el6
tsclient	2.0.2-10.el6
tsclient-devel	2.0.2-10.el6
ttmkfdir	3.0.9-32.1.el6
tuna	0.12-3.el6
tunctl	1.5-3.el6
tuned	0.2.19-18.el6
tuned-profiles-oracle	0.2.19-18.el6
tuned-utils	0.2.19-18.el6
tzdata	2020d-1.el6
tzdata-java	2020d-1.el6
udev	147-2.74.el6_10
udftools	1.0.0b3-12.el6
udisks	1.0.1-11.el6
udisks-devel	1.0.1-11.el6
udisks-devel-docs	1.0.1-11.el6
un-core-batang-fonts	1.0.2-0.15.080608.el6
un-core-dinaru-fonts	1.0.2-0.15.080608.el6
un-core-dotum-fonts	1.0.2-0.15.080608.el6
un-core-fonts-common	1.0.2-0.15.080608.el6
un-core-graphic-fonts	1.0.2-0.15.080608.el6
un-core-gungseo-fonts	1.0.2-0.15.080608.el6
un-core-pilgi-fonts	1.0.2-0.15.080608.el6
unbound	1.4.20-29.el6_10.1
unbound-devel	1.4.20-29.el6_10.1
unbound-libs	1.4.20-29.el6_10.1
unbound-python	1.4.20-29.el6_10.1
unicap	0.9.5-7.el6
unicap-devel	0.9.5-7.el6
unique	1.1.4-2.el6
unique-devel	1.1.4-2.el6
units	1.87-7.el6
unix2dos	2.2-35.el6
unixODBC	2.2.14-14.el6
unixODBC-devel	2.2.14-14.el6
unixODBC-kde	2.2.14-14.el6
unzip	6.0-5.el6
upstart	0.6.5-17.el6
urlview	0.9-7.el6
urw-fonts	2.4-11.el6
usbmuxd	1.0.2-1.el6
usbmuxd-devel	1.0.2-1.el6
usbredir	0.5.1-3.el6
usbredir-devel	0.5.1-3.el6
usbredir-server	0.5.1-3.el6
usbutils	003-6.el6
usermode	1.102-3.el6
usermode-gtk	1.102-3.el6
ustr	1.0.4-9.1.el6
ustr-debug	1.0.4-9.1.el6
ustr-debug-static	1.0.4-9.1.el6
ustr-devel	1.0.4-9.1.el6
ustr-static	1.0.4-9.1.el6
util-linux-ng	2.17.2-12.28.el6_9.2
uuid	1.6.1-10.el6
uuid-c++	1.6.1-10.el6
uuid-c++-devel	1.6.1-10.el6
uuid-dce	1.6.1-10.el6
uuid-dce-devel	1.6.1-10.el6
uuid-devel	1.6.1-10.el6
uuid-perl	1.6.1-10.el6
uuid-pgsql	1.6.1-10.el6
uuid-php	1.6.1-10.el6
uuidd	2.17.2-12.28.el6_9.2
valgrind	3.8.1-9.el6
valgrind-devel	3.8.1-9.el6
valgrind-openmpi	3.8.1-9.el6
vconfig	1.9-8.1.el6
velocity	1.4-10.7.el6
velocity-demo	1.4-10.7.el6
velocity-javadoc	1.4-10.7.el6
velocity-manual	1.4-10.7.el6
vemana2000-fonts	1.1.2-3.el6
vgabios	0.6b-3.8.el6
vigra	1.6.0-2.1.el6
vigra-devel	1.6.0-2.1.el6
vim-X11	7.4.629-5.el6_10.2
vim-common	7.4.629-5.el6_10.2
vim-enhanced	7.4.629-5.el6_10.2
vim-filesystem	7.4.629-5.el6_10.2
vim-minimal	7.4.629-5.el6_10.2
vinagre	2.28.1-12.el6
vinagre-devel	2.28.1-12.el6
vino	2.28.1-10.el6
vios-proxy-doc	0.2-1.el6
vios-proxy-guest	0.2-1.el6
vios-proxy-host	0.2-1.el6
virt-manager	0.9.0-34.el6
virt-p2v	0.9.1-2.20130730.1.el6.centos
virt-top	1.0.4-3.15.el6
virt-v2v	0.9.1-5.el6_5
virt-viewer	2.0-18.el6
virt-what	1.11-1.3.el6
vlgothic-fonts	20091202-2.el6
vlgothic-fonts-common	20091202-2.el6
vlgothic-p-fonts	20091202-2.el6
vlock	1.3-31.el6
voikko-tools	2.2.2-1.el6
volume_key	0.3.1-5.el6
volume_key-devel	0.3.1-5.el6
volume_key-libs	0.3.1-5.el6
vorbis-tools	1.2.0-7.el6
vsftpd	2.2.2-24.el6
vte	0.25.1-10.el6_9
vte-devel	0.25.1-10.el6_9
w3m	0.5.2-19.el6
w3m-img	0.5.2-19.el6
wacomexpresskeys	0.4.2-3.el6
watchdog	5.6-5.el6
wavpack	4.60-1.1.el6
wavpack-devel	4.60-1.1.el6
wdaemon	0.17-5.el6
webalizer	2.21_02-3.3.el6
webkitgtk	1.4.3-9.el6_6
webkitgtk-devel	1.4.3-9.el6_6
webkitgtk-doc	1.4.3-9.el6_6
werken-xpath	0.9.4-4.beta.12.6.el6
werken-xpath-javadoc	0.9.4-4.beta.12.6.el6
wget	1.12-10.el6
which	2.19-6.el6
wireless-tools	29-6.el6
wireless-tools-devel	29-6.el6
wireshark	1.8.10-25.el6
wireshark-devel	1.8.10-25.el6
wireshark-gnome	1.8.10-25.el6
wodim	1.1.9-12.el6
wordnet	3.0-14.el6
wordnet-devel	3.0-14.el6
words	3.0-17.el6
wpa_supplicant	0.7.3-9.el6_9.2
wqy-zenhei-fonts	0.9.45-3.el6
wqy-zenhei-fonts-common	0.9.45-3.el6
ws-commons-util	1.0.1-13.el6
ws-commons-util-javadoc	1.0.1-13.el6
ws-jaxme	0.5.1-4.6.el6
ws-jaxme-javadoc	0.5.1-4.6.el6
ws-jaxme-manual	0.5.1-4.6.el6
wsdl4j	1.5.2-7.8.el6
wsdl4j-javadoc	1.5.2-7.8.el6
wsmancli	2.2.3-2.el6
wvdial	1.60-12.el6
x3270	3.3.15-2.el6
x3270-text	3.3.15-2.el6
x3270-x11	3.3.15-2.el6
x86info	1.25-1.32.el6
xalan-j2	2.7.0-9.9.el6_5
xalan-j2-demo	2.7.0-9.9.el6_5
xalan-j2-javadoc	2.7.0-9.9.el6_5
xalan-j2-manual	2.7.0-9.9.el6_5
xalan-j2-xsltc	2.7.0-9.9.el6_5
xcb-proto	1.12-1.el6
xcb-util	0.4.0-2.2.el6
xcb-util-devel	0.4.0-2.2.el6
xcb-util-image	0.4.0-3.el6
xcb-util-image-devel	0.4.0-3.el6
xcb-util-keysyms	0.4.0-1.el6
xcb-util-keysyms-devel	0.4.0-1.el6
xcb-util-renderutil	0.3.9-3.el6
xcb-util-renderutil-devel	0.3.9-3.el6
xcb-util-wm	0.4.1-5.el6
xcb-util-wm-devel	0.4.1-5.el6
xchat	2.8.8-1.el6
xchat-tcl	2.8.8-1.el6
xdelta	1.1.4-8.el6
xdelta-devel	1.1.4-8.el6
xdg-user-dirs	0.12-4.el6
xdg-user-dirs-gtk	0.8-7.el6
xdg-utils	1.0.2-17.20091016cvs.el6
xdoclet	1.2.3-11.6.el6
xdoclet-javadoc	1.2.3-11.6.el6
xdoclet-manual	1.2.3-11.6.el6
xdvipdfmx	0.4-5.1.el6
xerces-c	3.0.1-21.el6_10
xerces-c-devel	3.0.1-21.el6_10
xerces-c-doc	3.0.1-21.el6_10
xerces-j2	2.7.1-12.7.el6_5
xerces-j2-demo	2.7.1-12.7.el6_5
xerces-j2-javadoc-apis	2.7.1-12.7.el6_5
xerces-j2-javadoc-impl	2.7.1-12.7.el6_5
xerces-j2-javadoc-other	2.7.1-12.7.el6_5
xerces-j2-javadoc-xni	2.7.1-12.7.el6_5
xerces-j2-scripts	2.7.1-12.7.el6_5
xferstats	2.16-21.el6
xfig	3.2.5-23.a.el6
xfig-common	3.2.5-23.a.el6
xfig-plain	3.2.5-23.a.el6
xfsdump	3.0.4-4.el6_6.1
xfsprogs	3.1.1-20.el6
xfsprogs-devel	3.1.1-20.el6
xfsprogs-qa-devel	3.1.1-20.el6
xguest	1.0.9-5.el6
xhtml1-dtds	1.0-20020801.7
xhtml2fo-style-xsl	20051222-4.1.el6
xhtml2ps	1.0-0.4.b5.el6
xinetd	2.3.14-40.el6
xisdnload	3.2-75.el6
xjavadoc	1.1-7.7.el6
xjavadoc-javadoc	1.1-7.7.el6
xkeyboard-config	2.16-1.el6
xkeyboard-config-devel	2.16-1.el6
xml-common	0.6.3-33.el6
xml-commons-apis	1.3.04-3.6.el6
xml-commons-apis-javadoc	1.3.04-3.6.el6
xml-commons-apis-manual	1.3.04-3.6.el6
xml-commons-resolver	1.1-4.18.el6
xml-commons-resolver-javadoc	1.1-4.18.el6
xmldb-api	0.1-0.4.20011111cvs.1.5.el6
xmldb-api-javadoc	0.1-0.4.20011111cvs.1.5.el6
xmldb-api-sdk	0.1-0.4.20011111cvs.1.5.el6
xmlgraphics-commons	1.3.1-1.2.el6
xmlgraphics-commons-javadoc	1.3.1-1.2.el6
xmlrpc-c	1.16.24-1210.1840.el6
xmlrpc-c-apps	1.16.24-1210.1840.el6
xmlrpc-c-c++	1.16.24-1210.1840.el6
xmlrpc-c-client	1.16.24-1210.1840.el6
xmlrpc-c-client++	1.16.24-1210.1840.el6
xmlrpc-c-devel	1.16.24-1210.1840.el6
xmlrpc3-client	3.0-4.17.el6_9
xmlrpc3-client-devel	3.0-4.17.el6_9
xmlrpc3-common	3.0-4.17.el6_9
xmlrpc3-common-devel	3.0-4.17.el6_9
xmlrpc3-javadoc	3.0-4.17.el6_9
xmlrpc3-server	3.0-4.17.el6_9
xmlrpc3-server-devel	3.0-4.17.el6_9
xmlsec1	1.2.20-4.el6
xmlsec1-devel	1.2.20-4.el6
xmlsec1-gcrypt	1.2.20-4.el6
xmlsec1-gcrypt-devel	1.2.20-4.el6
xmlsec1-gnutls	1.2.20-4.el6
xmlsec1-gnutls-devel	1.2.20-4.el6
xmlsec1-nss	1.2.20-4.el6
xmlsec1-nss-devel	1.2.20-4.el6
xmlsec1-openssl	1.2.20-4.el6
xmlsec1-openssl-devel	1.2.20-4.el6
xmltex	20020625-16.el6
xmlto	0.0.23-3.el6
xmlto-tex	0.0.23-3.el6
xmlto-xhtml	0.0.23-3.el6
xmltoman	0.4-4.el6
xorg-sgml-doctools	1.1.1-4.1.el6
xorg-x11-apps	7.7-6.el6
xorg-x11-docs	1.3-6.1.el6
xorg-x11-drivers	7.3-13.4.el6
xorg-x11-drv-acecad	1.5.0-8.el6
xorg-x11-drv-aiptek	1.4.1-6.el6
xorg-x11-drv-apm	1.2.5-11.el6
xorg-x11-drv-ast	1.1.5-1.el6
xorg-x11-drv-ati	7.6.1-4.el6
xorg-x11-drv-ati-firmware	7.6.1-4.el6
xorg-x11-drv-cirrus	1.5.3-1.el6
xorg-x11-drv-dummy	0.3.6-16.el6
xorg-x11-drv-elographics	1.4.1-4.el6
xorg-x11-drv-evdev	2.9.2-1.el6
xorg-x11-drv-evdev-devel	2.9.2-1.el6
xorg-x11-drv-fbdev	0.4.3-17.el6
xorg-x11-drv-fpit	1.4.0-7.el6
xorg-x11-drv-glint	1.2.8-11.el6
xorg-x11-drv-hyperpen	1.4.1-6.el6
xorg-x11-drv-i128	1.3.6-11.el6
xorg-x11-drv-i740	1.3.4-12.el6
xorg-x11-drv-intel	2.99.917-0.4.20151111.el6
xorg-x11-drv-intel-devel	2.99.917-0.4.20151111.el6
xorg-x11-drv-keyboard	1.8.1-1.el6
xorg-x11-drv-mach64	6.9.5-1.el6
xorg-x11-drv-mga	1.6.3-12.el6
xorg-x11-drv-mouse	1.9.1-1.el6
xorg-x11-drv-mouse-devel	1.9.1-1.el6
xorg-x11-drv-mutouch	1.3.0-6.el6
xorg-x11-drv-nouveau	1.0.12-1.el6
xorg-x11-drv-nv	2.1.20-6.el6
xorg-x11-drv-openchrome	0.3.3-7.el6
xorg-x11-drv-openchrome-devel	0.3.3-7.el6
xorg-x11-drv-penmount	1.5.0-6.el6
xorg-x11-drv-qxl	0.1.1-19.el6
xorg-x11-drv-r128	6.10.0-1.el6
xorg-x11-drv-rendition	4.2.6-1.el6
xorg-x11-drv-s3virge	1.10.7-1.el6
xorg-x11-drv-savage	2.3.7-3.el6
xorg-x11-drv-siliconmotion	1.7.8-1.el6
xorg-x11-drv-sis	0.10.8-1.el6
xorg-x11-drv-sisusb	0.9.6-11.el6
xorg-x11-drv-synaptics	1.8.3-1.el6
xorg-x11-drv-synaptics-devel	1.8.3-1.el6
xorg-x11-drv-tdfx	1.4.6-1.el6
xorg-x11-drv-trident	1.3.6-11.el6
xorg-x11-drv-v4l	0.2.0-37.el6
xorg-x11-drv-vesa	2.3.4-1.el6
xorg-x11-drv-vmmouse	13.1.0-1.el6
xorg-x11-drv-vmware	13.1.0-2.el6
xorg-x11-drv-void	1.4.1-1.el6
xorg-x11-drv-voodoo	1.2.5-11.el6
xorg-x11-drv-wacom	0.32.0-1.el6
xorg-x11-drv-wacom-devel	0.32.0-1.el6
xorg-x11-drv-xgi	1.6.1-1.el6
xorg-x11-font-utils	7.2-11.el6
xorg-x11-fonts-100dpi	7.2-11.el6
xorg-x11-fonts-75dpi	7.2-11.el6
xorg-x11-fonts-ISO8859-1-100dpi	7.2-11.el6
xorg-x11-fonts-ISO8859-1-75dpi	7.2-11.el6
xorg-x11-fonts-ISO8859-14-100dpi	7.2-11.el6
xorg-x11-fonts-ISO8859-14-75dpi	7.2-11.el6
xorg-x11-fonts-ISO8859-15-100dpi	7.2-11.el6
xorg-x11-fonts-ISO8859-15-75dpi	7.2-11.el6
xorg-x11-fonts-ISO8859-2-100dpi	7.2-11.el6
xorg-x11-fonts-ISO8859-2-75dpi	7.2-11.el6
xorg-x11-fonts-ISO8859-9-100dpi	7.2-11.el6
xorg-x11-fonts-ISO8859-9-75dpi	7.2-11.el6
xorg-x11-fonts-Type1	7.2-11.el6
xorg-x11-fonts-cyrillic	7.2-11.el6
xorg-x11-fonts-ethiopic	7.2-11.el6
xorg-x11-fonts-misc	7.2-11.el6
xorg-x11-proto-devel	7.7-14.el6
xorg-x11-server-Xdmx	1.17.4-18.el6.centos
xorg-x11-server-Xephyr	1.17.4-18.el6.centos
xorg-x11-server-Xnest	1.17.4-18.el6.centos
xorg-x11-server-Xorg	1.17.4-18.el6.centos
xorg-x11-server-Xvfb	1.17.4-18.el6.centos
xorg-x11-server-common	1.17.4-18.el6.centos
xorg-x11-server-devel	1.17.4-18.el6.centos
xorg-x11-server-source	1.17.4-18.el6.centos
xorg-x11-server-utils	7.7-14.el6
xorg-x11-twm	1.0.3-5.1.el6
xorg-x11-util-macros	1.19.0-3.el6
xorg-x11-utils	7.5-14.el6
xorg-x11-xauth	1.0.9-1.el6
xorg-x11-xbitmaps	1.0.1-9.1.el6
xorg-x11-xdm	1.1.6-14.1.el6
xorg-x11-xinit	1.0.9-14.el6
xorg-x11-xinit-session	1.0.9-14.el6
xorg-x11-xkb-extras	7.7-12.el6
xorg-x11-xkb-utils	7.7-12.el6
xorg-x11-xkb-utils-devel	7.7-12.el6
xorg-x11-xtrans-devel	1.3.5-1.el6
xqilla	2.2.3-8.el6
xqilla-devel	2.2.3-8.el6
xqilla-doc	2.2.3-8.el6
xrestop	0.4-7.1.el6
xsane	0.997-8.el6
xsane-common	0.997-8.el6
xsane-gimp	0.997-8.el6
xsettings-kde	0.11-1.el6
xterm	253-1.el6
xulrunner	17.0.10-1.el6.centos
xulrunner-devel	17.0.10-1.el6.centos
xvattr	1.3-18.el6
xz	4.999.9-0.5.beta.20091007git.el6
xz-devel	4.999.9-0.5.beta.20091007git.el6
xz-libs	4.999.9-0.5.beta.20091007git.el6
xz-lzma-compat	4.999.9-0.5.beta.20091007git.el6
yajl	1.0.7-3.el6
yajl-devel	1.0.7-3.el6
yap	5.1.3-2.1.el6
yap-devel	5.1.3-2.1.el6
yap-docs	5.1.3-2.1.el6
yelp	2.28.1-17.el6_3
yp-tools	2.9-12.el6
ypbind	1.20.4-33.el6
ypserv	2.19-32.el6_10
yum	3.2.29-81.el6.centos.0.1
yum-NetworkManager-dispatcher	1.1.30-42.el6_10
yum-cron	3.2.29-81.el6.centos.0.1
yum-metadata-parser	1.1.2-16.el6
yum-plugin-aliases	1.1.30-42.el6_10
yum-plugin-auto-update-debug-info	1.1.30-42.el6_10
yum-plugin-changelog	1.1.30-42.el6_10
yum-plugin-fastestmirror	1.1.30-42.el6_10
yum-plugin-filter-data	1.1.30-42.el6_10
yum-plugin-fs-snapshot	1.1.30-42.el6_10
yum-plugin-keys	1.1.30-42.el6_10
yum-plugin-list-data	1.1.30-42.el6_10
yum-plugin-local	1.1.30-42.el6_10
yum-plugin-merge-conf	1.1.30-42.el6_10
yum-plugin-ovl	1.1.30-42.el6_10
yum-plugin-post-transaction-actions	1.1.30-42.el6_10
yum-plugin-priorities	1.1.30-42.el6_10
yum-plugin-protectbase	1.1.30-42.el6_10
yum-plugin-ps	1.1.30-42.el6_10
yum-plugin-remove-with-leaves	1.1.30-42.el6_10
yum-plugin-rpm-warm-cache	1.1.30-42.el6_10
yum-plugin-security	1.1.30-42.el6_10
yum-plugin-show-leaves	1.1.30-42.el6_10
yum-plugin-tmprepo	1.1.30-42.el6_10
yum-plugin-tsflags	1.1.30-42.el6_10
yum-plugin-upgrade-helper	1.1.30-42.el6_10
yum-plugin-verify	1.1.30-42.el6_10
yum-plugin-versionlock	1.1.30-42.el6_10
yum-presto	0.6.2-1.el6
yum-updateonboot	1.1.30-42.el6_10
yum-utils	1.1.30-42.el6_10
zd1211-firmware	1.4-4.el6
zenity	2.28.0-1.el6
zip	3.0-1.el6_7.1
zlib	1.2.3-29.el6
zlib-devel	1.2.3-29.el6
zlib-static	1.2.3-29.el6
zsh	4.3.11-11.el6_10
zsh-html	4.3.11-11.el6_10
